it t_over_Tref energy enstrophy
0 0 0.001875 1.97132e-05
1 0.001 0.00187684 3.09337e-05
2 0.002 0.00187451 3.21469e-05
3 0.003 0.00186302 3.2738e-05
4 0.004 0.00185616 3.30759e-05
5 0.005 0.00184146 3.32492e-05
6 0.006 0.0018317 3.34087e-05
7 0.007 0.00181453 3.34602e-05
8 0.008 0.00180245 3.35288e-05
9 0.009 0.00178349 3.35289e-05
10 0.01 0.00176979 3.35435e-05
11 0.011 0.00174982 3.35374e-05
12 0.012 0.00173531 3.35492e-05
13 0.013 0.0017151 3.34891e-05
14 0.014 0.00170053 3.35311e-05
15 0.015 0.00168091 3.34732e-05
16 0.016 0.00166709 3.34512e-05
17 0.017 0.00164891 3.34279e-05
18 0.018 0.00163659 3.34095e-05
19 0.019 0.00162052 3.33255e-05
20 0.02 0.00161036 3.33352e-05
21 0.021 0.00159694 3.3277e-05
22 0.022 0.00158938 3.32729e-05
23 0.023 0.00157913 3.323e-05
24 0.024 0.00157455 3.32102e-05
25 0.025 0.00156764 3.31279e-05
26 0.026 0.00156617 3.31191e-05
27 0.027 0.0015626 3.30368e-05
28 0.028 0.00156414 3.30272e-05
29 0.029 0.00156377 3.2975e-05
30 0.03 0.00156807 3.29547e-05
31 0.031 0.00157049 3.28995e-05
32 0.032 0.00157706 3.28829e-05
33 0.033 0.00158174 3.28244e-05
34 0.034 0.00158996 3.28006e-05
35 0.035 0.00159622 3.27593e-05
36 0.036 0.00160546 3.27404e-05
37 0.037 0.00161248 3.2686e-05
38 0.038 0.0016219 3.26505e-05
39 0.039 0.00162896 3.26204e-05
40 0.04 0.00163779 3.25938e-05
41 0.041 0.00164405 3.25328e-05
42 0.042 0.00165159 3.25246e-05
43 0.043 0.00165636 3.24857e-05
44 0.044 0.00166195 3.24542e-05
45 0.045 0.0016646 3.24283e-05
46 0.046 0.00166777 3.24159e-05
47 0.047 0.00166782 3.23792e-05
48 0.048 0.00166821 3.23463e-05
49 0.049 0.00166543 3.2271e-05
50 0.05 0.00166287 3.2267e-05
51 0.051 0.00165715 3.22204e-05
52 0.052 0.00165167 3.22151e-05
53 0.053 0.0016431 3.2179e-05
54 0.054 0.00163492 3.21526e-05
55 0.055 0.00162381 3.21277e-05
56 0.056 0.00161327 3.2108e-05
57 0.057 0.00159998 3.20695e-05
58 0.058 0.00158763 3.20329e-05
59 0.059 0.0015727 3.20055e-05
60 0.06 0.00155916 3.19768e-05
61 0.061 0.00154328 3.19353e-05
62 0.062 0.00152914 3.18993e-05
63 0.063 0.00151291 3.18514e-05
64 0.064 0.00149896 3.18462e-05
65 0.065 0.00148309 3.17635e-05
66 0.066 0.00146992 3.17699e-05
67 0.067 0.00145508 3.17183e-05
68 0.068 0.00144333 3.16952e-05
69 0.069 0.00142999 3.16139e-05
70 0.07 0.00142022 3.16128e-05
71 0.071 0.00140889 3.15412e-05
72 0.072 0.00140145 3.15215e-05
73 0.073 0.00139249 3.14755e-05
74 0.074 0.00138764 3.14564e-05
75 0.075 0.00138124 3.14054e-05
76 0.076 0.00137915 3.13869e-05
77 0.077 0.00137529 3.13157e-05
78 0.078 0.00137589 3.13088e-05
79 0.079 0.00137453 3.12398e-05
80 0.08 0.00137763 3.11976e-05
81 0.081 0.00137854 3.11546e-05
82 0.082 0.00138381 3.11449e-05
83 0.083 0.00138654 3.10728e-05
84 0.084 0.00139355 3.10692e-05
85 0.085 0.00139764 3.10114e-05
86 0.086 0.00140578 3.09641e-05
87 0.087 0.00141067 3.09252e-05
88 0.088 0.00141935 3.09045e-05
89 0.089 0.00142438 3.08586e-05
90 0.09 0.00143295 3.07952e-05
91 0.091 0.00143754 3.07783e-05
92 0.092 0.00144535 3.07374e-05
93 0.093 0.00144881 3.06972e-05
94 0.094 0.00145529 3.06982e-05
95 0.095 0.0014571 3.06373e-05
96 0.096 0.00146166 3.06217e-05
97 0.097 0.00146137 3.05521e-05
98 0.098 0.00146361 3.05277e-05
99 0.099 0.00146092 3.0483e-05
100 0.1 0.0014606 3.04775e-05
101 0.101 0.00145533 3.04322e-05
102 0.102 0.0014523 3.04049e-05
103 0.103 0.00144444 3.03614e-05
104 0.104 0.00143884 3.03413e-05
105 0.105 0.00142854 3.03015e-05
106 0.106 0.00142062 3.02909e-05
107 0.107 0.00140827 3.02511e-05
108 0.108 0.00139834 3.02167e-05
109 0.109 0.0013844 3.01768e-05
110 0.11 0.00137307 3.01633e-05
111 0.111 0.00135809 3.009e-05
112 0.112 0.00134598 3.01341e-05
113 0.113 0.00133061 3.00604e-05
114 0.114 0.00131827 3.0002e-05
115 0.115 0.00130322 3.00061e-05
116 0.116 0.00129141 2.99529e-05
117 0.117 0.00127731 2.99358e-05
118 0.118 0.00126662 2.98957e-05
119 0.119 0.0012541 2.98389e-05
120 0.12 0.00124507 2.98443e-05
121 0.121 0.00123456 2.98025e-05
122 0.122 0.00122767 2.98103e-05
123 0.123 0.00121951 2.97516e-05
124 0.124 0.00121494 2.9742e-05
125 0.125 0.00120935 2.96915e-05
126 0.126 0.00120727 2.96746e-05
127 0.127 0.00120429 2.96012e-05
128 0.128 0.00120465 2.95952e-05
129 0.129 0.00120415 2.9562e-05
130 0.13 0.00120674 2.95502e-05
131 0.131 0.00120842 2.94689e-05
132 0.132 0.0012129 2.9466e-05
133 0.133 0.00121641 2.94406e-05
134 0.134 0.00122232 2.9407e-05
135 0.135 0.00122706 2.93382e-05
136 0.136 0.00123391 2.93183e-05
137 0.137 0.00123939 2.9283e-05
138 0.138 0.00124653 2.92479e-05
139 0.139 0.0012521 2.92044e-05
140 0.14 0.00125889 2.91586e-05
141 0.141 0.00126395 2.91185e-05
142 0.142 0.00126987 2.90901e-05
143 0.143 0.00127384 2.909e-05
144 0.144 0.00127833 2.90623e-05
145 0.145 0.00128067 2.89974e-05
146 0.146 0.00128331 2.89912e-05
147 0.147 0.00128369 2.89682e-05
148 0.148 0.00128415 2.89282e-05
149 0.149 0.00128232 2.887e-05
150 0.15 0.00128041 2.88404e-05
151 0.151 0.0012762 2.88178e-05
152 0.152 0.00127193 2.88376e-05
153 0.153 0.0012654 2.8773e-05
154 0.154 0.00125886 2.8756e-05
155 0.155 0.00125017 2.87174e-05
156 0.156 0.00124159 2.86651e-05
157 0.157 0.0012311 2.8641e-05
158 0.158 0.00122095 2.86339e-05
159 0.159 0.00120906 2.85916e-05
160 0.16 0.00119774 2.85495e-05
161 0.161 0.00118497 2.85359e-05
162 0.162 0.00117308 2.84924e-05
163 0.163 0.00115993 2.84637e-05
164 0.164 0.00114806 2.84033e-05
165 0.165 0.00113517 2.83924e-05
166 0.166 0.00112387 2.83841e-05
167 0.167 0.00111177 2.83393e-05
168 0.168 0.00110157 2.82923e-05
169 0.169 0.0010907 2.82617e-05
170 0.17 0.00108207 2.82507e-05
171 0.171 0.00107291 2.82178e-05
172 0.172 0.00106617 2.81716e-05
173 0.173 0.00105897 2.81262e-05
174 0.174 0.00105437 2.80771e-05
175 0.175 0.00104934 2.80438e-05
176 0.176 0.00104705 2.80516e-05
177 0.177 0.00104417 2.80122e-05
178 0.178 0.0010441 2.79729e-05
179 0.179 0.00104332 2.79345e-05
180 0.18 0.00104529 2.78817e-05
181 0.181 0.00104639 2.78393e-05
182 0.182 0.00105018 2.78436e-05
183 0.183 0.00105283 2.77834e-05
184 0.184 0.001058 2.77676e-05
185 0.185 0.00106175 2.7695e-05
186 0.186 0.00106788 2.76804e-05
187 0.187 0.00107226 2.766e-05
188 0.188 0.00107872 2.75892e-05
189 0.189 0.00108321 2.75652e-05
190 0.19 0.0010896 2.75484e-05
191 0.191 0.00109363 2.75286e-05
192 0.192 0.00109934 2.74539e-05
193 0.193 0.00110245 2.74379e-05
194 0.194 0.00110699 2.74098e-05
195 0.195 0.00110874 2.73905e-05
196 0.196 0.00111176 2.73487e-05
197 0.197 0.0011118 2.73191e-05
198 0.198 0.00111299 2.72688e-05
199 0.199 0.0011111 2.72168e-05
200 0.2 0.00111028 2.71962e-05
201 0.201 0.00110639 2.71768e-05
202 0.202 0.00110357 2.71663e-05
203 0.203 0.0010977 2.71091e-05
204 0.204 0.00109294 2.71193e-05
205 0.205 0.0010853 2.7055e-05
206 0.206 0.00107886 2.70464e-05
207 0.207 0.00106973 2.69864e-05
208 0.208 0.00106193 2.69791e-05
209 0.209 0.0010517 2.69387e-05
210 0.21 0.00104293 2.69226e-05
211 0.211 0.00103201 2.68958e-05
212 0.212 0.00102272 2.68632e-05
213 0.213 0.00101164 2.68422e-05
214 0.214 0.00100226 2.67974e-05
215 0.215 0.000991459 2.68201e-05
216 0.216 0.000982521 2.67715e-05
217 0.217 0.000972329 2.6701e-05
218 0.218 0.000964248 2.6725e-05
219 0.219 0.000955149 2.66712e-05
220 0.22 0.000948185 2.66635e-05
221 0.221 0.000940476 2.66491e-05
222 0.222 0.000934913 2.66077e-05
223 0.223 0.00092882 2.66107e-05
224 0.224 0.000924866 2.65717e-05
225 0.225 0.000920487 2.6564e-05
226 0.226 0.000918212 2.65312e-05
227 0.227 0.000915556 2.64731e-05
228 0.228 0.000914947 2.64468e-05
229 0.229 0.000914047 2.64555e-05
230 0.23 0.000915011 2.64369e-05
231 0.231 0.000915614 2.64165e-05
232 0.232 0.000917953 2.64029e-05
233 0.233 0.000919875 2.63304e-05
234 0.234 0.00092336 2.63355e-05
235 0.235 0.000926332 2.63212e-05
236 0.236 0.000930582 2.62902e-05
237 0.237 0.000934222 2.62616e-05
238 0.238 0.000938899 2.62228e-05
239 0.239 0.000942838 2.62134e-05
240 0.24 0.00094758 2.62075e-05
241 0.241 0.000951379 2.6162e-05
242 0.242 0.000955748 2.61453e-05
243 0.243 0.000958983 2.61096e-05
244 0.244 0.000962605 2.61064e-05
245 0.245 0.000964904 2.60431e-05
246 0.246 0.000967419 2.60247e-05
247 0.247 0.000968526 2.59696e-05
248 0.248 0.000969653 2.5966e-05
249 0.249 0.000969271 2.59314e-05
250 0.25 0.000968784 2.59003e-05
251 0.251 0.00096675 2.58378e-05
252 0.252 0.000964591 2.58382e-05
253 0.253 0.000960861 2.57954e-05
254 0.254 0.00095696 2.57683e-05
255 0.255 0.000951513 2.57197e-05
256 0.256 0.000946044 2.57191e-05
257 0.257 0.000939068 2.5677e-05
258 0.258 0.000932153 2.56619e-05
259 0.259 0.00092389 2.56207e-05
260 0.26 0.000915845 2.56221e-05
261 0.261 0.000906571 2.55368e-05
262 0.262 0.000897728 2.55302e-05
263 0.263 0.000887885 2.5493e-05
264 0.264 0.000878623 2.54468e-05
265 0.265 0.000868578 2.54456e-05
266 0.266 0.000859343 2.53709e-05
267 0.267 0.000849495 2.53479e-05
268 0.268 0.000840732 2.53369e-05
269 0.269 0.000831518 2.52946e-05
270 0.27 0.000823579 2.52633e-05
271 0.271 0.000815371 2.52367e-05
272 0.272 0.000808611 2.5188e-05
273 0.273 0.000801692 2.51953e-05
274 0.274 0.000796361 2.51595e-05
275 0.275 0.000790932 2.51174e-05
276 0.276 0.000787232 2.50564e-05
277 0.277 0.000783484 2.5052e-05
278 0.278 0.000781473 2.50019e-05
279 0.279 0.000779386 2.49691e-05
280 0.28 0.000779097 2.49587e-05
281 0.281 0.000778629 2.49171e-05
282 0.282 0.000779919 2.48866e-05
283 0.283 0.000780913 2.48426e-05
284 0.284 0.000783628 2.48357e-05
285 0.285 0.000785863 2.47876e-05
286 0.286 0.000789646 2.47799e-05
287 0.287 0.000792819 2.47271e-05
288 0.288 0.000797381 2.47171e-05
289 0.289 0.000801109 2.46843e-05
290 0.29 0.000806053 2.46395e-05
291 0.291 0.000809972 2.46398e-05
292 0.292 0.000814893 2.46358e-05
293 0.293 0.000818539 2.45844e-05
294 0.294 0.000823026 2.4555e-05
295 0.295 0.000826042 2.45481e-05
296 0.296 0.000829722 2.45138e-05
297 0.297 0.000831768 2.44819e-05
298 0.298 0.000834322 2.44493e-05
299 0.299 0.000835086 2.44243e-05
300 0.3 0.000836222 2.44169e-05
301 0.301 0.000835504 2.43912e-05
302 0.302 0.000835133 2.43656e-05
303 0.303 0.000832857 2.43595e-05
304 0.304 0.000830863 2.43528e-05
305 0.305 0.000826961 2.4291e-05
306 0.306 0.000823394 2.42725e-05
307 0.307 0.000818041 2.42566e-05
308 0.308 0.000813062 2.42184e-05
309 0.309 0.000806398 2.42384e-05
310 0.31 0.000800191 2.41847e-05
311 0.311 0.000792465 2.41675e-05
312 0.312 0.00078535 2.41371e-05
313 0.313 0.000776907 2.41096e-05
314 0.314 0.000769263 2.41118e-05
315 0.315 0.000760482 2.40958e-05
316 0.316 0.000752611 2.40664e-05
317 0.317 0.000743873 2.40733e-05
318 0.318 0.000736185 2.40518e-05
319 0.319 0.000727803 2.39993e-05
320 0.32 0.000720696 2.40013e-05
321 0.321 0.000713051 2.39596e-05
322 0.322 0.000706777 2.3949e-05
323 0.323 0.000700253 2.39634e-05
324 0.324 0.000695142 2.39245e-05
325 0.325 0.000689896 2.38938e-05
326 0.326 0.000686124 2.38725e-05
327 0.327 0.000682349 2.38747e-05
328 0.328 0.000680105 2.3875e-05
329 0.329 0.000677865 2.38144e-05
330 0.33 0.000677125 2.379e-05
331 0.331 0.000676475 2.37572e-05
332 0.332 0.000677281 2.37721e-05
333 0.333 0.000678092 2.37246e-05
334 0.334 0.000680199 2.36844e-05
335 0.335 0.000682313 2.36571e-05
336 0.336 0.000685625 2.36593e-05
337 0.337 0.000688779 2.36431e-05
338 0.338 0.000692878 2.36238e-05
339 0.339 0.00069671 2.35962e-05
340 0.34 0.000701301 2.35504e-05
341 0.341 0.000705486 2.35271e-05
342 0.342 0.000710144 2.35324e-05
343 0.343 0.000714218 2.34514e-05
344 0.344 0.000718573 2.34552e-05
345 0.345 0.000722119 2.34121e-05
346 0.346 0.000725781 2.34234e-05
347 0.347 0.000728463 2.33861e-05
348 0.348 0.000731027 2.33727e-05
349 0.349 0.000732546 2.33405e-05
350 0.35 0.000733714 2.33003e-05
351 0.351 0.000733771 2.32711e-05
352 0.352 0.000733442 2.32611e-05
353 0.353 0.000731918 2.3247e-05
354 0.354 0.00072996 2.32209e-05
355 0.355 0.000726792 2.3184e-05
356 0.356 0.000723204 2.31595e-05
357 0.357 0.000718498 2.31204e-05
358 0.358 0.000713464 2.31056e-05
359 0.359 0.000707374 2.30815e-05
360 0.36 0.000701068 2.30499e-05
361 0.361 0.000693818 2.3009e-05
362 0.362 0.000686544 2.29677e-05
363 0.363 0.000678487 2.29259e-05
364 0.364 0.00067065 2.29556e-05
365 0.365 0.000662166 2.29133e-05
366 0.366 0.000654087 2.29296e-05
367 0.367 0.000645551 2.28867e-05
368 0.368 0.000637593 2.28394e-05
369 0.369 0.000629399 2.2816e-05
370 0.37 0.000621924 2.27636e-05
371 0.371 0.000614415 2.27532e-05
372 0.372 0.000607851 2.27254e-05
373 0.373 0.000601283 2.26868e-05
374 0.374 0.000595863 2.26856e-05
375 0.375 0.000590536 2.26678e-05
376 0.376 0.000586447 2.26383e-05
377 0.377 0.000582557 2.26341e-05
378 0.378 0.000579949 2.25861e-05
379 0.379 0.000577567 2.25524e-05
380 0.38 0.000576518 2.25342e-05
381 0.381 0.000575691 2.25221e-05
382 0.382 0.000576167 2.24983e-05
383 0.383 0.000576764 2.24721e-05
384 0.384 0.000578661 2.24347e-05
385 0.385 0.000580589 2.24199e-05
386 0.386 0.000583683 2.23842e-05
387 0.387 0.000586686 2.23462e-05
388 0.388 0.000590773 2.23322e-05
389 0.389 0.000594531 2.23135e-05
390 0.39 0.000599209 2.22921e-05
391 0.391 0.00060342 2.22642e-05
392 0.392 0.000608363 2.22776e-05
393 0.393 0.000612632 2.2232e-05
394 0.394 0.000617443 2.2229e-05
395 0.395 0.000621377 2.22082e-05
396 0.396 0.000625643 2.21797e-05
397 0.397 0.00062888 2.21463e-05
398 0.398 0.000632265 2.21439e-05
399 0.399 0.000634476 2.21367e-05
400 0.4 0.000636698 2.21292e-05
401 0.401 0.000637618 2.21223e-05
402 0.402 0.000638383 2.20493e-05
403 0.403 0.000637846 2.20539e-05
404 0.404 0.00063711 2.2028e-05
405 0.405 0.000635001 2.20286e-05
406 0.406 0.000632721 2.2003e-05
407 0.407 0.000629114 2.20321e-05
408 0.408 0.000625311 2.19718e-05
409 0.409 0.000620253 2.19643e-05
410 0.41 0.000615129 2.19626e-05
411 0.411 0.000608887 2.19359e-05
412 0.412 0.000602732 2.19342e-05
413 0.413 0.000595569 2.19089e-05
414 0.414 0.000588653 2.19094e-05
415 0.415 0.000580923 2.18645e-05
416 0.416 0.000573613 2.18482e-05
417 0.417 0.000565716 2.18509e-05
418 0.418 0.000558381 2.18273e-05
419 0.419 0.000550684 2.18254e-05
420 0.42 0.000543701 2.17913e-05
421 0.421 0.000536554 2.17646e-05
422 0.422 0.000530305 2.17657e-05
423 0.423 0.000524068 2.17245e-05
424 0.424 0.000518863 2.17334e-05
425 0.425 0.000513809 2.1695e-05
426 0.426 0.000509889 2.1715e-05
427 0.427 0.000506186 2.17015e-05
428 0.428 0.000503664 2.1683e-05
429 0.429 0.000501503 2.16431e-05
430 0.43 0.000500513 2.16297e-05
431 0.431 0.000499859 2.16312e-05
432 0.432 0.000500359 2.16143e-05
433 0.433 0.000501167 2.15554e-05
434 0.434 0.00050311 2.1588e-05
435 0.435 0.000505229 2.15203e-05
436 0.436 0.000508303 2.15138e-05
437 0.437 0.000511538 2.14852e-05
438 0.438 0.00051554 2.14716e-05
439 0.439 0.000519553 2.14634e-05
440 0.44 0.000524148 2.14455e-05
441 0.441 0.000528544 2.13996e-05
442 0.442 0.000533375 2.13999e-05
443 0.443 0.000537796 2.13381e-05
444 0.444 0.000542448 2.13723e-05
445 0.445 0.000546505 2.13148e-05
446 0.446 0.000550549 2.12878e-05
447 0.447 0.000553903 2.12817e-05
448 0.448 0.000557001 2.12553e-05
449 0.449 0.000559287 2.12301e-05
450 0.45 0.000561219 2.1219e-05
451 0.451 0.000562148 2.11608e-05
452 0.452 0.000562656 2.11601e-05
453 0.453 0.0005621 2.11334e-05
454 0.454 0.000561057 2.1138e-05
455 0.455 0.000558967 2.11174e-05
456 0.456 0.000556374 2.11081e-05
457 0.457 0.000552752 2.10749e-05
458 0.458 0.000548637 2.10369e-05
459 0.459 0.000543666 2.10155e-05
460 0.46 0.000538331 2.10419e-05
461 0.461 0.000532152 2.09693e-05
462 0.462 0.000525798 2.09415e-05
463 0.463 0.000518795 2.09341e-05
464 0.464 0.000511788 2.09589e-05
465 0.465 0.00050428 2.09176e-05
466 0.466 0.000496913 2.0893e-05
467 0.467 0.000489253 2.08512e-05
468 0.468 0.000481989 2.08384e-05
469 0.469 0.000474642 2.08359e-05
470 0.47 0.000467757 2.07748e-05
471 0.471 0.000460976 2.07966e-05
472 0.472 0.000454895 2.07633e-05
473 0.473 0.000449037 2.07387e-05
474 0.474 0.000444 2.07292e-05
475 0.475 0.000439316 2.07268e-05
476 0.476 0.000435539 2.06848e-05
477 0.477 0.000432212 2.06642e-05
478 0.478 0.000429899 2.06552e-05
479 0.479 0.000428008 2.06288e-05
480 0.48 0.000427205 2.06388e-05
481 0.481 0.000426783 2.06084e-05
482 0.482 0.000427418 2.05651e-05
483 0.483 0.000428474 2.05842e-05
484 0.484 0.000430504 2.05813e-05
485 0.485 0.000432822 2.05687e-05
486 0.486 0.000436002 2.05341e-05
487 0.487 0.000439365 2.05191e-05
488 0.488 0.000443468 2.04953e-05
489 0.489 0.000447601 2.05062e-05
490 0.49 0.000452299 2.04463e-05
491 0.491 0.000456848 2.04644e-05
492 0.492 0.00046178 2.04409e-05
493 0.493 0.000466349 2.04173e-05
494 0.494 0.000471185 2.04117e-05
495 0.495 0.000475406 2.03977e-05
496 0.496 0.00047971 2.0389e-05
497 0.497 0.000483236 2.037e-05
498 0.498 0.000486691 2.03486e-05
499 0.499 0.000489212 2.0304e-05
500 0.5 0.000491514 2.03268e-05
501 0.501 0.000492802 2.03354e-05
502 0.502 0.000493747 2.03062e-05
503 0.503 0.000493566 2.0263e-05
504 0.504 0.000493031 2.02795e-05
505 0.505 0.000491371 2.02443e-05
506 0.506 0.000489329 2.0235e-05
507 0.507 0.000486237 2.02286e-05
508 0.508 0.0004828 2.02141e-05
509 0.509 0.000478384 2.02335e-05
510 0.51 0.000473736 2.02372e-05
511 0.511 0.000468147 2.01816e-05
512 0.512 0.000462481 2.01762e-05
513 0.513 0.000456144 2.0184e-05
514 0.514 0.00044981 2.01372e-05
515 0.515 0.000442985 2.0135e-05
516 0.516 0.000436361 2.01161e-05
517 0.517 0.000429374 2.01196e-05
518 0.518 0.000422775 2.00899e-05
519 0.519 0.000416035 2.0065e-05
520 0.52 0.000409809 2.00401e-05
521 0.521 0.000403673 2.00599e-05
522 0.522 0.000398178 2.00378e-05
523 0.523 0.000392871 2.00479e-05
524 0.524 0.00038835 2.0026e-05
525 0.525 0.000384148 2.0016e-05
526 0.526 0.000380806 1.99762e-05
527 0.527 0.000377846 1.99907e-05
528 0.528 0.000375811 1.99644e-05
529 0.529 0.000374215 1.99444e-05
530 0.53 0.000373537 1.99128e-05
531 0.531 0.000373313 1.9897e-05
532 0.532 0.000374007 1.99152e-05
533 0.533 0.000375064 1.98618e-05
534 0.534 0.000376972 1.98564e-05
535 0.535 0.000379201 1.98166e-05
536 0.536 0.000382154 1.98102e-05
537 0.537 0.000385375 1.98216e-05
538 0.538 0.00038915 1.97899e-05
539 0.539 0.000393009 1.97668e-05
540 0.54 0.000397327 1.97628e-05
541 0.541 0.000401526 1.97169e-05
542 0.542 0.000406014 1.97289e-05
543 0.543 0.00041029 1.9711e-05
544 0.544 0.000414591 1.97063e-05
545 0.545 0.000418514 1.96759e-05
546 0.546 0.00042235 1.96897e-05
547 0.547 0.000425628 1.9639e-05
548 0.548 0.000428672 1.96267e-05
549 0.549 0.00043102 1.96151e-05
550 0.55 0.000433002 1.96124e-05
551 0.551 0.000434195 1.961e-05
552 0.552 0.000434918 1.9594e-05
553 0.553 0.000434789 1.95568e-05
554 0.554 0.000434158 1.95296e-05
555 0.555 0.000432663 1.95046e-05
556 0.556 0.000430672 1.95237e-05
557 0.557 0.000427825 1.94927e-05
558 0.558 0.00042454 1.94934e-05
559 0.559 0.000420481 1.9456e-05
560 0.56 0.000416077 1.94907e-05
561 0.561 0.00041096 1.94337e-05
562 0.562 0.000405647 1.9419e-05
563 0.563 0.000399752 1.93964e-05
564 0.564 0.000393805 1.93971e-05
565 0.565 0.00038748 1.93887e-05
566 0.566 0.000381186 1.93497e-05
567 0.567 0.000374728 1.93478e-05
568 0.568 0.000368506 1.93535e-05
569 0.569 0.000362219 1.93183e-05
570 0.57 0.000356327 1.93035e-05
571 0.571 0.000350559 1.92782e-05
572 0.572 0.000345321 1.92774e-05
573 0.573 0.000340306 1.92457e-05
574 0.574 0.000336017 1.92696e-05
575 0.575 0.000332008 1.9238e-05
576 0.576 0.000328813 1.92279e-05
577 0.577 0.000326002 1.91981e-05
578 0.578 0.000324026 1.91894e-05
579 0.579 0.000322498 1.91493e-05
580 0.58 0.000321877 1.92086e-05
581 0.581 0.000321644 1.91781e-05
582 0.582 0.000322264 1.91383e-05
583 0.583 0.00032332 1.91402e-05
584 0.584 0.000325165 1.91364e-05
585 0.585 0.000327353 1.91081e-05
586 0.586 0.000330207 1.90863e-05
587 0.587 0.000333325 1.90685e-05
588 0.588 0.000337024 1.90812e-05
589 0.589 0.000340827 1.90859e-05
590 0.59 0.000345035 1.90571e-05
591 0.591 0.000349229 1.90353e-05
592 0.592 0.000353698 1.9035e-05
593 0.593 0.000357946 1.90217e-05
594 0.594 0.000362275 1.8996e-05
595 0.595 0.000366243 1.90063e-05
596 0.596 0.000370161 1.90001e-05
597 0.597 0.000373548 1.9012e-05
598 0.598 0.000376716 1.89807e-05
599 0.599 0.0003792 1.89617e-05
600 0.6 0.000381375 1.89452e-05
601 0.601 0.000382777 1.89376e-05
602 0.602 0.000383795 1.89378e-05
603 0.603 0.000383949 1.89107e-05
604 0.604 0.000383652 1.89192e-05
605 0.605 0.000382473 1.88732e-05
606 0.606 0.000380911 1.89171e-05
607 0.607 0.000378435 1.88778e-05
608 0.608 0.000375585 1.88691e-05
609 0.609 0.000371955 1.88688e-05
610 0.61 0.000368001 1.88647e-05
611 0.611 0.000363394 1.88381e-05
612 0.612 0.00035856 1.88256e-05
613 0.613 0.000353226 1.88283e-05
614 0.614 0.000347785 1.8811e-05
615 0.615 0.000341975 1.87777e-05
616 0.616 0.000336266 1.87807e-05
617 0.617 0.000330321 1.87835e-05
618 0.618 0.000324608 1.8767e-05
619 0.619 0.000318834 1.87598e-05
620 0.62 0.000313457 1.87669e-05
621 0.621 0.000308133 1.87333e-05
622 0.622 0.000303352 1.87544e-05
623 0.623 0.000298763 1.87066e-05
624 0.624 0.000294789 1.86907e-05
625 0.625 0.000291176 1.86935e-05
626 0.626 0.000288274 1.86891e-05
627 0.627 0.000285743 1.8655e-05
628 0.628 0.000283969 1.86591e-05
629 0.629 0.000282613 1.86336e-05
630 0.63 0.000282046 1.86057e-05
631 0.631 0.000281943 1.86025e-05
632 0.632 0.000282533 1.86122e-05
633 0.633 0.000283565 1.85988e-05
634 0.634 0.00028526 1.85952e-05
635 0.635 0.000287355 1.86087e-05
636 0.636 0.000289996 1.85599e-05
637 0.637 0.000292925 1.85473e-05
638 0.638 0.000296324 1.85396e-05
639 0.639 0.00029988 1.85159e-05
640 0.64 0.000303772 1.85127e-05
641 0.641 0.000307691 1.85028e-05
642 0.642 0.000311771 1.85042e-05
643 0.643 0.000315736 1.84565e-05
644 0.644 0.000319726 1.84753e-05
645 0.645 0.000323444 1.84619e-05
646 0.646 0.000327015 1.84564e-05
647 0.647 0.000330174 1.84506e-05
648 0.648 0.000333061 1.84403e-05
649 0.649 0.000335419 1.84421e-05
650 0.65 0.00033736 1.8401e-05
651 0.651 0.000338697 1.83886e-05
652 0.652 0.000339587 1.84125e-05
653 0.653 0.000339753 1.8368e-05
654 0.654 0.000339417 1.83771e-05
655 0.655 0.000338378 1.83565e-05
656 0.656 0.000336805 1.83261e-05
657 0.657 0.000334594 1.8373e-05
658 0.658 0.000331861 1.83141e-05
659 0.659 0.000328528 1.83013e-05
660 0.66 0.000324788 1.82802e-05
661 0.661 0.000320557 1.82802e-05
662 0.662 0.000316032 1.82796e-05
663 0.663 0.000311073 1.82426e-05
664 0.664 0.000305999 1.82545e-05
665 0.665 0.000300661 1.82503e-05
666 0.666 0.000295313 1.82166e-05
667 0.667 0.000289855 1.82228e-05
668 0.668 0.000284513 1.81983e-05
669 0.669 0.000279198 1.81972e-05
670 0.67 0.000274185 1.82011e-05
671 0.671 0.000269328 1.82039e-05
672 0.672 0.000264894 1.81987e-05
673 0.673 0.000260692 1.81688e-05
674 0.674 0.000257038 1.8148e-05
675 0.675 0.000253732 1.81299e-05
676 0.676 0.000251043 1.81141e-05
677 0.677 0.000248757 1.81343e-05
678 0.678 0.000247187 1.81574e-05
679 0.679 0.000245992 1.80914e-05
680 0.68 0.000245496 1.80959e-05
681 0.681 0.000245447 1.81121e-05
682 0.682 0.000246065 1.80843e-05
683 0.683 0.000247117 1.80716e-05
684 0.684 0.000248755 1.80497e-05
685 0.685 0.000250794 1.8088e-05
686 0.686 0.000253317 1.80445e-05
687 0.687 0.00025611 1.80451e-05
688 0.688 0.000259347 1.80121e-05
689 0.689 0.000262751 1.80112e-05
690 0.69 0.000266452 1.80072e-05
691 0.691 0.000270175 1.8018e-05
692 0.692 0.000274045 1.79833e-05
693 0.693 0.000277828 1.79859e-05
694 0.694 0.000281626 1.80009e-05
695 0.695 0.000285145 1.79683e-05
696 0.696 0.00028857 1.79514e-05
697 0.697 0.000291613 1.79653e-05
698 0.698 0.000294418 1.79641e-05
699 0.699 0.000296654 1.79274e-05
700 0.7 0.000298597 1.78924e-05
701 0.701 0.00029994 1.78945e-05
702 0.702 0.000300893 1.79144e-05
703 0.703 0.00030114 1.7896e-05
704 0.704 0.000300961 1.78827e-05
705 0.705 0.0003001 1.78816e-05
706 0.706 0.000298818 1.78979e-05
707 0.707 0.00029683 1.78476e-05
708 0.708 0.000294468 1.78623e-05
709 0.709 0.000291502 1.78566e-05
710 0.71 0.000288176 1.78372e-05
711 0.711 0.000284369 1.78528e-05
712 0.712 0.000280292 1.7837e-05
713 0.713 0.000275804 1.77898e-05
714 0.714 0.000271247 1.78159e-05
715 0.715 0.000266386 1.77928e-05
716 0.716 0.000261524 1.7784e-05
717 0.717 0.000256549 1.7791e-05
718 0.718 0.000251679 1.77838e-05
719 0.719 0.000246843 1.77843e-05
720 0.72 0.000242244 1.77715e-05
721 0.721 0.000237801 1.77691e-05
722 0.722 0.000233722 1.77307e-05
723 0.723 0.000229861 1.77337e-05
724 0.724 0.000226529 1.7723e-05
725 0.725 0.000223457 1.77129e-05
726 0.726 0.00022099 1.77191e-05
727 0.727 0.000218883 1.76891e-05
728 0.728 0.000217393 1.76969e-05
729 0.729 0.00021631 1.7692e-05
730 0.73 0.00021583 1.76683e-05
731 0.731 0.000215794 1.76531e-05
732 0.732 0.000216349 1.76731e-05
733 0.733 0.000217306 1.76557e-05
734 0.734 0.000218827 1.76825e-05
735 0.735 0.000220667 1.76708e-05
736 0.736 0.000222999 1.76597e-05
737 0.737 0.000225608 1.76292e-05
738 0.738 0.000228593 1.76191e-05
739 0.739 0.000231751 1.76238e-05
740 0.74 0.000235184 1.7634e-05
741 0.741 0.000238642 1.75708e-05
742 0.742 0.000242256 1.75965e-05
743 0.743 0.000245805 1.75962e-05
744 0.744 0.000249325 1.7585e-05
745 0.745 0.000252666 1.75667e-05
746 0.746 0.000255833 1.75514e-05
747 0.747 0.000258737 1.75722e-05
748 0.748 0.000261312 1.75258e-05
749 0.749 0.000263521 1.75491e-05
750 0.75 0.000265342 1.75412e-05
751 0.751 0.000266632 1.7512e-05
752 0.752 0.000267519 1.7525e-05
753 0.753 0.00026784 1.75113e-05
754 0.754 0.000267712 1.7513e-05
755 0.755 0.000266962 1.74929e-05
756 0.756 0.000265759 1.74644e-05
757 0.757 0.000263993 1.74482e-05
758 0.758 0.000261803 1.7495e-05
759 0.759 0.000259057 1.74188e-05
760 0.76 0.000255992 1.74568e-05
761 0.761 0.000252482 1.74529e-05
762 0.762 0.000248666 1.74063e-05
763 0.763 0.00024457 1.74367e-05
764 0.764 0.000240278 1.74036e-05
765 0.765 0.000235792 1.74117e-05
766 0.766 0.000231286 1.74109e-05
767 0.767 0.000226662 1.74194e-05
768 0.768 0.000222147 1.74016e-05
769 0.769 0.000217666 1.74021e-05
770 0.77 0.000213362 1.7363e-05
771 0.771 0.000209243 1.73477e-05
772 0.772 0.000205444 1.73413e-05
773 0.773 0.000201906 1.73562e-05
774 0.774 0.000198751 1.7334e-05
775 0.775 0.000195962 1.733e-05
776 0.776 0.000193634 1.73301e-05
777 0.777 0.000191727 1.7338e-05
778 0.778 0.000190313 1.73285e-05
779 0.779 0.000189334 1.73464e-05
780 0.78 0.000188903 1.73008e-05
781 0.781 0.000188876 1.72824e-05
782 0.782 0.000189396 1.7285e-05
783 0.783 0.000190306 1.72704e-05
784 0.784 0.000191703 1.7251e-05
785 0.785 0.00019349 1.72898e-05
786 0.786 0.000195688 1.72829e-05
787 0.787 0.000198141 1.72707e-05
788 0.788 0.00020095 1.72594e-05
789 0.789 0.000203905 1.72592e-05
790 0.79 0.000207117 1.72241e-05
791 0.791 0.00021039 1.7239e-05
792 0.792 0.000213787 1.72185e-05
793 0.793 0.000217136 1.72148e-05
794 0.794 0.000220463 1.71856e-05
795 0.795 0.000223608 1.71889e-05
796 0.796 0.000226664 1.71973e-05
797 0.797 0.000229395 1.71843e-05
798 0.798 0.000231899 1.71792e-05
799 0.799 0.000233993 1.71838e-05
800 0.8 0.000235795 1.72044e-05
801 0.801 0.000237049 1.71534e-05
802 0.802 0.000237983 1.71492e-05
803 0.803 0.000238379 1.71566e-05
804 0.804 0.000238335 1.71426e-05
805 0.805 0.000237743 1.71381e-05
806 0.806 0.000236713 1.71091e-05
807 0.807 0.000235172 1.71341e-05
808 0.808 0.000233239 1.71084e-05
809 0.809 0.00023081 1.71243e-05
810 0.81 0.000228048 1.71074e-05
811 0.811 0.000224873 1.70916e-05
812 0.812 0.000221471 1.71008e-05
813 0.813 0.000217707 1.70839e-05
814 0.814 0.000213845 1.71047e-05
815 0.815 0.000209767 1.70993e-05
816 0.816 0.000205635 1.70776e-05
817 0.817 0.000201409 1.70778e-05
818 0.818 0.000197271 1.70541e-05
819 0.819 0.000193157 1.70407e-05
820 0.82 0.000189262 1.70597e-05
821 0.821 0.000185512 1.70546e-05
822 0.822 0.00018203 1.70509e-05
823 0.823 0.000178776 1.70523e-05
824 0.824 0.000175924 1.7057e-05
825 0.825 0.000173327 1.70324e-05
826 0.826 0.000171179 1.702e-05
827 0.827 0.000169434 1.70408e-05
828 0.828 0.000168136 1.70164e-05
829 0.829 0.000167217 1.70167e-05
830 0.83 0.000166794 1.70192e-05
831 0.831 0.000166768 1.69898e-05
832 0.832 0.000167248 1.69843e-05
833 0.833 0.000168065 1.6967e-05
834 0.834 0.000169364 1.69906e-05
835 0.835 0.00017096 1.69659e-05
836 0.836 0.000172962 1.69255e-05
837 0.837 0.000175247 1.69431e-05
838 0.838 0.000177809 1.6951e-05
839 0.839 0.000180562 1.69335e-05
840 0.84 0.00018354 1.69642e-05
841 0.841 0.000186605 1.69757e-05
842 0.842 0.000189712 1.69211e-05
843 0.843 0.000192826 1.69482e-05
844 0.844 0.000195908 1.69056e-05
845 0.845 0.000198867 1.69146e-05
846 0.846 0.000201699 1.68992e-05
847 0.847 0.000204265 1.68938e-05
848 0.848 0.000206612 1.68929e-05
849 0.849 0.000208632 1.69143e-05
850 0.85 0.000210313 1.6885e-05
851 0.851 0.000211595 1.68902e-05
852 0.852 0.000212497 1.68961e-05
853 0.853 0.000212916 1.68797e-05
854 0.854 0.000212899 1.68533e-05
855 0.855 0.000212447 1.68626e-05
856 0.856 0.000211563 1.68674e-05
857 0.857 0.000210216 1.68634e-05
858 0.858 0.000208419 1.68155e-05
859 0.859 0.00020628 1.68404e-05
860 0.86 0.000203772 1.68303e-05
861 0.861 0.000200895 1.6821e-05
862 0.862 0.000197762 1.68202e-05
863 0.863 0.000194351 1.67756e-05
864 0.864 0.000190793 1.6797e-05
865 0.865 0.000187019 1.67713e-05
866 0.866 0.00018324 1.67839e-05
867 0.867 0.000179352 1.678e-05
868 0.868 0.000175523 1.67801e-05
869 0.869 0.000171723 1.67742e-05
870 0.87 0.000168067 1.67644e-05
871 0.871 0.00016456 1.67687e-05
872 0.872 0.000161291 1.67673e-05
873 0.873 0.000158256 1.67708e-05
874 0.874 0.000155544 1.6772e-05
875 0.875 0.000153137 1.67731e-05
876 0.876 0.000151083 1.67461e-05
877 0.877 0.000149351 1.67271e-05
878 0.878 0.000148131 1.67353e-05
879 0.879 0.000147235 1.67539e-05
880 0.88 0.000146782 1.67373e-05
881 0.881 0.000146704 1.67111e-05
882 0.882 0.000147061 1.66663e-05
883 0.883 0.000147796 1.66863e-05
884 0.884 0.000148958 1.66918e-05
885 0.885 0.000150418 1.66945e-05
886 0.886 0.00015227 1.66939e-05
887 0.887 0.000154347 1.66911e-05
888 0.888 0.000156742 1.66856e-05
889 0.889 0.000159282 1.66656e-05
890 0.89 0.000162071 1.66931e-05
891 0.891 0.000164914 1.66591e-05
892 0.892 0.000167874 1.66658e-05
893 0.893 0.000170803 1.66684e-05
894 0.894 0.000173748 1.66657e-05
895 0.895 0.000176556 1.66453e-05
896 0.896 0.000179246 1.66202e-05
897 0.897 0.000181735 1.66535e-05
898 0.898 0.000184033 1.6645e-05
899 0.899 0.00018598 1.66571e-05
900 0.9 0.00018765 1.66018e-05
901 0.901 0.000188939 1.66286e-05
902 0.902 0.000189892 1.6626e-05
903 0.903 0.000190394 1.66235e-05
904 0.904 0.00019053 1.66068e-05
905 0.905 0.000190199 1.65927e-05
906 0.906 0.000189507 1.66167e-05
907 0.907 0.000188351 1.65949e-05
908 0.908 0.000186829 1.65967e-05
909 0.909 0.00018486 1.65591e-05
910 0.91 0.000182629 1.65651e-05
911 0.911 0.000180042 1.65449e-05
912 0.912 0.000177194 1.65632e-05
913 0.913 0.000174092 1.65747e-05
914 0.914 0.000170834 1.65567e-05
915 0.915 0.000167394 1.65304e-05
916 0.916 0.000163915 1.65593e-05
917 0.917 0.000160319 1.65275e-05
918 0.918 0.000156769 1.65133e-05
919 0.919 0.000153269 1.65263e-05
920 0.92 0.000149894 1.65046e-05
921 0.921 0.000146654 1.65296e-05
922 0.922 0.000143586 1.65023e-05
923 0.923 0.000140753 1.65199e-05
924 0.924 0.000138213 1.65021e-05
925 0.925 0.000135959 1.65167e-05
926 0.926 0.000134034 1.65085e-05
927 0.927 0.00013244 1.64899e-05
928 0.928 0.000131251 1.6515e-05
929 0.929 0.000130385 1.64811e-05
930 0.93 0.000129931 1.64752e-05
931 0.931 0.000129883 1.64953e-05
932 0.932 0.000130197 1.64887e-05
933 0.933 0.000130869 1.6469e-05
934 0.934 0.000131923 1.64572e-05
935 0.935 0.000133302 1.64847e-05
936 0.936 0.000134984 1.643e-05
937 0.937 0.000136956 1.64499e-05
938 0.938 0.000139161 1.64332e-05
939 0.939 0.000141586 1.64531e-05
940 0.94 0.000144164 1.64304e-05
941 0.941 0.000146847 1.64432e-05
942 0.942 0.000149618 1.64212e-05
943 0.943 0.000152387 1.64405e-05
944 0.944 0.000155184 1.64435e-05
945 0.945 0.000157851 1.64203e-05
946 0.946 0.000160421 1.64601e-05
947 0.947 0.000162759 1.64055e-05
948 0.948 0.00016494 1.64279e-05
949 0.949 0.000166809 1.63893e-05
950 0.95 0.000168436 1.64251e-05
951 0.951 0.000169654 1.63552e-05
952 0.952 0.000170606 1.63899e-05
953 0.953 0.00017114 1.63993e-05
954 0.954 0.000171308 1.63906e-05
955 0.955 0.000171061 1.64017e-05
956 0.956 0.000170448 1.64005e-05
957 0.957 0.00016938 1.63695e-05
958 0.958 0.000168025 1.64071e-05
959 0.959 0.000166225 1.63513e-05
960 0.96 0.000164173 1.63641e-05
961 0.961 0.000161768 1.63564e-05
962 0.962 0.000159138 1.63603e-05
963 0.963 0.000156256 1.63503e-05
964 0.964 0.000153204 1.63593e-05
965 0.965 0.000149983 1.63285e-05
966 0.966 0.000146732 1.63429e-05
967 0.967 0.00014338 1.63493e-05
968 0.968 0.000140089 1.63629e-05
969 0.969 0.00013674 1.63037e-05
970 0.97 0.00013359 1.63425e-05
971 0.971 0.000130536 1.63286e-05
972 0.972 0.000127648 1.62984e-05
973 0.973 0.00012499 1.63131e-05
974 0.974 0.000122591 1.63161e-05
975 0.975 0.000120441 1.62972e-05
976 0.976 0.000118611 1.62779e-05
977 0.977 0.000117102 1.62955e-05
978 0.978 0.000115956 1.63021e-05
979 0.979 0.000115142 1.62635e-05
980 0.98 0.000114731 1.63022e-05
981 0.981 0.000114647 1.6288e-05
982 0.982 0.000114925 1.62764e-05
983 0.983 0.000115561 1.62668e-05
984 0.984 0.000116545 1.62563e-05
985 0.985 0.000117831 1.62309e-05
986 0.986 0.000119424 1.62626e-05
987 0.987 0.000121251 1.62483e-05
988 0.988 0.000123372 1.62686e-05
989 0.989 0.000125644 1.62539e-05
990 0.99 0.000128099 1.62559e-05
991 0.991 0.00013065 1.62632e-05
992 0.992 0.000133295 1.62508e-05
993 0.993 0.000135917 1.62697e-05
994 0.994 0.000138539 1.62517e-05
995 0.995 0.000141089 1.62296e-05
996 0.996 0.000143537 1.62423e-05
997 0.997 0.000145808 1.62384e-05
998 0.998 0.000147922 1.62722e-05
999 0.999 0.000149723 1.62223e-05
1000 1 0.000151292 1.62049e-05
1001 1.001 0.000152529 1.62176e-05
1002 1.002 0.000153452 1.62062e-05
1003 1.003 0.000154035 1.62228e-05
1004 1.004 0.000154221 1.61858e-05
1005 1.005 0.00015407 1.61936e-05
1006 1.006 0.000153557 1.62145e-05
1007 1.007 0.000152649 1.61829e-05
1008 1.008 0.000151406 1.6183e-05
1009 1.009 0.000149825 1.61765e-05
1010 1.01 0.000147962 1.61746e-05
1011 1.011 0.0001458 1.6196e-05
1012 1.012 0.000143352 1.61869e-05
1013 1.013 0.000140721 1.61951e-05
1014 1.014 0.000137912 1.61851e-05
1015 1.015 0.000134935 1.61505e-05
1016 1.016 0.000131912 1.61621e-05
1017 1.017 0.00012883 1.61686e-05
1018 1.018 0.000125745 1.61676e-05
1019 1.019 0.000122693 1.61576e-05
1020 1.02 0.000119733 1.61511e-05
1021 1.021 0.000116866 1.61414e-05
1022 1.022 0.000114197 1.61435e-05
1023 1.023 0.000111719 1.61554e-05
1024 1.024 0.000109472 1.61468e-05
1025 1.025 0.000107469 1.61479e-05
1026 1.026 0.000105755 1.61195e-05
1027 1.027 0.000104333 1.61242e-05
1028 1.028 0.000103238 1.61224e-05
1029 1.029 0.000102473 1.61052e-05
1030 1.03 0.000102079 1.61216e-05
1031 1.031 0.000101995 1.60973e-05
1032 1.032 0.000102286 1.61304e-05
1033 1.033 0.00010287 1.61198e-05
1034 1.034 0.000103802 1.61391e-05
1035 1.035 0.00010497 1.6105e-05
1036 1.036 0.000106487 1.61051e-05
1037 1.037 0.000108195 1.61124e-05
1038 1.038 0.000110159 1.60894e-05
1039 1.039 0.000112311 1.61111e-05
1040 1.04 0.00011459 1.60841e-05
1041 1.041 0.000116998 1.60867e-05
1042 1.042 0.000119492 1.60686e-05
1043 1.043 0.000121995 1.60832e-05
1044 1.044 0.000124483 1.60828e-05
1045 1.045 0.000126888 1.60857e-05
1046 1.046 0.000129195 1.60493e-05
1047 1.047 0.000131343 1.60388e-05
1048 1.048 0.000133355 1.60853e-05
1049 1.049 0.000135072 1.60505e-05
1050 1.05 0.000136584 1.60839e-05
1051 1.051 0.000137775 1.606e-05
1052 1.052 0.000138667 1.60356e-05
1053 1.053 0.000139206 1.60476e-05
1054 1.054 0.000139466 1.60399e-05
1055 1.055 0.000139331 1.60405e-05
1056 1.056 0.000138863 1.60488e-05
1057 1.057 0.000138042 1.60459e-05
1058 1.058 0.000136903 1.60243e-05
1059 1.059 0.000135408 1.60282e-05
1060 1.06 0.00013366 1.6017e-05
1061 1.061 0.000131609 1.59994e-05
1062 1.062 0.000129346 1.60031e-05
1063 1.063 0.000126881 1.60371e-05
1064 1.064 0.000124235 1.6008e-05
1065 1.065 0.000121468 1.60271e-05
1066 1.066 0.000118622 1.60125e-05
1067 1.067 0.000115694 1.60176e-05
1068 1.068 0.000112792 1.60021e-05
1069 1.069 0.000109912 1.59691e-05
1070 1.07 0.000107147 1.60236e-05
1071 1.071 0.000104462 1.59915e-05
1072 1.072 0.000101955 1.60041e-05
1073 1.073 9.95906e-05 1.59696e-05
1074 1.074 9.74923e-05 1.59985e-05
1075 1.075 9.55999e-05 1.59959e-05
1076 1.076 9.39644e-05 1.5949e-05
1077 1.077 9.26455e-05 1.59641e-05
1078 1.078 9.16366e-05 1.59491e-05
1079 1.079 9.09312e-05 1.59827e-05
1080 1.08 9.05487e-05 1.59458e-05
1081 1.081 9.04644e-05 1.59368e-05
1082 1.082 9.07497e-05 1.59707e-05
1083 1.083 9.12946e-05 1.59583e-05
1084 1.084 9.21783e-05 1.59618e-05
1085 1.085 9.33261e-05 1.59531e-05
1086 1.086 9.47316e-05 1.59373e-05
1087 1.087 9.6383e-05 1.59478e-05
1088 1.088 9.82414e-05 1.594e-05
1089 1.089 0.000100252 1.59033e-05
1090 1.09 0.000102478 1.59476e-05
1091 1.091 0.000104755 1.59431e-05
1092 1.092 0.000107105 1.59253e-05
1093 1.093 0.00010946 1.59206e-05
1094 1.094 0.000111819 1.59069e-05
1095 1.095 0.00011409 1.58674e-05
1096 1.096 0.000116315 1.59194e-05
1097 1.097 0.000118367 1.59046e-05
1098 1.098 0.000120261 1.59057e-05
1099 1.099 0.000121935 1.59189e-05
1100 1.1 0.000123376 1.58989e-05
1101 1.101 0.000124533 1.5892e-05
1102 1.102 0.000125434 1.59197e-05
1103 1.103 0.000125976 1.58797e-05
1104 1.104 0.000126243 1.59088e-05
1105 1.105 0.000126182 1.59102e-05
1106 1.106 0.000125746 1.58733e-05
1107 1.107 0.000125037 1.59075e-05
1108 1.108 0.000124004 1.58897e-05
1109 1.109 0.000122676 1.59121e-05
1110 1.11 0.000121046 1.59012e-05
1111 1.111 0.000119158 1.58864e-05
1112 1.112 0.000117108 1.59222e-05
1113 1.113 0.000114793 1.58972e-05
1114 1.114 0.000112373 1.59035e-05
1115 1.115 0.000109784 1.58752e-05
1116 1.116 0.000107108 1.58764e-05
1117 1.117 0.000104417 1.58915e-05
1118 1.118 0.000101706 1.5858e-05
1119 1.119 9.90233e-05 1.58613e-05
1120 1.12 9.64304e-05 1.58362e-05
1121 1.121 9.39523e-05 1.58796e-05
1122 1.122 9.161e-05 1.58745e-05
1123 1.123 8.94153e-05 1.5834e-05
1124 1.124 8.74651e-05 1.58682e-05
1125 1.125 8.57133e-05 1.58551e-05
1126 1.126 8.42022e-05 1.58333e-05
1127 1.127 8.2987e-05 1.58441e-05
1128 1.128 8.20485e-05 1.58683e-05
1129 1.129 8.13999e-05 1.58673e-05
1130 1.13 8.10479e-05 1.58435e-05
1131 1.131 8.09944e-05 1.58444e-05
1132 1.132 8.12376e-05 1.58355e-05
1133 1.133 8.17983e-05 1.58459e-05
1134 1.134 8.26309e-05 1.58501e-05
1135 1.135 8.36971e-05 1.58384e-05
1136 1.136 8.50325e-05 1.5824e-05
1137 1.137 8.65833e-05 1.58125e-05
1138 1.138 8.83522e-05 1.58269e-05
1139 1.139 9.02481e-05 1.58094e-05
1140 1.14 9.23052e-05 1.58139e-05
1141 1.141 9.44564e-05 1.58395e-05
1142 1.142 9.66683e-05 1.58007e-05
1143 1.143 9.88955e-05 1.58247e-05
1144 1.144 0.00010111 1.58031e-05
1145 1.145 0.000103286 1.58476e-05
1146 1.146 0.000105341 1.58433e-05
1147 1.147 0.00010727 1.58242e-05
1148 1.148 0.000109047 1.581e-05
1149 1.149 0.000110636 1.58285e-05
1150 1.15 0.000111962 1.57985e-05
1151 1.151 0.000113051 1.58012e-05
1152 1.152 0.00011388 1.57908e-05
1153 1.153 0.000114394 1.57693e-05
1154 1.154 0.000114646 1.57731e-05
1155 1.155 0.000114578 1.5782e-05
1156 1.156 0.000114221 1.5804e-05
1157 1.157 0.000113527 1.5793e-05
1158 1.158 0.000112587 1.57982e-05
1159 1.159 0.000111313 1.58044e-05
1160 1.16 0.000109795 1.57695e-05
1161 1.161 0.00010805 1.57727e-05
1162 1.162 0.000106136 1.58014e-05
1163 1.163 0.000103952 1.57442e-05
1164 1.164 0.000101673 1.57553e-05
1165 1.165 9.92929e-05 1.57693e-05
1166 1.166 9.68165e-05 1.57605e-05
1167 1.167 9.43025e-05 1.57692e-05
1168 1.168 9.17801e-05 1.5763e-05
1169 1.169 8.92926e-05 1.5782e-05
1170 1.17 8.68637e-05 1.57392e-05
1171 1.171 8.45665e-05 1.57846e-05
1172 1.172 8.23552e-05 1.57564e-05
1173 1.173 8.03268e-05 1.57565e-05
1174 1.174 7.85022e-05 1.57704e-05
1175 1.175 7.68654e-05 1.57281e-05
1176 1.176 7.54792e-05 1.57402e-05
1177 1.177 7.43422e-05 1.57628e-05
1178 1.178 7.34712e-05 1.57415e-05
1179 1.179 7.28589e-05 1.57303e-05
1180 1.18 7.25373e-05 1.57069e-05
1181 1.181 7.24959e-05 1.57055e-05
1182 1.182 7.27403e-05 1.57379e-05
1183 1.183 7.32342e-05 1.57332e-05
1184 1.184 7.40077e-05 1.57238e-05
1185 1.185 7.50438e-05 1.57292e-05
1186 1.186 7.63003e-05 1.57206e-05
1187 1.187 7.77639e-05 1.57197e-05
1188 1.188 7.9411e-05 1.5714e-05
1189 1.189 8.11773e-05 1.56764e-05
1190 1.19 8.31451e-05 1.57083e-05
1191 1.191 8.51795e-05 1.57566e-05
1192 1.192 8.72355e-05 1.57e-05
1193 1.193 8.93497e-05 1.57119e-05
1194 1.194 9.1432e-05 1.56984e-05
1195 1.195 9.34264e-05 1.5655e-05
1196 1.196 9.54312e-05 1.57202e-05
1197 1.197 9.72287e-05 1.56777e-05
1198 1.198 9.89289e-05 1.56842e-05
1199 1.199 0.000100413 1.56857e-05
1200 1.2 0.000101716 1.56975e-05
1201 1.201 0.000102792 1.57344e-05
1202 1.202 0.000103556 1.56828e-05
1203 1.203 0.000104079 1.56546e-05
1204 1.204 0.000104346 1.56824e-05
1205 1.205 0.00010433 1.57135e-05
1206 1.206 0.000103982 1.56802e-05
1207 1.207 0.000103348 1.56631e-05
1208 1.208 0.000102465 1.5636e-05
1209 1.209 0.000101341 1.56634e-05
1210 1.21 9.99416e-05 1.56469e-05
1211 1.211 9.83481e-05 1.56804e-05
1212 1.212 9.65438e-05 1.5661e-05
1213 1.213 9.45725e-05 1.5689e-05
1214 1.214 9.2455e-05 1.56467e-05
1215 1.215 9.02285e-05 1.56618e-05
1216 1.216 8.79587e-05 1.5692e-05
1217 1.217 8.55854e-05 1.5653e-05
1218 1.218 8.32562e-05 1.56419e-05
1219 1.219 8.09144e-05 1.56488e-05
1220 1.22 7.86649e-05 1.56392e-05
1221 1.221 7.65081e-05 1.56667e-05
1222 1.222 7.44811e-05 1.56653e-05
1223 1.223 7.25663e-05 1.56669e-05
1224 1.224 7.0871e-05 1.56432e-05
1225 1.225 6.93505e-05 1.5646e-05
1226 1.226 6.80684e-05 1.56476e-05
1227 1.227 6.69878e-05 1.56227e-05
1228 1.228 6.61934e-05 1.56373e-05
1229 1.229 6.56332e-05 1.56325e-05
1230 1.23 6.5351e-05 1.56609e-05
1231 1.231 6.53096e-05 1.56479e-05
1232 1.232 6.55425e-05 1.56361e-05
1233 1.233 6.60316e-05 1.56502e-05
1234 1.234 6.67589e-05 1.56305e-05
1235 1.235 6.77172e-05 1.56188e-05
1236 1.236 6.89004e-05 1.56111e-05
1237 1.237 7.02835e-05 1.56211e-05
1238 1.238 7.18292e-05 1.56397e-05
1239 1.239 7.35185e-05 1.56293e-05
1240 1.24 7.53211e-05 1.56159e-05
1241 1.241 7.7217e-05 1.56169e-05
1242 1.242 7.91965e-05 1.56494e-05
1243 1.243 8.11269e-05 1.56085e-05
1244 1.244 8.30781e-05 1.56067e-05
1245 1.245 8.4988e-05 1.55891e-05
1246 1.246 8.68184e-05 1.55828e-05
1247 1.247 8.85492e-05 1.55996e-05
1248 1.248 9.01168e-05 1.55831e-05
1249 1.249 9.15169e-05 1.5602e-05
1250 1.25 9.27384e-05 1.55986e-05
1251 1.251 9.37093e-05 1.5579e-05
1252 1.252 9.44811e-05 1.55859e-05
1253 1.253 9.49534e-05 1.55939e-05
1254 1.254 9.52207e-05 1.56038e-05
1255 1.255 9.52085e-05 1.5624e-05
1256 1.256 9.49218e-05 1.56059e-05
1257 1.257 9.43425e-05 1.56174e-05
1258 1.258 9.35184e-05 1.56027e-05
1259 1.259 9.24742e-05 1.56271e-05
1260 1.26 9.11623e-05 1.55762e-05
1261 1.261 8.96761e-05 1.55704e-05
1262 1.262 8.7986e-05 1.5607e-05
1263 1.263 8.61397e-05 1.55839e-05
1264 1.264 8.4181e-05 1.55792e-05
1265 1.265 8.21208e-05 1.56081e-05
1266 1.266 7.99453e-05 1.55756e-05
1267 1.267 7.77777e-05 1.55799e-05
1268 1.268 7.56029e-05 1.55742e-05
1269 1.269 7.34105e-05 1.55496e-05
1270 1.27 7.13187e-05 1.55641e-05
1271 1.271 6.92992e-05 1.55441e-05
1272 1.272 6.74083e-05 1.55763e-05
1273 1.273 6.56496e-05 1.55777e-05
1274 1.274 6.40692e-05 1.55809e-05
1275 1.275 6.26406e-05 1.5572e-05
1276 1.276 6.14524e-05 1.55674e-05
1277 1.277 6.04446e-05 1.55922e-05
1278 1.278 5.97151e-05 1.55813e-05
1279 1.279 5.9188e-05 1.55562e-05
1280 1.28 5.89043e-05 1.55493e-05
1281 1.281 5.89026e-05 1.55638e-05
1282 1.282 5.91292e-05 1.5568e-05
1283 1.283 5.95682e-05 1.55341e-05
1284 1.284 6.02581e-05 1.55447e-05
1285 1.285 6.11689e-05 1.55444e-05
1286 1.286 6.2271e-05 1.55464e-05
1287 1.287 6.35827e-05 1.55588e-05
1288 1.288 6.50317e-05 1.55369e-05
1289 1.289 6.66202e-05 1.55189e-05
1290 1.29 6.8314e-05 1.55229e-05
1291 1.291 7.01116e-05 1.55357e-05
1292 1.292 7.19416e-05 1.55703e-05
1293 1.293 7.37935e-05 1.55489e-05
1294 1.294 7.5653e-05 1.55592e-05
1295 1.295 7.74433e-05 1.5548e-05
1296 1.296 7.91736e-05 1.55557e-05
1297 1.297 8.07928e-05 1.55376e-05
1298 1.298 8.22792e-05 1.5548e-05
1299 1.299 8.35784e-05 1.55074e-05
1300 1.3 8.4754e-05 1.55496e-05
1301 1.301 8.56666e-05 1.55065e-05
1302 1.302 8.63775e-05 1.54896e-05
1303 1.303 8.6869e-05 1.5524e-05
1304 1.304 8.71084e-05 1.55305e-05
1305 1.305 8.71143e-05 1.55246e-05
1306 1.306 8.68316e-05 1.55052e-05
1307 1.307 8.63314e-05 1.55194e-05
1308 1.308 8.56041e-05 1.55364e-05
1309 1.309 8.46078e-05 1.54988e-05
1310 1.31 8.34315e-05 1.55061e-05
1311 1.311 8.20355e-05 1.55048e-05
1312 1.312 8.04731e-05 1.5496e-05
1313 1.313 7.87763e-05 1.55141e-05
1314 1.314 7.69429e-05 1.54977e-05
1315 1.315 7.5003e-05 1.54802e-05
1316 1.316 7.30361e-05 1.54943e-05
1317 1.317 7.10186e-05 1.55003e-05
1318 1.318 6.89811e-05 1.54987e-05
1319 1.319 6.69624e-05 1.55104e-05
1320 1.32 6.50094e-05 1.548e-05
1321 1.321 6.31289e-05 1.54913e-05
1322 1.322 6.13651e-05 1.55029e-05
1323 1.323 5.97308e-05 1.55011e-05
1324 1.324 5.82408e-05 1.54914e-05
1325 1.325 5.69071e-05 1.54747e-05
1326 1.326 5.58165e-05 1.54922e-05
1327 1.327 5.48999e-05 1.54908e-05
1328 1.328 5.41844e-05 1.54866e-05
1329 1.329 5.37257e-05 1.54959e-05
1330 1.33 5.34643e-05 1.54948e-05
1331 1.331 5.34644e-05 1.54908e-05
1332 1.332 5.36656e-05 1.548e-05
1333 1.333 5.41222e-05 1.54931e-05
1334 1.334 5.47798e-05 1.54779e-05
1335 1.335 5.5615e-05 1.54785e-05
1336 1.336 5.66513e-05 1.54619e-05
1337 1.337 5.78383e-05 1.54579e-05
1338 1.338 5.92391e-05 1.54986e-05
1339 1.339 6.07274e-05 1.54929e-05
1340 1.34 6.23124e-05 1.54835e-05
1341 1.341 6.39746e-05 1.54681e-05
1342 1.342 6.56909e-05 1.54864e-05
1343 1.343 6.74234e-05 1.54856e-05
1344 1.344 6.91637e-05 1.55034e-05
1345 1.345 7.08174e-05 1.54637e-05
1346 1.346 7.24463e-05 1.54817e-05
1347 1.347 7.39529e-05 1.54682e-05
1348 1.348 7.53644e-05 1.54794e-05
1349 1.349 7.65872e-05 1.5457e-05
1350 1.35 7.76691e-05 1.54708e-05
1351 1.351 7.85375e-05 1.54305e-05
1352 1.352 7.92334e-05 1.54582e-05
1353 1.353 7.97091e-05 1.54645e-05
1354 1.354 7.99286e-05 1.54469e-05
1355 1.355 7.99384e-05 1.54662e-05
1356 1.356 7.96895e-05 1.54535e-05
1357 1.357 7.92304e-05 1.54558e-05
1358 1.358 7.85529e-05 1.54977e-05
1359 1.359 7.76535e-05 1.54654e-05
1360 1.36 7.6537e-05 1.54449e-05
1361 1.361 7.5258e-05 1.54639e-05
1362 1.362 7.38242e-05 1.54812e-05
1363 1.363 7.2219e-05 1.54572e-05
1364 1.364 7.05148e-05 1.54571e-05
1365 1.365 6.87226e-05 1.54409e-05
1366 1.366 6.68519e-05 1.54238e-05
1367 1.367 6.49876e-05 1.54469e-05
1368 1.368 6.30948e-05 1.5455e-05
1369 1.369 6.12134e-05 1.54358e-05
1370 1.37 5.94005e-05 1.54415e-05
1371 1.371 5.76493e-05 1.54582e-05
1372 1.372 5.59894e-05 1.54708e-05
1373 1.373 5.44631e-05 1.54438e-05
1374 1.374 5.30544e-05 1.54245e-05
1375 1.375 5.18372e-05 1.543e-05
1376 1.376 5.0791e-05 1.5424e-05
1377 1.377 4.99422e-05 1.54312e-05
1378 1.378 4.93e-05 1.54464e-05
1379 1.379 4.88476e-05 1.54275e-05
1380 1.38 4.85984e-05 1.54199e-05
1381 1.381 4.8587e-05 1.53991e-05
1382 1.382 4.87934e-05 1.54264e-05
1383 1.383 4.92024e-05 1.54048e-05
1384 1.384 4.98197e-05 1.54199e-05
1385 1.385 5.06091e-05 1.54017e-05
1386 1.386 5.15892e-05 1.5401e-05
1387 1.387 5.27267e-05 1.54191e-05
1388 1.388 5.40008e-05 1.53951e-05
1389 1.389 5.54197e-05 1.54299e-05
1390 1.39 5.68958e-05 1.54099e-05
1391 1.391 5.84651e-05 1.54213e-05
1392 1.392 6.01048e-05 1.54562e-05
1393 1.393 6.16985e-05 1.54157e-05
1394 1.394 6.3318e-05 1.54162e-05
1395 1.395 6.48831e-05 1.54116e-05
1396 1.396 6.64226e-05 1.54169e-05
1397 1.397 6.78566e-05 1.54226e-05
1398 1.398 6.91691e-05 1.54249e-05
1399 1.399 7.03283e-05 1.54073e-05
1400 1.4 7.1354e-05 1.53984e-05
1401 1.401 7.21842e-05 1.54015e-05
1402 1.402 7.28195e-05 1.538e-05
1403 1.403 7.32699e-05 1.53961e-05
1404 1.404 7.35084e-05 1.54072e-05
1405 1.405 7.35112e-05 1.53949e-05
1406 1.406 7.33122e-05 1.5384e-05
1407 1.407 7.28659e-05 1.53662e-05
1408 1.408 7.22476e-05 1.53845e-05
1409 1.409 7.14118e-05 1.53935e-05
1410 1.41 7.0421e-05 1.53976e-05
1411 1.411 6.92013e-05 1.53973e-05
1412 1.412 6.78915e-05 1.53916e-05
1413 1.413 6.63977e-05 1.53752e-05
1414 1.414 6.4837e-05 1.54068e-05
1415 1.415 6.31625e-05 1.53861e-05
1416 1.416 6.14279e-05 1.53717e-05
1417 1.417 5.96644e-05 1.53812e-05
1418 1.418 5.79011e-05 1.53819e-05
1419 1.419 5.61586e-05 1.53805e-05
1420 1.42 5.44766e-05 1.54066e-05
1421 1.421 5.28333e-05 1.53853e-05
1422 1.422 5.13066e-05 1.53746e-05
1423 1.423 4.98805e-05 1.53909e-05
1424 1.424 4.85759e-05 1.53875e-05
1425 1.425 4.74468e-05 1.53992e-05
1426 1.426 4.64718e-05 1.53911e-05
1427 1.427 4.56709e-05 1.53776e-05
1428 1.428 4.50586e-05 1.53655e-05
1429 1.429 4.46522e-05 1.53699e-05
1430 1.43 4.44411e-05 1.53852e-05
1431 1.431 4.44247e-05 1.53612e-05
1432 1.432 4.46506e-05 1.53962e-05
1433 1.433 4.50232e-05 1.53845e-05
1434 1.434 4.55799e-05 1.53786e-05
1435 1.435 4.63351e-05 1.53762e-05
1436 1.436 4.72614e-05 1.53873e-05
1437 1.437 4.83281e-05 1.5371e-05
1438 1.438 4.95398e-05 1.53802e-05
1439 1.439 5.08274e-05 1.53565e-05
1440 1.44 5.22008e-05 1.53476e-05
1441 1.441 5.36868e-05 1.53922e-05
1442 1.442 5.51909e-05 1.53658e-05
1443 1.443 5.67041e-05 1.53654e-05
1444 1.444 5.8219e-05 1.53628e-05
1445 1.445 5.97171e-05 1.5364e-05
1446 1.446 6.11127e-05 1.53518e-05
1447 1.447 6.24593e-05 1.53477e-05
1448 1.448 6.37028e-05 1.53642e-05
1449 1.449 6.47825e-05 1.53384e-05
1450 1.45 6.5755e-05 1.53519e-05
1451 1.451 6.65404e-05 1.53465e-05
1452 1.452 6.71627e-05 1.53545e-05
1453 1.453 6.75737e-05 1.53401e-05
1454 1.454 6.77858e-05 1.53418e-05
1455 1.455 6.78168e-05 1.53524e-05
1456 1.456 6.76442e-05 1.53432e-05
1457 1.457 6.72563e-05 1.53608e-05
1458 1.458 6.66643e-05 1.53458e-05
1459 1.459 6.58844e-05 1.5334e-05
1460 1.46 6.4936e-05 1.53296e-05
1461 1.461 6.38306e-05 1.53251e-05
1462 1.462 6.26023e-05 1.53527e-05
1463 1.463 6.12348e-05 1.5337e-05
1464 1.464 5.97477e-05 1.53244e-05
1465 1.465 5.82119e-05 1.5334e-05
1466 1.466 5.6592e-05 1.53173e-05
1467 1.467 5.49591e-05 1.53356e-05
1468 1.468 5.32911e-05 1.53177e-05
1469 1.469 5.16857e-05 1.53419e-05
1470 1.47 5.00826e-05 1.53246e-05
1471 1.471 4.85799e-05 1.53395e-05
1472 1.472 4.71227e-05 1.53012e-05
1473 1.473 4.58201e-05 1.53424e-05
1474 1.474 4.46094e-05 1.53395e-05
1475 1.475 4.35427e-05 1.53378e-05
1476 1.476 4.2627e-05 1.53228e-05
1477 1.477 4.18813e-05 1.53215e-05
1478 1.478 4.1313e-05 1.52937e-05
1479 1.479 4.09418e-05 1.53363e-05
1480 1.48 4.07677e-05 1.53536e-05
1481 1.481 4.07018e-05 1.52859e-05
1482 1.482 4.09028e-05 1.52992e-05
1483 1.483 4.12572e-05 1.53071e-05
1484 1.484 4.18101e-05 1.53289e-05
1485 1.485 4.24983e-05 1.52998e-05
1486 1.486 4.33741e-05 1.53269e-05
1487 1.487 4.4353e-05 1.53076e-05
1488 1.488 4.54951e-05 1.53061e-05
1489 1.489 4.67265e-05 1.5345e-05
1490 1.49 4.80096e-05 1.53035e-05
1491 1.491 4.93859e-05 1.53157e-05
1492 1.492 5.07972e-05 1.53096e-05
1493 1.493 5.2219e-05 1.53011e-05
1494 1.494 5.36392e-05 1.52714e-05
1495 1.495 5.50476e-05 1.53218e-05
1496 1.496 5.63765e-05 1.53008e-05
1497 1.497 5.7614e-05 1.52823e-05
1498 1.498 5.87823e-05 1.53039e-05
1499 1.499 5.97987e-05 1.52722e-05
1500 1.5 6.07221e-05 1.52987e-05
1501 1.501 6.14622e-05 1.53045e-05
1502 1.502 6.20566e-05 1.53328e-05
1503 1.503 6.24178e-05 1.52637e-05
1504 1.504 6.2659e-05 1.53117e-05
1505 1.505 6.2676e-05 1.52959e-05
1506 1.506 6.25097e-05 1.52667e-05
1507 1.507 6.21643e-05 1.52792e-05
1508 1.508 6.16476e-05 1.53099e-05
1509 1.509 6.09272e-05 1.52919e-05
1510 1.51 6.00743e-05 1.53008e-05
1511 1.511 5.90521e-05 1.53121e-05
1512 1.512 5.79099e-05 1.53245e-05
1513 1.513 5.66193e-05 1.52792e-05
1514 1.514 5.52658e-05 1.52745e-05
1515 1.515 5.38179e-05 1.53055e-05
1516 1.516 5.23365e-05 1.52839e-05
1517 1.517 5.08194e-05 1.53169e-05
1518 1.518 4.92689e-05 1.52908e-05
1519 1.519 4.77609e-05 1.52986e-05
1520 1.52 4.62829e-05 1.52756e-05
1521 1.521 4.48439e-05 1.52762e-05
1522 1.522 4.3516e-05 1.528e-05
1523 1.523 4.23004e-05 1.52725e-05
1524 1.524 4.11524e-05 1.52688e-05
1525 1.525 4.01682e-05 1.52677e-05
1526 1.526 3.93249e-05 1.52958e-05
1527 1.527 3.86347e-05 1.53038e-05
1528 1.528 3.81082e-05 1.52881e-05
1529 1.529 3.7735e-05 1.52936e-05
1530 1.53 3.75681e-05 1.53113e-05
1531 1.531 3.75367e-05 1.52675e-05
1532 1.532 3.77269e-05 1.53046e-05
1533 1.533 3.80536e-05 1.52761e-05
1534 1.534 3.85433e-05 1.52758e-05
1535 1.535 3.91865e-05 1.52504e-05
1536 1.536 3.99996e-05 1.52828e-05
1537 1.537 4.09308e-05 1.52622e-05
1538 1.538 4.19789e-05 1.52685e-05
1539 1.539 4.31331e-05 1.52776e-05
1540 1.54 4.43699e-05 1.52931e-05
1541 1.541 4.56341e-05 1.52687e-05
1542 1.542 4.69738e-05 1.528e-05
1543 1.543 4.83039e-05 1.52619e-05
1544 1.544 4.96573e-05 1.5296e-05
1545 1.545 5.09423e-05 1.52532e-05
1546 1.546 5.21995e-05 1.53082e-05
1547 1.547 5.33782e-05 1.52667e-05
1548 1.548 5.44724e-05 1.52827e-05
1549 1.549 5.54323e-05 1.52516e-05
1550 1.55 5.62865e-05 1.52743e-05
1551 1.551 5.69776e-05 1.52821e-05
1552 1.552 5.75421e-05 1.5264e-05
1553 1.553 5.79268e-05 1.52803e-05
1554 1.554 5.81299e-05 1.52553e-05
1555 1.555 5.81728e-05 1.52678e-05
1556 1.556 5.80417e-05 1.52859e-05
1557 1.557 5.77049e-05 1.52751e-05
1558 1.558 5.72207e-05 1.52806e-05
1559 1.559 5.65613e-05 1.52647e-05
1560 1.56 5.57583e-05 1.52762e-05
1561 1.561 5.47889e-05 1.52653e-05
1562 1.562 5.3733e-05 1.52757e-05
1563 1.563 5.25431e-05 1.52663e-05
1564 1.564 5.12577e-05 1.52494e-05
1565 1.565 4.99092e-05 1.52471e-05
1566 1.566 4.85263e-05 1.52455e-05
1567 1.567 4.71007e-05 1.52622e-05
1568 1.568 4.56554e-05 1.52405e-05
1569 1.569 4.42519e-05 1.52436e-05
1570 1.57 4.29008e-05 1.52827e-05
1571 1.571 4.15521e-05 1.52599e-05
1572 1.572 4.02821e-05 1.52218e-05
1573 1.573 3.91574e-05 1.52657e-05
1574 1.574 3.80836e-05 1.52515e-05
1575 1.575 3.71777e-05 1.52758e-05
1576 1.576 3.63521e-05 1.52342e-05
1577 1.577 3.5728e-05 1.5263e-05
1578 1.578 3.52246e-05 1.52524e-05
1579 1.579 3.48791e-05 1.52294e-05
1580 1.58 3.47247e-05 1.52748e-05
1581 1.581 3.47265e-05 1.52703e-05
1582 1.582 3.48562e-05 1.52379e-05
1583 1.583 3.51912e-05 1.52464e-05
1584 1.584 3.56534e-05 1.52725e-05
1585 1.585 3.62553e-05 1.52198e-05
1586 1.586 3.70195e-05 1.52443e-05
1587 1.587 3.78812e-05 1.52445e-05
1588 1.588 3.88791e-05 1.52439e-05
1589 1.589 3.99569e-05 1.52639e-05
1590 1.59 4.10879e-05 1.5227e-05
1591 1.591 4.23055e-05 1.5237e-05
1592 1.592 4.35566e-05 1.52511e-05
1593 1.593 4.48069e-05 1.52489e-05
1594 1.594 4.60538e-05 1.52539e-05
1595 1.595 4.72731e-05 1.52383e-05
1596 1.596 4.84455e-05 1.52402e-05
1597 1.597 4.95537e-05 1.52463e-05
1598 1.598 5.05982e-05 1.52558e-05
1599 1.599 5.15041e-05 1.52293e-05
1600 1.6 5.23024e-05 1.52209e-05
1601 1.601 5.29965e-05 1.52558e-05
1602 1.602 5.35072e-05 1.52607e-05
1603 1.603 5.38455e-05 1.52226e-05
1604 1.604 5.40777e-05 1.52479e-05
1605 1.605 5.41117e-05 1.52485e-05
1606 1.606 5.39678e-05 1.522e-05
1607 1.607 5.36688e-05 1.52409e-05
1608 1.608 5.32301e-05 1.52164e-05
1609 1.609 5.26025e-05 1.51962e-05
1610 1.61 5.1856e-05 1.52056e-05
1611 1.611 5.09791e-05 1.52138e-05
1612 1.612 4.99954e-05 1.52089e-05
1613 1.613 4.88894e-05 1.52133e-05
1614 1.614 4.77061e-05 1.52222e-05
1615 1.615 4.64511e-05 1.52231e-05
1616 1.616 4.51404e-05 1.51953e-05
1617 1.617 4.38304e-05 1.52117e-05
1618 1.618 4.24894e-05 1.51889e-05
1619 1.619 4.11844e-05 1.52434e-05
1620 1.62 3.99025e-05 1.52312e-05
1621 1.621 3.86798e-05 1.5241e-05
1622 1.622 3.74844e-05 1.52165e-05
1623 1.623 3.64078e-05 1.52485e-05
1624 1.624 3.54059e-05 1.52181e-05
1625 1.625 3.45652e-05 1.52363e-05
1626 1.626 3.38044e-05 1.52255e-05
1627 1.627 3.3185e-05 1.52078e-05
1628 1.628 3.27413e-05 1.52263e-05
1629 1.629 3.24189e-05 1.52324e-05
1630 1.63 3.22615e-05 1.51908e-05
1631 1.631 3.2275e-05 1.52157e-05
1632 1.632 3.23945e-05 1.52332e-05
1633 1.633 3.26998e-05 1.52075e-05
1634 1.634 3.31447e-05 1.52149e-05
1635 1.635 3.37227e-05 1.52238e-05
1636 1.636 3.44164e-05 1.51981e-05
1637 1.637 3.52359e-05 1.52194e-05
1638 1.638 3.61547e-05 1.52157e-05
1639 1.639 3.71794e-05 1.52194e-05
1640 1.64 3.82488e-05 1.52045e-05
1641 1.641 3.94006e-05 1.52268e-05
1642 1.642 4.05455e-05 1.52059e-05
1643 1.643 4.17273e-05 1.51962e-05
1644 1.644 4.29111e-05 1.52366e-05
1645 1.645 4.4046e-05 1.51876e-05
1646 1.646 4.51805e-05 1.52411e-05
1647 1.647 4.62037e-05 1.52086e-05
1648 1.648 4.71709e-05 1.52151e-05
1649 1.649 4.80399e-05 1.52135e-05
1650 1.65 4.87833e-05 1.51962e-05
1651 1.651 4.94018e-05 1.51944e-05
1652 1.652 4.99072e-05 1.52219e-05
1653 1.653 5.02624e-05 1.52303e-05
1654 1.654 5.04423e-05 1.52094e-05
1655 1.655 5.04991e-05 1.52007e-05
1656 1.656 5.0404e-05 1.52315e-05
1657 1.657 5.01196e-05 1.522e-05
1658 1.658 4.97051e-05 1.51921e-05
1659 1.659 4.91175e-05 1.51951e-05
1660 1.66 4.8433e-05 1.52094e-05
1661 1.661 4.76112e-05 1.52131e-05
1662 1.662 4.66968e-05 1.52096e-05
1663 1.663 4.56663e-05 1.52176e-05
1664 1.664 4.45405e-05 1.5206e-05
1665 1.665 4.33653e-05 1.5195e-05
1666 1.666 4.21779e-05 1.52101e-05
1667 1.667 4.09163e-05 1.52017e-05
1668 1.668 3.96708e-05 1.51997e-05
1669 1.669 3.84693e-05 1.52082e-05
1670 1.67 3.72176e-05 1.51821e-05
1671 1.671 3.60695e-05 1.52076e-05
1672 1.672 3.4975e-05 1.52021e-05
1673 1.673 3.39731e-05 1.51862e-05
1674 1.674 3.30299e-05 1.52008e-05
1675 1.675 3.2226e-05 1.51863e-05
1676 1.676 3.15282e-05 1.51811e-05
1677 1.677 3.09661e-05 1.51931e-05
1678 1.678 3.05243e-05 1.5171e-05
1679 1.679 3.02394e-05 1.52003e-05
1680 1.68 3.00789e-05 1.5178e-05
1681 1.681 3.00839e-05 1.51878e-05
1682 1.682 3.02225e-05 1.51889e-05
1683 1.683 3.05044e-05 1.51986e-05
1684 1.684 3.09303e-05 1.51853e-05
1685 1.685 3.14635e-05 1.5183e-05
1686 1.686 3.21331e-05 1.5196e-05
1687 1.687 3.29006e-05 1.51933e-05
1688 1.688 3.37603e-05 1.51793e-05
1689 1.689 3.46939e-05 1.51617e-05
1690 1.69 3.57315e-05 1.51791e-05
1691 1.691 3.67898e-05 1.51996e-05
1692 1.692 3.7878e-05 1.52001e-05
1693 1.693 3.89797e-05 1.51886e-05
1694 1.694 4.00948e-05 1.51819e-05
1695 1.695 4.11518e-05 1.51639e-05
1696 1.696 4.2201e-05 1.51802e-05
1697 1.697 4.31927e-05 1.52204e-05
1698 1.698 4.4086e-05 1.5165e-05
1699 1.699 4.49061e-05 1.51903e-05
1700 1.7 4.56235e-05 1.51822e-05
1701 1.701 4.61903e-05 1.51517e-05
1702 1.702 4.66741e-05 1.51767e-05
1703 1.703 4.6999e-05 1.51823e-05
1704 1.704 4.71839e-05 1.51571e-05
1705 1.705 4.71929e-05 1.51452e-05
1706 1.706 4.71304e-05 1.51651e-05
1707 1.707 4.68533e-05 1.51437e-05
1708 1.708 4.64875e-05 1.51836e-05
1709 1.709 4.59496e-05 1.51364e-05
1710 1.71 4.53345e-05 1.51842e-05
1711 1.711 4.45588e-05 1.51663e-05
1712 1.712 4.36777e-05 1.5147e-05
1713 1.713 4.27247e-05 1.51466e-05
1714 1.714 4.17046e-05 1.51741e-05
1715 1.715 4.06243e-05 1.51711e-05
1716 1.716 3.94774e-05 1.51616e-05
1717 1.717 3.83259e-05 1.51662e-05
1718 1.718 3.71936e-05 1.51762e-05
1719 1.719 3.60262e-05 1.51938e-05
1720 1.72 3.48969e-05 1.51945e-05
1721 1.721 3.38053e-05 1.5166e-05
1722 1.722 3.27835e-05 1.51862e-05
1723 1.723 3.18357e-05 1.51749e-05
1724 1.724 3.09839e-05 1.5166e-05
1725 1.725 3.02213e-05 1.51737e-05
1726 1.726 2.95466e-05 1.51359e-05
1727 1.727 2.90271e-05 1.51587e-05
1728 1.728 2.86363e-05 1.51699e-05
1729 1.729 2.83605e-05 1.51688e-05
1730 1.73 2.81904e-05 1.51414e-05
1731 1.731 2.81987e-05 1.51633e-05
1732 1.732 2.83451e-05 1.51657e-05
1733 1.733 2.8625e-05 1.5177e-05
1734 1.734 2.89971e-05 1.51652e-05
1735 1.735 2.95388e-05 1.52054e-05
1736 1.736 3.0151e-05 1.51942e-05
1737 1.737 3.0867e-05 1.51698e-05
1738 1.738 3.16796e-05 1.51628e-05
1739 1.739 3.25586e-05 1.51549e-05
1740 1.74 3.35035e-05 1.51693e-05
1741 1.741 3.45201e-05 1.51707e-05
1742 1.742 3.55344e-05 1.51678e-05
1743 1.743 3.65788e-05 1.51642e-05
1744 1.744 3.76125e-05 1.51612e-05
1745 1.745 3.86424e-05 1.5197e-05
1746 1.746 3.95919e-05 1.51705e-05
1747 1.747 4.05322e-05 1.51961e-05
1748 1.748 4.13592e-05 1.51686e-05
1749 1.749 4.21029e-05 1.51407e-05
1750 1.75 4.27782e-05 1.5157e-05
1751 1.751 4.33342e-05 1.5167e-05
1752 1.752 4.37694e-05 1.51522e-05
1753 1.753 4.40784e-05 1.51639e-05
1754 1.754 4.42501e-05 1.51482e-05
1755 1.755 4.42798e-05 1.51253e-05
1756 1.756 4.41915e-05 1.51549e-05
1757 1.757 4.39844e-05 1.51564e-05
1758 1.758 4.36289e-05 1.51472e-05
1759 1.759 4.31426e-05 1.51725e-05
1760 1.76 4.25512e-05 1.51541e-05
1761 1.761 4.18531e-05 1.51649e-05
1762 1.762 4.10169e-05 1.5147e-05
1763 1.763 4.0131e-05 1.51556e-05
1764 1.764 3.91734e-05 1.51445e-05
1765 1.765 3.81527e-05 1.51367e-05
1766 1.766 3.70939e-05 1.51573e-05
1767 1.767 3.60133e-05 1.51647e-05
1768 1.768 3.49391e-05 1.51633e-05
1769 1.769 3.3846e-05 1.51397e-05
1770 1.77 3.27941e-05 1.51496e-05
1771 1.771 3.17787e-05 1.515e-05
1772 1.772 3.08154e-05 1.51274e-05
1773 1.773 2.99685e-05 1.51905e-05
1774 1.774 2.91612e-05 1.51908e-05
1775 1.775 2.8434e-05 1.51583e-05
1776 1.776 2.7805e-05 1.51196e-05
1777 1.777 2.73458e-05 1.5173e-05
1778 1.778 2.69645e-05 1.51586e-05
1779 1.779 2.67284e-05 1.51722e-05
1780 1.78 2.65798e-05 1.51491e-05
1781 1.781 2.65677e-05 1.51444e-05
1782 1.782 2.67162e-05 1.51682e-05
1783 1.783 2.69404e-05 1.51445e-05
1784 1.784 2.73352e-05 1.51765e-05
1785 1.785 2.78182e-05 1.51713e-05
1786 1.786 2.83787e-05 1.5147e-05
1787 1.787 2.9048e-05 1.51199e-05
1788 1.788 2.98237e-05 1.51545e-05
1789 1.789 3.06419e-05 1.51306e-05
1790 1.79 3.1556e-05 1.51557e-05
1791 1.791 3.24712e-05 1.5157e-05
1792 1.792 3.34238e-05 1.51357e-05
1793 1.793 3.44215e-05 1.51595e-05
1794 1.794 3.53479e-05 1.51095e-05
1795 1.795 3.63314e-05 1.51617e-05
1796 1.796 3.72385e-05 1.51515e-05
1797 1.797 3.806e-05 1.51032e-05
1798 1.798 3.88793e-05 1.5146e-05
1799 1.799 3.96178e-05 1.51394e-05
1800 1.8 4.02262e-05 1.51464e-05
1801 1.801 4.07812e-05 1.51715e-05
1802 1.802 4.11629e-05 1.51317e-05
1803 1.803 4.14653e-05 1.51211e-05
1804 1.804 4.16379e-05 1.51323e-05
1805 1.805 4.16962e-05 1.51467e-05
1806 1.806 4.16017e-05 1.51334e-05
1807 1.807 4.14044e-05 1.51458e-05
1808 1.808 4.106e-05 1.5147e-05
1809 1.809 4.06065e-05 1.51109e-05
1810 1.81 4.00515e-05 1.51299e-05
1811 1.811 3.94006e-05 1.51334e-05
1812 1.812 3.86393e-05 1.5122e-05
1813 1.813 3.78409e-05 1.51597e-05
1814 1.814 3.6917e-05 1.51018e-05
1815 1.815 3.59658e-05 1.51204e-05
1816 1.816 3.4977e-05 1.51261e-05
1817 1.817 3.39815e-05 1.51186e-05
1818 1.818 3.29651e-05 1.51326e-05
1819 1.819 3.19538e-05 1.51385e-05
1820 1.82 3.09579e-05 1.51267e-05
1821 1.821 3.00318e-05 1.51498e-05
1822 1.822 2.91292e-05 1.51362e-05
1823 1.823 2.8329e-05 1.51688e-05
1824 1.824 2.75404e-05 1.51105e-05
1825 1.825 2.68846e-05 1.51116e-05
1826 1.826 2.63387e-05 1.51439e-05
1827 1.827 2.58537e-05 1.51036e-05
1828 1.828 2.55177e-05 1.51292e-05
1829 1.829 2.52791e-05 1.51323e-05
1830 1.83 2.5152e-05 1.51164e-05
1831 1.831 2.51656e-05 1.51401e-05
1832 1.832 2.52409e-05 1.50957e-05
1833 1.833 2.55013e-05 1.51476e-05
1834 1.834 2.58476e-05 1.51273e-05
1835 1.835 2.631e-05 1.5108e-05
1836 1.836 2.68333e-05 1.51307e-05
1837 1.837 2.74775e-05 1.51114e-05
1838 1.838 2.82072e-05 1.51417e-05
1839 1.839 2.89993e-05 1.51474e-05
1840 1.84 2.98208e-05 1.51327e-05
1841 1.841 3.06879e-05 1.5134e-05
1842 1.842 3.15732e-05 1.51017e-05
1843 1.843 3.24835e-05 1.51065e-05
1844 1.844 3.34082e-05 1.51181e-05
1845 1.845 3.4283e-05 1.51112e-05
1846 1.846 3.51276e-05 1.5093e-05
1847 1.847 3.59597e-05 1.51221e-05
1848 1.848 3.67077e-05 1.51364e-05
1849 1.849 3.73678e-05 1.51099e-05
1850 1.85 3.79876e-05 1.51572e-05
1851 1.851 3.84413e-05 1.50997e-05
1852 1.852 3.88538e-05 1.51497e-05
1853 1.853 3.90894e-05 1.50715e-05
1854 1.854 3.92884e-05 1.51548e-05
1855 1.855 3.93279e-05 1.51061e-05
1856 1.856 3.92672e-05 1.51252e-05
1857 1.857 3.90435e-05 1.5107e-05
1858 1.858 3.87509e-05 1.5115e-05
1859 1.859 3.83423e-05 1.51205e-05
1860 1.86 3.78013e-05 1.51204e-05
1861 1.861 3.72056e-05 1.51277e-05
1862 1.862 3.65061e-05 1.51206e-05
1863 1.863 3.57338e-05 1.51367e-05
1864 1.864 3.48856e-05 1.51044e-05
1865 1.865 3.39959e-05 1.51257e-05
1866 1.866 3.30886e-05 1.51349e-05
1867 1.867 3.21281e-05 1.51201e-05
1868 1.868 3.11823e-05 1.51042e-05
1869 1.869 3.02299e-05 1.51053e-05
1870 1.87 2.93264e-05 1.51049e-05
1871 1.871 2.84393e-05 1.5109e-05
1872 1.872 2.76084e-05 1.51047e-05
1873 1.873 2.68431e-05 1.51265e-05
1874 1.874 2.61346e-05 1.51334e-05
1875 1.875 2.55298e-05 1.5125e-05
1876 1.876 2.49718e-05 1.51034e-05
1877 1.877 2.45284e-05 1.50837e-05
1878 1.878 2.42211e-05 1.50996e-05
1879 1.879 2.39855e-05 1.5081e-05
1880 1.88 2.38638e-05 1.50841e-05
1881 1.881 2.38973e-05 1.51323e-05
1882 1.882 2.40055e-05 1.51188e-05
1883 1.883 2.42147e-05 1.50961e-05
1884 1.884 2.4541e-05 1.50852e-05
1885 1.885 2.49697e-05 1.51148e-05
1886 1.886 2.54696e-05 1.51039e-05
1887 1.887 2.60704e-05 1.50988e-05
1888 1.888 2.67316e-05 1.50994e-05
1889 1.889 2.74646e-05 1.50988e-05
1890 1.89 2.8273e-05 1.51145e-05
1891 1.891 2.90679e-05 1.51108e-05
1892 1.892 2.99138e-05 1.51071e-05
1893 1.893 3.07589e-05 1.50798e-05
1894 1.894 3.16246e-05 1.50881e-05
1895 1.895 3.24573e-05 1.5106e-05
1896 1.896 3.32742e-05 1.51316e-05
1897 1.897 3.40035e-05 1.50839e-05
1898 1.898 3.4713e-05 1.50958e-05
1899 1.899 3.53462e-05 1.50966e-05
1900 1.9 3.59251e-05 1.51379e-05
1901 1.901 3.63597e-05 1.51172e-05
1902 1.902 3.67276e-05 1.51247e-05
1903 1.903 3.7002e-05 1.51102e-05
1904 1.904 3.71566e-05 1.51224e-05
1905 1.905 3.71905e-05 1.51205e-05
1906 1.906 3.71484e-05 1.51303e-05
1907 1.907 3.69666e-05 1.50995e-05
1908 1.908 3.66746e-05 1.51221e-05
1909 1.909 3.62824e-05 1.5115e-05
1910 1.91 3.58154e-05 1.51142e-05
1911 1.911 3.52189e-05 1.51006e-05
1912 1.912 3.45729e-05 1.509e-05
1913 1.913 3.38448e-05 1.5103e-05
1914 1.914 3.30832e-05 1.51206e-05
1915 1.915 3.22468e-05 1.51185e-05
1916 1.916 3.13916e-05 1.51139e-05
1917 1.917 3.04761e-05 1.50788e-05
1918 1.918 2.9624e-05 1.51185e-05
1919 1.919 2.87328e-05 1.50991e-05
1920 1.92 2.78924e-05 1.51219e-05
1921 1.921 2.70351e-05 1.50856e-05
1922 1.922 2.62929e-05 1.51034e-05
1923 1.923 2.55467e-05 1.51011e-05
1924 1.924 2.4891e-05 1.51064e-05
1925 1.925 2.43153e-05 1.50982e-05
1926 1.926 2.38067e-05 1.51034e-05
1927 1.927 2.34082e-05 1.50772e-05
1928 1.928 2.31113e-05 1.51133e-05
1929 1.929 2.28941e-05 1.50985e-05
1930 1.93 2.28005e-05 1.51059e-05
1931 1.931 2.27902e-05 1.5114e-05
1932 1.932 2.29079e-05 1.50952e-05
1933 1.933 2.30971e-05 1.5094e-05
1934 1.934 2.33986e-05 1.50893e-05
1935 1.935 2.37971e-05 1.50913e-05
1936 1.936 2.42787e-05 1.51002e-05
1937 1.937 2.48619e-05 1.51181e-05
1938 1.938 2.54785e-05 1.50977e-05
1939 1.939 2.61591e-05 1.51069e-05
1940 1.94 2.68929e-05 1.50985e-05
1941 1.941 2.7635e-05 1.50738e-05
1942 1.942 2.84658e-05 1.5096e-05
1943 1.943 2.92646e-05 1.51093e-05
1944 1.944 3.00502e-05 1.50893e-05
1945 1.945 3.08559e-05 1.51161e-05
1946 1.946 3.15849e-05 1.50747e-05
1947 1.947 3.22897e-05 1.50862e-05
1948 1.948 3.29525e-05 1.50983e-05
1949 1.949 3.35627e-05 1.51233e-05
1950 1.95 3.40578e-05 1.50841e-05
1951 1.951 3.45062e-05 1.51057e-05
1952 1.952 3.48413e-05 1.51e-05
1953 1.953 3.50785e-05 1.50775e-05
1954 1.954 3.52215e-05 1.50838e-05
1955 1.955 3.52724e-05 1.50945e-05
1956 1.956 3.52009e-05 1.50703e-05
1957 1.957 3.50382e-05 1.50857e-05
1958 1.958 3.47894e-05 1.50995e-05
1959 1.959 3.4442e-05 1.51062e-05
1960 1.96 3.39814e-05 1.51159e-05
1961 1.961 3.34511e-05 1.50946e-05
1962 1.962 3.28302e-05 1.50784e-05
1963 1.963 3.21463e-05 1.50838e-05
1964 1.964 3.14269e-05 1.50837e-05
1965 1.965 3.06398e-05 1.50875e-05
1966 1.966 2.98573e-05 1.50973e-05
1967 1.967 2.90375e-05 1.51073e-05
1968 1.968 2.82149e-05 1.50922e-05
1969 1.969 2.7366e-05 1.50653e-05
1970 1.97 2.65559e-05 1.50581e-05
1971 1.971 2.57947e-05 1.51021e-05
1972 1.972 2.50779e-05 1.50895e-05
1973 1.973 2.44011e-05 1.50988e-05
1974 1.974 2.3776e-05 1.50973e-05
1975 1.975 2.32383e-05 1.51016e-05
1976 1.976 2.27826e-05 1.50983e-05
1977 1.977 2.24024e-05 1.50909e-05
1978 1.978 2.21014e-05 1.50623e-05
1979 1.979 2.19136e-05 1.51011e-05
1980 1.98 2.18209e-05 1.50982e-05
1981 1.981 2.183e-05 1.50854e-05
1982 1.982 2.19148e-05 1.50713e-05
1983 1.983 2.21404e-05 1.51142e-05
1984 1.984 2.23997e-05 1.50834e-05
1985 1.985 2.27777e-05 1.50904e-05
1986 1.986 2.32333e-05 1.51037e-05
1987 1.987 2.37388e-05 1.50667e-05
1988 1.988 2.43314e-05 1.50908e-05
1989 1.989 2.49793e-05 1.50831e-05
1990 1.99 2.5646e-05 1.50793e-05
1991 1.991 2.64158e-05 1.51273e-05
1992 1.992 2.71383e-05 1.50864e-05
1993 1.993 2.78997e-05 1.50996e-05
1994 1.994 2.86217e-05 1.50692e-05
1995 1.995 2.93711e-05 1.51054e-05
1996 1.996 3.00646e-05 1.50921e-05
1997 1.997 3.07244e-05 1.50699e-05
1998 1.998 3.13341e-05 1.50693e-05
1999 1.999 3.18757e-05 1.50527e-05
2000 2 3.23912e-05 1.5083e-05
2001 2.001 3.27891e-05 1.50781e-05
2002 2.002 3.31079e-05 1.50709e-05
2003 2.003 3.33504e-05 1.50944e-05
2004 2.004 3.34988e-05 1.50892e-05
2005 2.005 3.35468e-05 1.50863e-05
2006 2.006 3.34688e-05 1.50744e-05
2007 2.007 3.33175e-05 1.50816e-05
2008 2.008 3.30847e-05 1.50972e-05
2009 2.009 3.27135e-05 1.506e-05
2010 2.01 3.23211e-05 1.50922e-05
2011 2.011 3.17915e-05 1.50698e-05
2012 2.012 3.12574e-05 1.51071e-05
2013 2.013 3.06006e-05 1.50509e-05
2014 2.014 2.99498e-05 1.509e-05
2015 2.015 2.92236e-05 1.50764e-05
2016 2.016 2.84583e-05 1.50717e-05
2017 2.017 2.76912e-05 1.50722e-05
2018 2.018 2.69381e-05 1.50568e-05
2019 2.019 2.6166e-05 1.50784e-05
2020 2.02 2.54089e-05 1.50759e-05
2021 2.021 2.47004e-05 1.50905e-05
2022 2.022 2.40039e-05 1.50908e-05
2023 2.023 2.33923e-05 1.5071e-05
2024 2.024 2.28113e-05 1.50872e-05
2025 2.025 2.22763e-05 1.50637e-05
2026 2.026 2.18543e-05 1.50472e-05
2027 2.027 2.15227e-05 1.50883e-05
2028 2.028 2.12422e-05 1.50556e-05
2029 2.029 2.10774e-05 1.50708e-05
2030 2.03 2.10069e-05 1.50816e-05
2031 2.031 2.09729e-05 1.50817e-05
2032 2.032 2.1074e-05 1.50849e-05
2033 2.033 2.12626e-05 1.50739e-05
2034 2.034 2.15495e-05 1.509e-05
2035 2.035 2.18878e-05 1.5099e-05
2036 2.036 2.2312e-05 1.50985e-05
2037 2.037 2.2783e-05 1.50746e-05
2038 2.038 2.33637e-05 1.51017e-05
2039 2.039 2.39447e-05 1.50615e-05
2040 2.04 2.46009e-05 1.5078e-05
2041 2.041 2.52545e-05 1.5063e-05
2042 2.042 2.59668e-05 1.50943e-05
2043 2.043 2.66665e-05 1.5086e-05
2044 2.044 2.7366e-05 1.50862e-05
2045 2.045 2.80452e-05 1.50889e-05
2046 2.046 2.87025e-05 1.50712e-05
2047 2.047 2.93161e-05 1.50742e-05
2048 2.048 2.99032e-05 1.50911e-05
2049 2.049 3.04127e-05 1.50635e-05
2050 2.05 3.08641e-05 1.50447e-05
2051 2.051 3.12566e-05 1.50816e-05
2052 2.052 3.15531e-05 1.50523e-05
2053 2.053 3.17755e-05 1.50654e-05
2054 2.054 3.19268e-05 1.50829e-05
2055 2.055 3.19648e-05 1.50892e-05
2056 2.056 3.18971e-05 1.50646e-05
2057 2.057 3.17435e-05 1.50415e-05
2058 2.058 3.15492e-05 1.50985e-05
2059 2.059 3.12233e-05 1.50721e-05
2060 2.06 3.08262e-05 1.50784e-05
2061 2.061 3.03618e-05 1.50624e-05
2062 2.062 2.9828e-05 1.50699e-05
2063 2.063 2.92423e-05 1.50682e-05
2064 2.064 2.8616e-05 1.50633e-05
2065 2.065 2.79407e-05 1.50582e-05
2066 2.066 2.72579e-05 1.50881e-05
2067 2.067 2.65418e-05 1.50989e-05
2068 2.068 2.58047e-05 1.50689e-05
2069 2.069 2.51026e-05 1.5094e-05
2070 2.07 2.43704e-05 1.50514e-05
2071 2.071 2.36916e-05 1.50227e-05
2072 2.072 2.30611e-05 1.50637e-05
2073 2.073 2.24819e-05 1.50543e-05
2074 2.074 2.19395e-05 1.50509e-05
2075 2.075 2.14658e-05 1.50815e-05
2076 2.076 2.10766e-05 1.50705e-05
2077 2.077 2.07438e-05 1.50936e-05
2078 2.078 2.04639e-05 1.50429e-05
2079 2.079 2.03003e-05 1.50552e-05
2080 2.08 2.02392e-05 1.50912e-05
2081 2.081 2.02491e-05 1.50671e-05
2082 2.082 2.03345e-05 1.50663e-05
2083 2.083 2.05001e-05 1.50724e-05
2084 2.084 2.07659e-05 1.50733e-05
2085 2.085 2.10783e-05 1.50675e-05
2086 2.086 2.1474e-05 1.5092e-05
2087 2.087 2.19605e-05 1.50792e-05
2088 2.088 2.24517e-05 1.50563e-05
2089 2.089 2.30214e-05 1.50691e-05
2090 2.09 2.36084e-05 1.504e-05
2091 2.091 2.42466e-05 1.50348e-05
2092 2.092 2.48784e-05 1.5041e-05
2093 2.093 2.55738e-05 1.50731e-05
2094 2.094 2.62207e-05 1.5056e-05
2095 2.095 2.68718e-05 1.5062e-05
2096 2.096 2.74825e-05 1.50592e-05
2097 2.097 2.80572e-05 1.50787e-05
2098 2.098 2.86079e-05 1.50651e-05
2099 2.099 2.91014e-05 1.50708e-05
2100 2.1 2.95035e-05 1.50376e-05
2101 2.101 2.98825e-05 1.50674e-05
2102 2.102 3.0172e-05 1.50548e-05
2103 2.103 3.03841e-05 1.50762e-05
2104 2.104 3.04866e-05 1.50382e-05
2105 2.105 3.05295e-05 1.50757e-05
2106 2.106 3.04971e-05 1.50792e-05
2107 2.107 3.0371e-05 1.50656e-05
2108 2.108 3.01178e-05 1.50426e-05
2109 2.109 2.98394e-05 1.50555e-05
2110 2.11 2.9481e-05 1.50561e-05
2111 2.111 2.90469e-05 1.50432e-05
2112 2.112 2.85496e-05 1.50483e-05
2113 2.113 2.80237e-05 1.50666e-05
2114 2.114 2.74222e-05 1.50669e-05
2115 2.115 2.67821e-05 1.50543e-05
2116 2.116 2.61596e-05 1.50995e-05
2117 2.117 2.54725e-05 1.5063e-05
2118 2.118 2.47819e-05 1.50635e-05
2119 2.119 2.40944e-05 1.50496e-05
2120 2.12 2.34688e-05 1.50547e-05
2121 2.121 2.28355e-05 1.50671e-05
2122 2.122 2.22292e-05 1.50476e-05
2123 2.123 2.17094e-05 1.50845e-05
2124 2.124 2.11916e-05 1.50825e-05
2125 2.125 2.07457e-05 1.5057e-05
2126 2.126 2.03616e-05 1.50526e-05
2127 2.127 2.00415e-05 1.50502e-05
2128 2.128 1.98176e-05 1.50624e-05
2129 2.129 1.96648e-05 1.50617e-05
2130 2.13 1.95984e-05 1.50695e-05
2131 2.131 1.95764e-05 1.50709e-05
2132 2.132 1.96692e-05 1.50479e-05
2133 2.133 1.98138e-05 1.50303e-05
2134 2.134 2.00412e-05 1.50496e-05
2135 2.135 2.03822e-05 1.50705e-05
2136 2.136 2.07538e-05 1.5052e-05
2137 2.137 2.11887e-05 1.50729e-05
2138 2.138 2.16774e-05 1.50652e-05
2139 2.139 2.21962e-05 1.50633e-05
2140 2.14 2.27739e-05 1.50836e-05
2141 2.141 2.33504e-05 1.50682e-05
2142 2.142 2.39551e-05 1.50616e-05
2143 2.143 2.45737e-05 1.50503e-05
2144 2.144 2.51649e-05 1.50504e-05
2145 2.145 2.57971e-05 1.50831e-05
2146 2.146 2.63583e-05 1.50545e-05
2147 2.147 2.69187e-05 1.50688e-05
2148 2.148 2.74158e-05 1.50672e-05
2149 2.149 2.78702e-05 1.50468e-05
2150 2.15 2.829e-05 1.50802e-05
2151 2.151 2.86187e-05 1.50574e-05
2152 2.152 2.88871e-05 1.50575e-05
2153 2.153 2.90847e-05 1.50675e-05
2154 2.154 2.92044e-05 1.50456e-05
2155 2.155 2.92505e-05 1.50844e-05
2156 2.156 2.9199e-05 1.50466e-05
2157 2.157 2.90826e-05 1.50838e-05
2158 2.158 2.88685e-05 1.50381e-05
2159 2.159 2.86018e-05 1.50419e-05
2160 2.16 2.8275e-05 1.50627e-05
2161 2.161 2.7855e-05 1.50401e-05
2162 2.162 2.73748e-05 1.50456e-05
2163 2.163 2.68816e-05 1.50397e-05
2164 2.164 2.63516e-05 1.50792e-05
2165 2.165 2.57424e-05 1.50392e-05
2166 2.166 2.51704e-05 1.50752e-05
2167 2.167 2.45173e-05 1.50848e-05
2168 2.168 2.38921e-05 1.50615e-05
2169 2.169 2.32299e-05 1.50339e-05
2170 2.17 2.26364e-05 1.50805e-05
2171 2.171 2.20491e-05 1.50586e-05
2172 2.172 2.14991e-05 1.50728e-05
2173 2.173 2.09804e-05 1.50699e-05
2174 2.174 2.05236e-05 1.50912e-05
2175 2.175 2.00875e-05 1.50466e-05
2176 2.176 1.97386e-05 1.50502e-05
2177 2.177 1.94805e-05 1.51e-05
2178 2.178 1.92501e-05 1.50702e-05
2179 2.179 1.90752e-05 1.50412e-05
2180 2.18 1.90306e-05 1.5054e-05
2181 2.181 1.90172e-05 1.50362e-05
2182 2.182 1.9096e-05 1.50494e-05
2183 2.183 1.92496e-05 1.50504e-05
2184 2.184 1.94634e-05 1.50466e-05
2185 2.185 1.97604e-05 1.50626e-05
2186 2.186 2.01169e-05 1.50709e-05
2187 2.187 2.05341e-05 1.5076e-05
2188 2.188 2.09482e-05 1.50486e-05
2189 2.189 2.14682e-05 1.50703e-05
2190 2.19 2.198e-05 1.50392e-05
2191 2.191 2.25389e-05 1.50381e-05
2192 2.192 2.31205e-05 1.50684e-05
2193 2.193 2.36854e-05 1.50663e-05
2194 2.194 2.42768e-05 1.50891e-05
2195 2.195 2.48304e-05 1.50477e-05
2196 2.196 2.53636e-05 1.50401e-05
2197 2.197 2.59026e-05 1.50763e-05
2198 2.198 2.63643e-05 1.50492e-05
2199 2.199 2.67881e-05 1.50307e-05
2200 2.2 2.71566e-05 1.50435e-05
2201 2.201 2.74661e-05 1.50546e-05
2202 2.202 2.77236e-05 1.50399e-05
2203 2.203 2.79165e-05 1.50429e-05
2204 2.204 2.80134e-05 1.50536e-05
2205 2.205 2.80516e-05 1.50469e-05
2206 2.206 2.80166e-05 1.50549e-05
2207 2.207 2.79222e-05 1.50484e-05
2208 2.208 2.7747e-05 1.50642e-05
2209 2.209 2.74911e-05 1.50633e-05
2210 2.21 2.71645e-05 1.50638e-05
2211 2.211 2.67871e-05 1.50535e-05
2212 2.212 2.63705e-05 1.50819e-05
2213 2.213 2.58967e-05 1.50766e-05
2214 2.214 2.53659e-05 1.50593e-05
2215 2.215 2.48346e-05 1.50816e-05
2216 2.216 2.42711e-05 1.50808e-05
2217 2.217 2.36549e-05 1.50397e-05
2218 2.218 2.30758e-05 1.50734e-05
2219 2.219 2.24931e-05 1.50539e-05
2220 2.22 2.19168e-05 1.5068e-05
2221 2.221 2.1368e-05 1.50631e-05
2222 2.222 2.08532e-05 1.50769e-05
2223 2.223 2.03476e-05 1.50451e-05
2224 2.224 1.99167e-05 1.50508e-05
2225 2.225 1.95102e-05 1.50337e-05
2226 2.226 1.92156e-05 1.50773e-05
2227 2.227 1.89378e-05 1.50459e-05
2228 2.228 1.87329e-05 1.50477e-05
2229 2.229 1.85971e-05 1.50305e-05
2230 2.23 1.85364e-05 1.50641e-05
2231 2.231 1.85249e-05 1.50455e-05
2232 2.232 1.86033e-05 1.50531e-05
2233 2.233 1.87636e-05 1.50708e-05
2234 2.234 1.89663e-05 1.50735e-05
2235 2.235 1.92162e-05 1.50422e-05
2236 2.236 1.9537e-05 1.50329e-05
2237 2.237 1.99163e-05 1.50269e-05
2238 2.238 2.03708e-05 1.50685e-05
2239 2.239 2.08135e-05 1.50549e-05
2240 2.24 2.13017e-05 1.50303e-05
2241 2.241 2.18361e-05 1.50541e-05
2242 2.242 2.23469e-05 1.50291e-05
2243 2.243 2.29143e-05 1.50535e-05
2244 2.244 2.34369e-05 1.50152e-05
2245 2.245 2.39774e-05 1.50358e-05
2246 2.246 2.44427e-05 1.50017e-05
2247 2.247 2.49459e-05 1.50413e-05
2248 2.248 2.53914e-05 1.50359e-05
2249 2.249 2.58151e-05 1.50594e-05
2250 2.25 2.61709e-05 1.5057e-05
2251 2.251 2.6456e-05 1.50505e-05
2252 2.252 2.66896e-05 1.50355e-05
2253 2.253 2.68431e-05 1.50206e-05
2254 2.254 2.69424e-05 1.50063e-05
2255 2.255 2.69845e-05 1.50388e-05
2256 2.256 2.69805e-05 1.50592e-05
2257 2.257 2.68712e-05 1.50629e-05
2258 2.258 2.67066e-05 1.50607e-05
2259 2.259 2.6458e-05 1.50528e-05
2260 2.26 2.6167e-05 1.50566e-05
2261 2.261 2.58064e-05 1.504e-05
2262 2.262 2.53945e-05 1.50254e-05
2263 2.263 2.49774e-05 1.50537e-05
2264 2.264 2.4476e-05 1.50409e-05
2265 2.265 2.3972e-05 1.50594e-05
2266 2.266 2.34475e-05 1.50501e-05
2267 2.267 2.28892e-05 1.50321e-05
2268 2.268 2.23512e-05 1.50608e-05
2269 2.269 2.1801e-05 1.50615e-05
2270 2.27 2.12512e-05 1.50545e-05
2271 2.271 2.07247e-05 1.50171e-05
2272 2.272 2.02489e-05 1.50436e-05
2273 2.273 1.98035e-05 1.50594e-05
2274 2.274 1.93714e-05 1.50211e-05
2275 2.275 1.90252e-05 1.50632e-05
2276 2.276 1.87244e-05 1.50708e-05
2277 2.277 1.84617e-05 1.50384e-05
2278 2.278 1.82572e-05 1.50055e-05
2279 2.279 1.81367e-05 1.50321e-05
2280 2.28 1.80862e-05 1.50438e-05
2281 2.281 1.8087e-05 1.50394e-05
2282 2.282 1.81799e-05 1.5052e-05
2283 2.283 1.83103e-05 1.50625e-05
2284 2.284 1.84858e-05 1.50531e-05
2285 2.285 1.87367e-05 1.5029e-05
2286 2.286 1.90525e-05 1.50384e-05
2287 2.287 1.93975e-05 1.50297e-05
2288 2.288 1.98073e-05 1.50335e-05
2289 2.289 2.02347e-05 1.5037e-05
2290 2.29 2.0692e-05 1.50179e-05
2291 2.291 2.11977e-05 1.50544e-05
2292 2.292 2.1677e-05 1.50228e-05
2293 2.293 2.22128e-05 1.50675e-05
2294 2.294 2.26874e-05 1.50101e-05
2295 2.295 2.31908e-05 1.50121e-05
2296 2.296 2.3685e-05 1.50675e-05
2297 2.297 2.4115e-05 1.50443e-05
2298 2.298 2.4534e-05 1.50406e-05
2299 2.299 2.49214e-05 1.50558e-05
2300 2.3 2.52411e-05 1.50323e-05
2301 2.301 2.54947e-05 1.49982e-05
2302 2.302 2.57557e-05 1.5059e-05
2303 2.303 2.59106e-05 1.50407e-05
2304 2.304 2.59936e-05 1.50396e-05
2305 2.305 2.60597e-05 1.50441e-05
2306 2.306 2.60142e-05 1.50558e-05
2307 2.307 2.58982e-05 1.50324e-05
2308 2.308 2.57527e-05 1.50445e-05
2309 2.309 2.55419e-05 1.50964e-05
2310 2.31 2.52599e-05 1.50344e-05
2311 2.311 2.49188e-05 1.50314e-05
2312 2.312 2.45538e-05 1.50487e-05
2313 2.313 2.41275e-05 1.50104e-05
2314 2.314 2.36952e-05 1.50546e-05
2315 2.315 2.31968e-05 1.50378e-05
2316 2.316 2.27252e-05 1.50635e-05
2317 2.317 2.21922e-05 1.50484e-05
2318 2.318 2.16878e-05 1.50382e-05
2319 2.319 2.11657e-05 1.50454e-05
2320 2.32 2.06615e-05 1.50355e-05
2321 2.321 2.0179e-05 1.50252e-05
2322 2.322 1.97463e-05 1.50491e-05
2323 2.323 1.93253e-05 1.50596e-05
2324 2.324 1.89212e-05 1.50235e-05
2325 2.325 1.85941e-05 1.50397e-05
2326 2.326 1.83086e-05 1.5044e-05
2327 2.327 1.80849e-05 1.50413e-05
2328 2.328 1.78991e-05 1.50437e-05
2329 2.329 1.77699e-05 1.50268e-05
2330 2.33 1.77126e-05 1.50166e-05
2331 2.331 1.77284e-05 1.50374e-05
2332 2.332 1.77869e-05 1.50278e-05
2333 2.333 1.78973e-05 1.50168e-05
2334 2.334 1.8062e-05 1.50246e-05
2335 2.335 1.83149e-05 1.50373e-05
2336 2.336 1.86138e-05 1.50331e-05
2337 2.337 1.89606e-05 1.50536e-05
2338 2.338 1.93269e-05 1.50403e-05
2339 2.339 1.97358e-05 1.5053e-05
2340 2.34 2.01685e-05 1.50423e-05
2341 2.341 2.06365e-05 1.50642e-05
2342 2.342 2.10724e-05 1.5026e-05
2343 2.343 2.15538e-05 1.50281e-05
2344 2.344 2.20289e-05 1.5033e-05
2345 2.345 2.24947e-05 1.50246e-05
2346 2.346 2.29303e-05 1.50231e-05
2347 2.347 2.33733e-05 1.50359e-05
2348 2.348 2.37522e-05 1.50244e-05
2349 2.349 2.41183e-05 1.50402e-05
2350 2.35 2.44322e-05 1.50563e-05
2351 2.351 2.46893e-05 1.50377e-05
2352 2.352 2.48837e-05 1.50319e-05
2353 2.353 2.50124e-05 1.50152e-05
2354 2.354 2.51142e-05 1.50461e-05
2355 2.355 2.51488e-05 1.50178e-05
2356 2.356 2.51223e-05 1.50396e-05
2357 2.357 2.50434e-05 1.50504e-05
2358 2.358 2.48949e-05 1.5027e-05
2359 2.359 2.47006e-05 1.50413e-05
2360 2.36 2.44423e-05 1.50379e-05
2361 2.361 2.41287e-05 1.50308e-05
2362 2.362 2.38102e-05 1.50543e-05
2363 2.363 2.33995e-05 1.50348e-05
2364 2.364 2.29589e-05 1.50243e-05
2365 2.365 2.25244e-05 1.50287e-05
2366 2.366 2.20416e-05 1.50286e-05
2367 2.367 2.15859e-05 1.50317e-05
2368 2.368 2.1089e-05 1.50173e-05
2369 2.369 2.0609e-05 1.50499e-05
2370 2.37 2.01637e-05 1.50678e-05
2371 2.371 1.96864e-05 1.50075e-05
2372 2.372 1.92714e-05 1.50321e-05
2373 2.373 1.88746e-05 1.50398e-05
2374 2.374 1.85111e-05 1.50269e-05
2375 2.375 1.81686e-05 1.49932e-05
2376 2.376 1.7933e-05 1.50129e-05
2377 2.377 1.77058e-05 1.50175e-05
2378 2.378 1.75244e-05 1.50135e-05
2379 2.379 1.74361e-05 1.50244e-05
2380 2.38 1.73716e-05 1.50124e-05
2381 2.381 1.73823e-05 1.50329e-05
2382 2.382 1.745e-05 1.50181e-05
2383 2.383 1.75638e-05 1.50231e-05
2384 2.384 1.77326e-05 1.50287e-05
2385 2.385 1.79472e-05 1.50131e-05
2386 2.386 1.82427e-05 1.50677e-05
2387 2.387 1.85273e-05 1.50312e-05
2388 2.388 1.88936e-05 1.50482e-05
2389 2.389 1.92669e-05 1.50216e-05
2390 2.39 1.96973e-05 1.50618e-05
2391 2.391 2.0125e-05 1.50562e-05
2392 2.392 2.0539e-05 1.50345e-05
2393 2.393 2.09932e-05 1.50489e-05
2394 2.394 2.14399e-05 1.50371e-05
2395 2.395 2.18671e-05 1.50484e-05
2396 2.396 2.22787e-05 1.50141e-05
2397 2.397 2.26668e-05 1.5021e-05
2398 2.398 2.30356e-05 1.4999e-05
2399 2.399 2.33837e-05 1.50329e-05
2400 2.4 2.36547e-05 1.50217e-05
2401 2.401 2.38986e-05 1.50243e-05
2402 2.402 2.40928e-05 1.5003e-05
2403 2.403 2.42467e-05 1.50281e-05
2404 2.404 2.43331e-05 1.50369e-05
2405 2.405 2.43527e-05 1.5021e-05
2406 2.406 2.43592e-05 1.50598e-05
2407 2.407 2.42738e-05 1.50393e-05
2408 2.408 2.41057e-05 1.50232e-05
2409 2.409 2.39463e-05 1.50299e-05
2410 2.41 2.36793e-05 1.50076e-05
2411 2.411 2.34078e-05 1.50325e-05
2412 2.412 2.30759e-05 1.50255e-05
2413 2.413 2.27061e-05 1.5037e-05
2414 2.414 2.23104e-05 1.50368e-05
2415 2.415 2.19064e-05 1.50385e-05
2416 2.416 2.14716e-05 1.50338e-05
2417 2.417 2.10281e-05 1.50552e-05
2418 2.418 2.05621e-05 1.50345e-05
2419 2.419 2.01121e-05 1.5029e-05
2420 2.42 1.96779e-05 1.50328e-05
2421 2.421 1.92537e-05 1.50254e-05
2422 2.422 1.88437e-05 1.5027e-05
2423 2.423 1.84783e-05 1.50238e-05
2424 2.424 1.81594e-05 1.50143e-05
2425 2.425 1.78613e-05 1.50404e-05
2426 2.426 1.75921e-05 1.50202e-05
2427 2.427 1.73859e-05 1.5007e-05
2428 2.428 1.72543e-05 1.50452e-05
2429 2.429 1.71426e-05 1.50444e-05
2430 2.43 1.70913e-05 1.50298e-05
2431 2.431 1.70766e-05 1.50099e-05
2432 2.432 1.71487e-05 1.50323e-05
2433 2.433 1.72708e-05 1.50399e-05
2434 2.434 1.74237e-05 1.50259e-05
2435 2.435 1.76284e-05 1.50242e-05
2436 2.436 1.78568e-05 1.50044e-05
2437 2.437 1.81796e-05 1.50439e-05
2438 2.438 1.84859e-05 1.50066e-05
2439 2.439 1.88787e-05 1.50571e-05
2440 2.44 1.92524e-05 1.50267e-05
2441 2.441 1.9658e-05 1.50479e-05
2442 2.442 2.00612e-05 1.50243e-05
2443 2.443 2.04709e-05 1.50483e-05
2444 2.444 2.08707e-05 1.5019e-05
2445 2.445 2.12591e-05 1.49887e-05
2446 2.446 2.16807e-05 1.50143e-05
2447 2.447 2.20301e-05 1.50078e-05
2448 2.448 2.23954e-05 1.50282e-05
2449 2.449 2.26959e-05 1.50304e-05
2450 2.45 2.29698e-05 1.50263e-05
2451 2.451 2.31962e-05 1.50497e-05
2452 2.452 2.34015e-05 1.50512e-05
2453 2.453 2.35144e-05 1.50421e-05
2454 2.454 2.35843e-05 1.50172e-05
2455 2.455 2.36095e-05 1.49996e-05
2456 2.456 2.35735e-05 1.49782e-05
2457 2.457 2.35111e-05 1.50017e-05
2458 2.458 2.33949e-05 1.50296e-05
2459 2.459 2.32137e-05 1.50348e-05
2460 2.46 2.29992e-05 1.50366e-05
2461 2.461 2.27431e-05 1.50375e-05
2462 2.462 2.24407e-05 1.50428e-05
2463 2.463 2.20835e-05 1.50256e-05
2464 2.464 2.17074e-05 1.50186e-05
2465 2.465 2.13071e-05 1.50113e-05
2466 2.466 2.09132e-05 1.50235e-05
2467 2.467 2.04777e-05 1.50297e-05
2468 2.468 2.00872e-05 1.50474e-05
2469 2.469 1.96533e-05 1.50103e-05
2470 2.47 1.92577e-05 1.50392e-05
2471 2.471 1.88551e-05 1.50374e-05
2472 2.472 1.84738e-05 1.5015e-05
2473 2.473 1.81197e-05 1.50129e-05
2474 2.474 1.78201e-05 1.50273e-05
2475 2.475 1.75377e-05 1.501e-05
2476 2.476 1.73055e-05 1.50329e-05
2477 2.477 1.71052e-05 1.50178e-05
2478 2.478 1.69607e-05 1.50237e-05
2479 2.479 1.68659e-05 1.5043e-05
2480 2.48 1.68214e-05 1.50399e-05
2481 2.481 1.68306e-05 1.5029e-05
2482 2.482 1.68748e-05 1.50103e-05
2483 2.483 1.69936e-05 1.50258e-05
2484 2.484 1.71364e-05 1.50308e-05
2485 2.485 1.73305e-05 1.50109e-05
2486 2.486 1.75715e-05 1.50216e-05
2487 2.487 1.78553e-05 1.50434e-05
2488 2.488 1.81723e-05 1.50437e-05
2489 2.489 1.84762e-05 1.5038e-05
2490 2.49 1.88384e-05 1.50122e-05
2491 2.491 1.92032e-05 1.50092e-05
2492 2.492 1.96044e-05 1.50224e-05
2493 2.493 1.99773e-05 1.49962e-05
2494 2.494 2.03848e-05 1.5019e-05
2495 2.495 2.0735e-05 1.4987e-05
2496 2.496 2.11018e-05 1.49866e-05
2497 2.497 2.14655e-05 1.50233e-05
2498 2.498 2.18023e-05 1.50217e-05
2499 2.499 2.21106e-05 1.5047e-05
2500 2.5 2.23378e-05 1.50232e-05
2501 2.501 2.25442e-05 1.50244e-05
2502 2.502 2.27014e-05 1.50034e-05
2503 2.503 2.28256e-05 1.49873e-05
2504 2.504 2.29107e-05 1.50085e-05
2505 2.505 2.29516e-05 1.50003e-05
2506 2.506 2.29581e-05 1.50238e-05
2507 2.507 2.28722e-05 1.50214e-05
2508 2.508 2.27353e-05 1.50061e-05
2509 2.509 2.2573e-05 1.50216e-05
2510 2.51 2.23514e-05 1.50179e-05
2511 2.511 2.21151e-05 1.50115e-05
2512 2.512 2.18304e-05 1.50033e-05
2513 2.513 2.15487e-05 1.50555e-05
2514 2.514 2.11573e-05 1.49998e-05
2515 2.515 2.07952e-05 1.50041e-05
2516 2.516 2.04264e-05 1.50476e-05
2517 2.517 2.00267e-05 1.50139e-05
2518 2.518 1.96558e-05 1.5036e-05
2519 2.519 1.92645e-05 1.50366e-05
2520 2.52 1.88657e-05 1.50243e-05
2521 2.521 1.85089e-05 1.50533e-05
2522 2.522 1.81655e-05 1.50666e-05
2523 2.523 1.7807e-05 1.50122e-05
2524 2.524 1.75342e-05 1.50376e-05
2525 2.525 1.72447e-05 1.49942e-05
2526 2.526 1.70667e-05 1.50435e-05
2527 2.527 1.68605e-05 1.50181e-05
2528 2.528 1.67409e-05 1.50348e-05
2529 2.529 1.66336e-05 1.50084e-05
2530 2.53 1.65858e-05 1.49983e-05
2531 2.531 1.65876e-05 1.50102e-05
2532 2.532 1.66677e-05 1.50258e-05
2533 2.533 1.67387e-05 1.49883e-05
2534 2.534 1.68624e-05 1.49957e-05
2535 2.535 1.70386e-05 1.50003e-05
2536 2.536 1.72837e-05 1.50146e-05
2537 2.537 1.75402e-05 1.50106e-05
2538 2.538 1.78395e-05 1.50076e-05
2539 2.539 1.81224e-05 1.49829e-05
2540 2.54 1.84797e-05 1.50054e-05
2541 2.541 1.88304e-05 1.49889e-05
2542 2.542 1.91898e-05 1.50086e-05
2543 2.543 1.95534e-05 1.50092e-05
2544 2.544 1.99308e-05 1.50233e-05
2545 2.545 2.02748e-05 1.50091e-05
2546 2.546 2.06359e-05 1.50063e-05
2547 2.547 2.09618e-05 1.50281e-05
2548 2.548 2.1246e-05 1.50076e-05
2549 2.549 2.15339e-05 1.50379e-05
2550 2.55 2.17668e-05 1.50316e-05
2551 2.551 2.19624e-05 1.50252e-05
2552 2.552 2.2134e-05 1.50254e-05
2553 2.553 2.22434e-05 1.5018e-05
2554 2.554 2.23203e-05 1.50188e-05
2555 2.555 2.23581e-05 1.50172e-05
2556 2.556 2.23327e-05 1.5045e-05
2557 2.557 2.22597e-05 1.50338e-05
2558 2.558 2.21497e-05 1.50248e-05
2559 2.559 2.1982e-05 1.50092e-05
2560 2.56 2.1787e-05 1.50101e-05
2561 2.561 2.1577e-05 1.50419e-05
2562 2.562 2.12886e-05 1.50208e-05
2563 2.563 2.10082e-05 1.50383e-05
2564 2.564 2.06804e-05 1.50252e-05
2565 2.565 2.03656e-05 1.5047e-05
2566 2.566 1.99795e-05 1.50174e-05
2567 2.567 1.96281e-05 1.50267e-05
2568 2.568 1.92596e-05 1.50479e-05
2569 2.569 1.88785e-05 1.50158e-05
2570 2.57 1.85375e-05 1.5035e-05
2571 2.571 1.81773e-05 1.5026e-05
2572 2.572 1.78489e-05 1.50258e-05
2573 2.573 1.75343e-05 1.50143e-05
2574 2.574 1.72648e-05 1.50209e-05
2575 2.575 1.70209e-05 1.50123e-05
2576 2.576 1.6841e-05 1.50483e-05
2577 2.577 1.66647e-05 1.50354e-05
2578 2.578 1.65313e-05 1.50337e-05
2579 2.579 1.64417e-05 1.50178e-05
2580 2.58 1.63976e-05 1.50208e-05
2581 2.581 1.64124e-05 1.50315e-05
2582 2.582 1.64726e-05 1.5037e-05
2583 2.583 1.65357e-05 1.5011e-05
2584 2.584 1.66822e-05 1.50382e-05
2585 2.585 1.68538e-05 1.50349e-05
2586 2.586 1.70662e-05 1.50371e-05
2587 2.587 1.73047e-05 1.50281e-05
2588 2.588 1.7584e-05 1.50146e-05
2589 2.589 1.78605e-05 1.50025e-05
2590 2.59 1.81984e-05 1.50485e-05
2591 2.591 1.85331e-05 1.50498e-05
2592 2.592 1.88619e-05 1.50299e-05
2593 2.593 1.92151e-05 1.5058e-05
2594 2.594 1.95355e-05 1.50597e-05
2595 2.595 1.98746e-05 1.50491e-05
2596 2.596 2.01947e-05 1.50153e-05
2597 2.597 2.05145e-05 1.5042e-05
2598 2.598 2.07638e-05 1.50123e-05
2599 2.599 2.10304e-05 1.50379e-05
2600 2.6 2.12474e-05 1.50455e-05
2601 2.601 2.14331e-05 1.50279e-05
2602 2.602 2.15952e-05 1.50485e-05
2603 2.603 2.16931e-05 1.50046e-05
2604 2.604 2.17679e-05 1.50157e-05
2605 2.605 2.18046e-05 1.50228e-05
2606 2.606 2.17728e-05 1.50147e-05
2607 2.607 2.1723e-05 1.50389e-05
2608 2.608 2.16216e-05 1.50263e-05
2609 2.609 2.14611e-05 1.50478e-05
2610 2.61 2.12872e-05 1.50523e-05
2611 2.611 2.10665e-05 1.50263e-05
2612 2.612 2.08276e-05 1.50279e-05
2613 2.613 2.05335e-05 1.50163e-05
2614 2.614 2.02461e-05 1.50209e-05
2615 2.615 1.9918e-05 1.50216e-05
2616 2.616 1.9584e-05 1.50151e-05
2617 2.617 1.92337e-05 1.50049e-05
2618 2.618 1.88802e-05 1.50021e-05
2619 2.619 1.85291e-05 1.49981e-05
2620 2.62 1.82118e-05 1.50039e-05
2621 2.621 1.7878e-05 1.49935e-05
2622 2.622 1.76087e-05 1.50351e-05
2623 2.623 1.72819e-05 1.49946e-05
2624 2.624 1.70564e-05 1.50255e-05
2625 2.625 1.68111e-05 1.50158e-05
2626 2.626 1.662e-05 1.50155e-05
2627 2.627 1.64485e-05 1.49953e-05
2628 2.628 1.63528e-05 1.5018e-05
2629 2.629 1.62736e-05 1.5034e-05
2630 2.63 1.62191e-05 1.50167e-05
2631 2.631 1.62387e-05 1.50351e-05
2632 2.632 1.62851e-05 1.50361e-05
2633 2.633 1.63421e-05 1.49975e-05
2634 2.634 1.64782e-05 1.50074e-05
2635 2.635 1.66285e-05 1.49981e-05
2636 2.636 1.68493e-05 1.50205e-05
2637 2.637 1.70548e-05 1.50089e-05
2638 2.638 1.73138e-05 1.50135e-05
2639 2.639 1.75938e-05 1.50115e-05
2640 2.64 1.78913e-05 1.50164e-05
2641 2.641 1.81671e-05 1.49955e-05
2642 2.642 1.8506e-05 1.50171e-05
2643 2.643 1.88331e-05 1.50192e-05
2644 2.644 1.91394e-05 1.49861e-05
2645 2.645 1.94724e-05 1.50174e-05
2646 2.646 1.97739e-05 1.50126e-05
2647 2.647 2.00289e-05 1.49729e-05
2648 2.648 2.03156e-05 1.50276e-05
2649 2.649 2.05608e-05 1.50155e-05
2650 2.65 2.07802e-05 1.4998e-05
2651 2.651 2.09411e-05 1.50005e-05
2652 2.652 2.10896e-05 1.50289e-05
2653 2.653 2.12069e-05 1.50163e-05
2654 2.654 2.12612e-05 1.5023e-05
2655 2.655 2.1283e-05 1.49896e-05
2656 2.656 2.12732e-05 1.50195e-05
2657 2.657 2.12068e-05 1.50022e-05
2658 2.658 2.11239e-05 1.50235e-05
2659 2.659 2.09985e-05 1.50369e-05
2660 2.66 2.08198e-05 1.50244e-05
2661 2.661 2.06045e-05 1.50131e-05
2662 2.662 2.03777e-05 1.5027e-05
2663 2.663 2.01178e-05 1.50268e-05
2664 2.664 1.98432e-05 1.50361e-05
2665 2.665 1.95293e-05 1.50032e-05
2666 2.666 1.92336e-05 1.50318e-05
2667 2.667 1.88941e-05 1.50133e-05
2668 2.668 1.85748e-05 1.50141e-05
2669 2.669 1.82658e-05 1.50402e-05
2670 2.67 1.7929e-05 1.50088e-05
2671 2.671 1.76523e-05 1.50191e-05
2672 2.672 1.7347e-05 1.50196e-05
2673 2.673 1.70899e-05 1.50299e-05
2674 2.674 1.68288e-05 1.49983e-05
2675 2.675 1.6648e-05 1.50273e-05
2676 2.676 1.64508e-05 1.50256e-05
2677 2.677 1.63015e-05 1.50228e-05
2678 2.678 1.61703e-05 1.49905e-05
2679 2.679 1.61139e-05 1.50139e-05
2680 2.68 1.60884e-05 1.50293e-05
2681 2.681 1.60742e-05 1.50025e-05
2682 2.682 1.61356e-05 1.50419e-05
2683 2.683 1.62066e-05 1.50258e-05
2684 2.684 1.63184e-05 1.50164e-05
2685 2.685 1.64628e-05 1.49881e-05
2686 2.686 1.66603e-05 1.50244e-05
2687 2.687 1.68744e-05 1.50285e-05
2688 2.688 1.71144e-05 1.50169e-05
2689 2.689 1.73812e-05 1.50308e-05
2690 2.69 1.76401e-05 1.50067e-05
2691 2.691 1.79476e-05 1.50384e-05
2692 2.692 1.82161e-05 1.49963e-05
2693 2.693 1.85373e-05 1.5024e-05
2694 2.694 1.88175e-05 1.49846e-05
2695 2.695 1.91165e-05 1.50157e-05
2696 2.696 1.93902e-05 1.50112e-05
2697 2.697 1.96512e-05 1.50071e-05
2698 2.698 1.99029e-05 1.49998e-05
2699 2.699 2.01254e-05 1.49995e-05
2700 2.7 2.03477e-05 1.50326e-05
2701 2.701 2.04822e-05 1.49932e-05
2702 2.702 2.06386e-05 1.5033e-05
2703 2.703 2.07406e-05 1.50306e-05
2704 2.704 2.08015e-05 1.50257e-05
2705 2.705 2.08244e-05 1.50395e-05
2706 2.706 2.08214e-05 1.50307e-05
2707 2.707 2.07442e-05 1.50133e-05
2708 2.708 2.0635e-05 1.49896e-05
2709 2.709 2.05363e-05 1.50237e-05
2710 2.71 2.03634e-05 1.5023e-05
2711 2.711 2.01658e-05 1.49975e-05
2712 2.712 1.9945e-05 1.5004e-05
2713 2.713 1.97046e-05 1.50003e-05
2714 2.714 1.94563e-05 1.50282e-05
2715 2.715 1.91865e-05 1.50348e-05
2716 2.716 1.88647e-05 1.4985e-05
2717 2.717 1.85949e-05 1.504e-05
2718 2.718 1.82738e-05 1.49984e-05
2719 2.719 1.79725e-05 1.50041e-05
2720 2.72 1.76783e-05 1.50082e-05
2721 2.721 1.74173e-05 1.50217e-05
2722 2.722 1.71374e-05 1.49977e-05
2723 2.723 1.68887e-05 1.49944e-05
2724 2.724 1.6661e-05 1.49982e-05
2725 2.725 1.64826e-05 1.50229e-05
2726 2.726 1.62866e-05 1.49958e-05
2727 2.727 1.61582e-05 1.50194e-05
2728 2.728 1.60648e-05 1.50427e-05
2729 2.729 1.59687e-05 1.50221e-05
2730 2.73 1.59638e-05 1.50262e-05
2731 2.731 1.59391e-05 1.49956e-05
2732 2.732 1.59857e-05 1.50198e-05
2733 2.733 1.60392e-05 1.49868e-05
2734 2.734 1.61752e-05 1.5008e-05
2735 2.735 1.63012e-05 1.49855e-05
2736 2.736 1.64675e-05 1.50022e-05
2737 2.737 1.66717e-05 1.50024e-05
2738 2.738 1.68863e-05 1.49995e-05
2739 2.739 1.71217e-05 1.497e-05
2740 2.74 1.74146e-05 1.5026e-05
2741 2.741 1.76664e-05 1.50194e-05
2742 2.742 1.79582e-05 1.50227e-05
2743 2.743 1.82546e-05 1.50482e-05
2744 2.744 1.85107e-05 1.50141e-05
2745 2.745 1.87883e-05 1.50105e-05
2746 2.746 1.90672e-05 1.50303e-05
2747 2.747 1.92865e-05 1.4983e-05
2748 2.748 1.95511e-05 1.50186e-05
2749 2.749 1.97616e-05 1.50213e-05
2750 2.75 1.99404e-05 1.50189e-05
2751 2.751 2.01137e-05 1.50203e-05
2752 2.752 2.02138e-05 1.50079e-05
2753 2.753 2.03009e-05 1.50248e-05
2754 2.754 2.03506e-05 1.50005e-05
2755 2.755 2.03886e-05 1.50144e-05
2756 2.756 2.03862e-05 1.50356e-05
2757 2.757 2.0315e-05 1.50034e-05
2758 2.758 2.02474e-05 1.50277e-05
2759 2.759 2.01294e-05 1.50453e-05
2760 2.76 1.99805e-05 1.5021e-05
2761 2.761 1.97886e-05 1.50152e-05
2762 2.762 1.96144e-05 1.50346e-05
2763 2.763 1.9381e-05 1.50386e-05
2764 2.764 1.91236e-05 1.50375e-05
2765 2.765 1.8851e-05 1.50076e-05
2766 2.766 1.85867e-05 1.50083e-05
2767 2.767 1.83105e-05 1.50265e-05
2768 2.768 1.80116e-05 1.50251e-05
2769 2.769 1.77595e-05 1.50542e-05
2770 2.77 1.74617e-05 1.50144e-05
2771 2.771 1.72e-05 1.50103e-05
2772 2.772 1.69397e-05 1.5009e-05
2773 2.773 1.67178e-05 1.50133e-05
2774 2.774 1.65095e-05 1.50121e-05
2775 2.775 1.63157e-05 1.50071e-05
2776 2.776 1.6142e-05 1.50025e-05
2777 2.777 1.60265e-05 1.49893e-05
2778 2.778 1.59249e-05 1.50129e-05
2779 2.779 1.58767e-05 1.50278e-05
2780 2.78 1.58452e-05 1.50308e-05
2781 2.781 1.58485e-05 1.50428e-05
2782 2.782 1.58689e-05 1.4998e-05
2783 2.783 1.59431e-05 1.50235e-05
2784 2.784 1.60358e-05 1.50035e-05
2785 2.785 1.61796e-05 1.50111e-05
2786 2.786 1.63455e-05 1.5003e-05
2787 2.787 1.6533e-05 1.50082e-05
2788 2.788 1.67238e-05 1.49831e-05
2789 2.789 1.69657e-05 1.502e-05
2790 2.79 1.71911e-05 1.49935e-05
2791 2.791 1.74534e-05 1.50226e-05
2792 2.792 1.77128e-05 1.50058e-05
2793 2.793 1.7981e-05 1.50042e-05
2794 2.794 1.82499e-05 1.5028e-05
2795 2.795 1.85028e-05 1.50139e-05
2796 2.796 1.87541e-05 1.50171e-05
2797 2.797 1.89737e-05 1.49969e-05
2798 2.798 1.91938e-05 1.4998e-05
2799 2.799 1.94034e-05 1.50091e-05
2800 2.8 1.95942e-05 1.50359e-05
2801 2.801 1.97124e-05 1.50127e-05
2802 2.802 1.98303e-05 1.50219e-05
2803 2.803 1.99161e-05 1.50156e-05
2804 2.804 1.99746e-05 1.50268e-05
2805 2.805 1.99844e-05 1.50065e-05
2806 2.806 1.99755e-05 1.50122e-05
2807 2.807 1.99341e-05 1.50105e-05
2808 2.808 1.98567e-05 1.50221e-05
2809 2.809 1.97343e-05 1.50021e-05
2810 2.81 1.96084e-05 1.50326e-05
2811 2.811 1.94377e-05 1.50178e-05
2812 2.812 1.92428e-05 1.50016e-05
2813 2.813 1.90365e-05 1.50166e-05
2814 2.814 1.88199e-05 1.50348e-05
2815 2.815 1.85604e-05 1.50002e-05
2816 2.816 1.82874e-05 1.49833e-05
2817 2.817 1.80374e-05 1.50175e-05
2818 2.818 1.7788e-05 1.50317e-05
2819 2.819 1.74858e-05 1.49906e-05
2820 2.82 1.72404e-05 1.5008e-05
2821 2.821 1.69816e-05 1.4981e-05
2822 2.822 1.68007e-05 1.50356e-05
2823 2.823 1.65435e-05 1.5003e-05
2824 2.824 1.63507e-05 1.49981e-05
2825 2.825 1.61735e-05 1.49996e-05
2826 2.826 1.60377e-05 1.50125e-05
2827 2.827 1.59048e-05 1.49991e-05
2828 2.828 1.58065e-05 1.50007e-05
2829 2.829 1.57638e-05 1.50181e-05
2830 2.83 1.57295e-05 1.50165e-05
2831 2.831 1.57228e-05 1.5005e-05
2832 2.832 1.5762e-05 1.49979e-05
2833 2.833 1.5839e-05 1.50363e-05
2834 2.834 1.59428e-05 1.50254e-05
2835 2.835 1.606e-05 1.50321e-05
2836 2.836 1.6215e-05 1.50199e-05
2837 2.837 1.6381e-05 1.50023e-05
2838 2.838 1.65612e-05 1.49938e-05
2839 2.839 1.67947e-05 1.5035e-05
2840 2.84 1.70127e-05 1.50128e-05
2841 2.841 1.72427e-05 1.50025e-05
2842 2.842 1.74814e-05 1.49757e-05
2843 2.843 1.77408e-05 1.50079e-05
2844 2.844 1.79851e-05 1.50171e-05
2845 2.845 1.82104e-05 1.50017e-05
2846 2.846 1.84439e-05 1.49956e-05
2847 2.847 1.86668e-05 1.49824e-05
2848 2.848 1.88819e-05 1.50127e-05
2849 2.849 1.90547e-05 1.50024e-05
2850 2.85 1.92153e-05 1.49935e-05
2851 2.851 1.9364e-05 1.49991e-05
2852 2.852 1.94565e-05 1.49804e-05
2853 2.853 1.9568e-05 1.50225e-05
2854 2.854 1.96363e-05 1.50531e-05
2855 2.855 1.9631e-05 1.50291e-05
2856 2.856 1.96145e-05 1.5026e-05
2857 2.857 1.95758e-05 1.50151e-05
2858 2.858 1.95031e-05 1.50168e-05
2859 2.859 1.93968e-05 1.50293e-05
2860 2.86 1.92652e-05 1.50091e-05
2861 2.861 1.90895e-05 1.49867e-05
2862 2.862 1.89315e-05 1.50124e-05
2863 2.863 1.87177e-05 1.49991e-05
2864 2.864 1.85123e-05 1.50117e-05
2865 2.865 1.82992e-05 1.5026e-05
2866 2.866 1.80508e-05 1.50007e-05
2867 2.867 1.78084e-05 1.50218e-05
2868 2.868 1.75565e-05 1.50116e-05
2869 2.869 1.73122e-05 1.50223e-05
2870 2.87 1.70546e-05 1.49921e-05
2871 2.871 1.68427e-05 1.50111e-05
2872 2.872 1.66277e-05 1.50256e-05
2873 2.873 1.64115e-05 1.50237e-05
2874 2.874 1.62323e-05 1.50268e-05
2875 2.875 1.60583e-05 1.49979e-05
2876 2.876 1.59258e-05 1.50099e-05
2877 2.877 1.58076e-05 1.5024e-05
2878 2.878 1.57251e-05 1.5017e-05
2879 2.879 1.56534e-05 1.49806e-05
2880 2.88 1.56232e-05 1.5002e-05
2881 2.881 1.56393e-05 1.50017e-05
2882 2.882 1.56683e-05 1.4996e-05
2883 2.883 1.57334e-05 1.50229e-05
2884 2.884 1.58275e-05 1.501e-05
2885 2.885 1.59538e-05 1.5003e-05
2886 2.886 1.60728e-05 1.49968e-05
2887 2.887 1.62341e-05 1.50029e-05
2888 2.888 1.64428e-05 1.50409e-05
2889 2.889 1.65922e-05 1.49724e-05
2890 2.89 1.68571e-05 1.50382e-05
2891 2.891 1.70699e-05 1.50211e-05
2892 2.892 1.72896e-05 1.4997e-05
2893 2.893 1.75241e-05 1.49958e-05
2894 2.894 1.77618e-05 1.50028e-05
2895 2.895 1.79661e-05 1.49916e-05
2896 2.896 1.81959e-05 1.5018e-05
2897 2.897 1.84012e-05 1.50094e-05
2898 2.898 1.86004e-05 1.50195e-05
2899 2.899 1.87828e-05 1.50087e-05
2900 2.9 1.89204e-05 1.49996e-05
2901 2.901 1.90416e-05 1.50006e-05
2902 2.902 1.91671e-05 1.50199e-05
2903 2.903 1.92265e-05 1.50242e-05
2904 2.904 1.92753e-05 1.50257e-05
2905 2.905 1.93066e-05 1.50225e-05
2906 2.906 1.92746e-05 1.50272e-05
2907 2.907 1.92524e-05 1.5012e-05
2908 2.908 1.91732e-05 1.50383e-05
2909 2.909 1.90701e-05 1.50169e-05
2910 2.91 1.89569e-05 1.50345e-05
2911 2.911 1.87928e-05 1.49827e-05
2912 2.912 1.86436e-05 1.50105e-05
2913 2.913 1.84556e-05 1.50027e-05
2914 2.914 1.82437e-05 1.499e-05
2915 2.915 1.80258e-05 1.50157e-05
2916 2.916 1.77984e-05 1.49816e-05
2917 2.917 1.75717e-05 1.50079e-05
2918 2.918 1.73563e-05 1.50136e-05
2919 2.919 1.71366e-05 1.50255e-05
2920 2.92 1.68811e-05 1.50065e-05
2921 2.921 1.66866e-05 1.50227e-05
2922 2.922 1.64819e-05 1.50218e-05
2923 2.923 1.62766e-05 1.49905e-05
2924 2.924 1.61084e-05 1.50288e-05
2925 2.925 1.59734e-05 1.50294e-05
2926 2.926 1.5824e-05 1.49979e-05
2927 2.927 1.57026e-05 1.49907e-05
2928 2.928 1.56448e-05 1.50201e-05
2929 2.929 1.56016e-05 1.50262e-05
2930 2.93 1.55827e-05 1.50202e-05
2931 2.931 1.55819e-05 1.50238e-05
2932 2.932 1.56063e-05 1.50188e-05
2933 2.933 1.56663e-05 1.50357e-05
2934 2.934 1.57329e-05 1.50107e-05
2935 2.935 1.58547e-05 1.50339e-05
2936 2.936 1.59738e-05 1.5021e-05
2937 2.937 1.61104e-05 1.4993e-05
2938 2.938 1.63056e-05 1.50108e-05
2939 2.939 1.64841e-05 1.50154e-05
2940 2.94 1.66771e-05 1.50081e-05
2941 2.941 1.68972e-05 1.50064e-05
2942 2.942 1.71018e-05 1.50114e-05
2943 2.943 1.7323e-05 1.50122e-05
2944 2.944 1.75409e-05 1.50108e-05
2945 2.945 1.77768e-05 1.50334e-05
2946 2.946 1.79665e-05 1.50087e-05
2947 2.947 1.81435e-05 1.50012e-05
2948 2.948 1.83242e-05 1.50186e-05
2949 2.949 1.84859e-05 1.49892e-05
2950 2.95 1.86342e-05 1.49997e-05
2951 2.951 1.87477e-05 1.49919e-05
2952 2.952 1.88339e-05 1.49857e-05
2953 2.953 1.89197e-05 1.50246e-05
2954 2.954 1.89653e-05 1.50091e-05
2955 2.955 1.89725e-05 1.50042e-05
2956 2.956 1.89539e-05 1.50034e-05
2957 2.957 1.89509e-05 1.50287e-05
2958 2.958 1.88643e-05 1.50111e-05
2959 2.959 1.88024e-05 1.50344e-05
2960 2.96 1.8656e-05 1.49968e-05
2961 2.961 1.85451e-05 1.50346e-05
2962 2.962 1.8356e-05 1.49869e-05
2963 2.963 1.82178e-05 1.50238e-05
2964 2.964 1.80154e-05 1.50118e-05
2965 2.965 1.78345e-05 1.50264e-05
2966 2.966 1.7616e-05 1.50225e-05
2967 2.967 1.73655e-05 1.49736e-05
2968 2.968 1.71727e-05 1.50164e-05
2969 2.969 1.69534e-05 1.50085e-05
2970 2.97 1.67294e-05 1.49841e-05
2971 2.971 1.65377e-05 1.5003e-05
2972 2.972 1.63418e-05 1.50032e-05
2973 2.973 1.6164e-05 1.50153e-05
2974 2.974 1.59961e-05 1.49998e-05
2975 2.975 1.58631e-05 1.50199e-05
2976 2.976 1.57426e-05 1.50219e-05
2977 2.977 1.56277e-05 1.49878e-05
2978 2.978 1.55677e-05 1.50102e-05
2979 2.979 1.55413e-05 1.50248e-05
2980 2.98 1.54881e-05 1.49899e-05
2981 2.981 1.5495e-05 1.5015e-05
2982 2.982 1.55324e-05 1.50032e-05
2983 2.983 1.55757e-05 1.50203e-05
2984 2.984 1.56394e-05 1.49909e-05
2985 2.985 1.57442e-05 1.49902e-05
2986 2.986 1.5885e-05 1.50139e-05
2987 2.987 1.60181e-05 1.50003e-05
2988 2.988 1.61913e-05 1.50385e-05
2989 2.989 1.63414e-05 1.49909e-05
2990 2.99 1.65418e-05 1.50279e-05
2991 2.991 1.67505e-05 1.50253e-05
2992 2.992 1.69495e-05 1.50294e-05
2993 2.993 1.71499e-05 1.50274e-05
2994 2.994 1.73521e-05 1.50073e-05
2995 2.995 1.75508e-05 1.50178e-05
2996 2.996 1.77233e-05 1.50053e-05
2997 2.997 1.79087e-05 1.4983e-05
2998 2.998 1.80855e-05 1.50027e-05
2999 2.999 1.82529e-05 1.50266e-05
3000 3 1.83679e-05 1.49986e-05
3001 3.001 1.8479e-05 1.50057e-05
3002 3.002 1.85783e-05 1.50113e-05
3003 3.003 1.86392e-05 1.50081e-05
3004 3.004 1.86661e-05 1.49884e-05
3005 3.005 1.86698e-05 1.49882e-05
3006 3.006 1.86708e-05 1.50004e-05
3007 3.007 1.86488e-05 1.50203e-05
3008 3.008 1.85704e-05 1.49935e-05
3009 3.009 1.8471e-05 1.4953e-05
3010 3.01 1.84235e-05 1.50164e-05
3011 3.011 1.82867e-05 1.50152e-05
3012 3.012 1.8125e-05 1.49817e-05
3013 3.013 1.79492e-05 1.49715e-05
3014 3.014 1.77988e-05 1.5009e-05
3015 3.015 1.75978e-05 1.49901e-05
3016 3.016 1.74121e-05 1.49924e-05
3017 3.017 1.71855e-05 1.49745e-05
3018 3.018 1.70031e-05 1.4997e-05
3019 3.019 1.6788e-05 1.49815e-05
3020 3.02 1.65874e-05 1.49807e-05
3021 3.021 1.64152e-05 1.50058e-05
3022 3.022 1.62299e-05 1.49938e-05
3023 3.023 1.60518e-05 1.5009e-05
3024 3.024 1.59227e-05 1.50162e-05
3025 3.025 1.57615e-05 1.49901e-05
3026 3.026 1.56583e-05 1.5003e-05
3027 3.027 1.55768e-05 1.50183e-05
3028 3.028 1.5498e-05 1.50091e-05
3029 3.029 1.54455e-05 1.49945e-05
3030 3.03 1.54288e-05 1.50052e-05
3031 3.031 1.54355e-05 1.49981e-05
3032 3.032 1.54521e-05 1.50035e-05
3033 3.033 1.55224e-05 1.50184e-05
3034 3.034 1.55843e-05 1.50077e-05
3035 3.035 1.57018e-05 1.50187e-05
3036 3.036 1.58177e-05 1.50098e-05
3037 3.037 1.59288e-05 1.50197e-05
3038 3.038 1.60791e-05 1.5033e-05
3039 3.039 1.62429e-05 1.49929e-05
3040 3.04 1.6428e-05 1.5014e-05
3041 3.041 1.65936e-05 1.50029e-05
3042 3.042 1.67748e-05 1.4982e-05
3043 3.043 1.69775e-05 1.50011e-05
3044 3.044 1.71668e-05 1.50069e-05
3045 3.045 1.73624e-05 1.50025e-05
3046 3.046 1.7516e-05 1.50024e-05
3047 3.047 1.77193e-05 1.50368e-05
3048 3.048 1.78629e-05 1.50019e-05
3049 3.049 1.80201e-05 1.50311e-05
3050 3.05 1.81328e-05 1.50149e-05
3051 3.051 1.8235e-05 1.50127e-05
3052 3.052 1.83369e-05 1.50167e-05
3053 3.053 1.83752e-05 1.49993e-05
3054 3.054 1.84339e-05 1.50457e-05
3055 3.055 1.844e-05 1.5006e-05
3056 3.056 1.84203e-05 1.50156e-05
3057 3.057 1.83994e-05 1.50201e-05
3058 3.058 1.83406e-05 1.49955e-05
3059 3.059 1.82643e-05 1.50092e-05
3060 3.06 1.81668e-05 1.50084e-05
3061 3.061 1.80466e-05 1.49929e-05
3062 3.062 1.78965e-05 1.49911e-05
3063 3.063 1.77434e-05 1.49963e-05
3064 3.064 1.75758e-05 1.49816e-05
3065 3.065 1.74154e-05 1.50002e-05
3066 3.066 1.72522e-05 1.50301e-05
3067 3.067 1.70525e-05 1.50124e-05
3068 3.068 1.68442e-05 1.50132e-05
3069 3.069 1.66762e-05 1.50279e-05
3070 3.07 1.64646e-05 1.49877e-05
3071 3.071 1.63019e-05 1.50147e-05
3072 3.072 1.61128e-05 1.49881e-05
3073 3.073 1.59686e-05 1.50119e-05
3074 3.074 1.58038e-05 1.49729e-05
3075 3.075 1.57042e-05 1.50002e-05
3076 3.076 1.56113e-05 1.50155e-05
3077 3.077 1.55284e-05 1.50178e-05
3078 3.078 1.54564e-05 1.50036e-05
3079 3.079 1.54058e-05 1.50136e-05
3080 3.08 1.53952e-05 1.50171e-05
3081 3.081 1.53828e-05 1.49988e-05
3082 3.082 1.53941e-05 1.49869e-05
3083 3.083 1.546e-05 1.50156e-05
3084 3.084 1.55425e-05 1.50294e-05
3085 3.085 1.55935e-05 1.49796e-05
3086 3.086 1.57224e-05 1.50182e-05
3087 3.087 1.58289e-05 1.49799e-05
3088 3.088 1.59841e-05 1.49988e-05
3089 3.089 1.61271e-05 1.49862e-05
3090 3.09 1.63257e-05 1.50435e-05
3091 3.091 1.64735e-05 1.50067e-05
3092 3.092 1.66553e-05 1.5001e-05
3093 3.093 1.68364e-05 1.50077e-05
3094 3.094 1.69963e-05 1.50004e-05
3095 3.095 1.72004e-05 1.50226e-05
3096 3.096 1.73477e-05 1.50067e-05
3097 3.097 1.75086e-05 1.50066e-05
3098 3.098 1.7665e-05 1.503e-05
3099 3.099 1.77993e-05 1.5003e-05
3100 3.1 1.79208e-05 1.50303e-05
3101 3.101 1.80088e-05 1.50174e-05
3102 3.102 1.80814e-05 1.49974e-05
3103 3.103 1.81484e-05 1.50156e-05
3104 3.104 1.81658e-05 1.49948e-05
3105 3.105 1.82e-05 1.50234e-05
3106 3.106 1.81933e-05 1.50112e-05
3107 3.107 1.81554e-05 1.50097e-05
3108 3.108 1.81125e-05 1.49967e-05
3109 3.109 1.80236e-05 1.4999e-05
3110 3.11 1.79295e-05 1.49909e-05
3111 3.111 1.78263e-05 1.50164e-05
3112 3.112 1.76851e-05 1.4998e-05
3113 3.113 1.75434e-05 1.4996e-05
3114 3.114 1.74007e-05 1.50021e-05
3115 3.115 1.72507e-05 1.50377e-05
3116 3.116 1.70646e-05 1.50246e-05
3117 3.117 1.69149e-05 1.50412e-05
3118 3.118 1.67129e-05 1.50089e-05
3119 3.119 1.65337e-05 1.50058e-05
3120 3.12 1.63619e-05 1.50141e-05
3121 3.121 1.61975e-05 1.49973e-05
3122 3.122 1.60543e-05 1.50344e-05
3123 3.123 1.59097e-05 1.50228e-05
3124 3.124 1.57637e-05 1.50106e-05
3125 3.125 1.56628e-05 1.50397e-05
3126 3.126 1.55457e-05 1.50099e-05
3127 3.127 1.54736e-05 1.50266e-05
3128 3.128 1.53882e-05 1.49882e-05
3129 3.129 1.53551e-05 1.49921e-05
3130 3.13 1.53451e-05 1.50114e-05
3131 3.131 1.53531e-05 1.5014e-05
3132 3.132 1.53859e-05 1.50366e-05
3133 3.133 1.54305e-05 1.50213e-05
3134 3.134 1.54725e-05 1.50094e-05
3135 3.135 1.55639e-05 1.50146e-05
3136 3.136 1.5662e-05 1.50223e-05
3137 3.137 1.57918e-05 1.50228e-05
3138 3.138 1.58995e-05 1.49978e-05
3139 3.139 1.60519e-05 1.50024e-05
3140 3.14 1.62161e-05 1.50092e-05
3141 3.141 1.63535e-05 1.50047e-05
3142 3.142 1.65166e-05 1.49739e-05
3143 3.143 1.66907e-05 1.49897e-05
3144 3.144 1.68459e-05 1.4977e-05
3145 3.145 1.70298e-05 1.5023e-05
3146 3.146 1.71927e-05 1.50278e-05
3147 3.147 1.7321e-05 1.4985e-05
3148 3.148 1.74796e-05 1.50215e-05
3149 3.149 1.7594e-05 1.49983e-05
3150 3.15 1.77061e-05 1.50306e-05
3151 3.151 1.77821e-05 1.4995e-05
3152 3.152 1.78453e-05 1.49721e-05
3153 3.153 1.79363e-05 1.5038e-05
3154 3.154 1.79484e-05 1.49973e-05
3155 3.155 1.79696e-05 1.49987e-05
3156 3.156 1.79771e-05 1.50268e-05
3157 3.157 1.79185e-05 1.49866e-05
3158 3.158 1.78898e-05 1.49953e-05
3159 3.159 1.78301e-05 1.50259e-05
3160 3.16 1.77511e-05 1.50229e-05
3161 3.161 1.76475e-05 1.5016e-05
3162 3.162 1.75141e-05 1.49975e-05
3163 3.163 1.73626e-05 1.50025e-05
3164 3.164 1.72087e-05 1.49792e-05
3165 3.165 1.70806e-05 1.50097e-05
3166 3.166 1.69053e-05 1.49751e-05
3167 3.167 1.67412e-05 1.50083e-05
3168 3.168 1.65959e-05 1.50241e-05
3169 3.169 1.64086e-05 1.4977e-05
3170 3.17 1.62415e-05 1.50017e-05
3171 3.171 1.60842e-05 1.49769e-05
3172 3.172 1.59681e-05 1.50326e-05
3173 3.173 1.58277e-05 1.50279e-05
3174 3.174 1.56926e-05 1.50023e-05
3175 3.175 1.55767e-05 1.4992e-05
3176 3.176 1.54903e-05 1.50195e-05
3177 3.177 1.54101e-05 1.49991e-05
3178 3.178 1.53587e-05 1.50124e-05
3179 3.179 1.52981e-05 1.49856e-05
3180 3.18 1.52915e-05 1.49963e-05
3181 3.181 1.52861e-05 1.49788e-05
3182 3.182 1.53223e-05 1.50073e-05
3183 3.183 1.53782e-05 1.501e-05
3184 3.184 1.54437e-05 1.50363e-05
3185 3.185 1.54995e-05 1.50161e-05
3186 3.186 1.56128e-05 1.50114e-05
3187 3.187 1.57248e-05 1.50204e-05
3188 3.188 1.58505e-05 1.50236e-05
3189 3.189 1.59676e-05 1.50078e-05
3190 3.19 1.60728e-05 1.49903e-05
3191 3.191 1.62735e-05 1.50369e-05
3192 3.192 1.64207e-05 1.50168e-05
3193 3.193 1.6568e-05 1.49948e-05
3194 3.194 1.67518e-05 1.50387e-05
3195 3.195 1.68926e-05 1.50283e-05
3196 3.196 1.70308e-05 1.50017e-05
3197 3.197 1.71689e-05 1.50069e-05
3198 3.198 1.7291e-05 1.50153e-05
3199 3.199 1.74008e-05 1.50094e-05
3200 3.2 1.75249e-05 1.50114e-05
3201 3.201 1.76061e-05 1.5023e-05
3202 3.202 1.76783e-05 1.50272e-05
3203 3.203 1.77032e-05 1.49797e-05
3204 3.204 1.77466e-05 1.50032e-05
3205 3.205 1.77702e-05 1.50209e-05
3206 3.206 1.77763e-05 1.50241e-05
3207 3.207 1.77332e-05 1.50086e-05
3208 3.208 1.76866e-05 1.49966e-05
3209 3.209 1.76147e-05 1.50069e-05
3210 3.21 1.7541e-05 1.49975e-05
3211 3.211 1.74278e-05 1.49953e-05
3212 3.212 1.73329e-05 1.5023e-05
3213 3.213 1.71897e-05 1.5007e-05
3214 3.214 1.70629e-05 1.49926e-05
3215 3.215 1.69302e-05 1.50284e-05
3216 3.216 1.6777e-05 1.50213e-05
3217 3.217 1.66048e-05 1.49846e-05
3218 3.218 1.64916e-05 1.50037e-05
3219 3.219 1.63466e-05 1.50213e-05
3220 3.22 1.61741e-05 1.50133e-05
3221 3.221 1.60097e-05 1.4986e-05
3222 3.222 1.58764e-05 1.50057e-05
3223 3.223 1.57488e-05 1.5002e-05
3224 3.224 1.56249e-05 1.50207e-05
3225 3.225 1.55385e-05 1.50116e-05
3226 3.226 1.54314e-05 1.49948e-05
3227 3.227 1.53704e-05 1.50106e-05
3228 3.228 1.53071e-05 1.49862e-05
3229 3.229 1.5281e-05 1.49876e-05
3230 3.23 1.52519e-05 1.49872e-05
3231 3.231 1.52525e-05 1.49926e-05
3232 3.232 1.52931e-05 1.49998e-05
3233 3.233 1.53233e-05 1.50116e-05
3234 3.234 1.53781e-05 1.50159e-05
3235 3.235 1.54723e-05 1.50243e-05
3236 3.236 1.55321e-05 1.49994e-05
3237 3.237 1.566e-05 1.5015e-05
3238 3.238 1.57665e-05 1.50107e-05
3239 3.239 1.5878e-05 1.50037e-05
3240 3.24 1.60355e-05 1.50097e-05
3241 3.241 1.61573e-05 1.49954e-05
3242 3.242 1.63123e-05 1.50102e-05
3243 3.243 1.64321e-05 1.49931e-05
3244 3.244 1.66121e-05 1.50244e-05
3245 3.245 1.67404e-05 1.5006e-05
3246 3.246 1.68606e-05 1.49886e-05
3247 3.247 1.69993e-05 1.4984e-05
3248 3.248 1.71041e-05 1.49877e-05
3249 3.249 1.72495e-05 1.5012e-05
3250 3.25 1.73254e-05 1.50085e-05
3251 3.251 1.74257e-05 1.50088e-05
3252 3.252 1.74925e-05 1.50319e-05
3253 3.253 1.75266e-05 1.49931e-05
3254 3.254 1.75631e-05 1.50252e-05
3255 3.255 1.75833e-05 1.5009e-05
3256 3.256 1.75719e-05 1.50268e-05
3257 3.257 1.75458e-05 1.50342e-05
3258 3.258 1.74965e-05 1.50017e-05
3259 3.259 1.7457e-05 1.50152e-05
3260 3.26 1.73583e-05 1.50089e-05
3261 3.261 1.72784e-05 1.50074e-05
3262 3.262 1.71543e-05 1.5004e-05
3263 3.263 1.70471e-05 1.50138e-05
3264 3.264 1.6918e-05 1.49954e-05
3265 3.265 1.67779e-05 1.49915e-05
3266 3.266 1.66495e-05 1.50293e-05
3267 3.267 1.64989e-05 1.50207e-05
3268 3.268 1.63407e-05 1.49963e-05
3269 3.269 1.62098e-05 1.50079e-05
3270 3.27 1.60562e-05 1.4996e-05
3271 3.271 1.59353e-05 1.5012e-05
3272 3.272 1.58112e-05 1.50219e-05
3273 3.273 1.56806e-05 1.50163e-05
3274 3.274 1.55704e-05 1.50064e-05
3275 3.275 1.54706e-05 1.49992e-05
3276 3.276 1.53999e-05 1.50132e-05
3277 3.277 1.53159e-05 1.49846e-05
3278 3.278 1.52734e-05 1.50111e-05
3279 3.279 1.52471e-05 1.50307e-05
3280 3.28 1.52397e-05 1.50249e-05
3281 3.281 1.52408e-05 1.50257e-05
3282 3.282 1.52647e-05 1.50099e-05
3283 3.283 1.52984e-05 1.50196e-05
3284 3.284 1.53463e-05 1.50038e-05
3285 3.285 1.54016e-05 1.4994e-05
3286 3.286 1.54988e-05 1.50111e-05
3287 3.287 1.55821e-05 1.50118e-05
3288 3.288 1.56878e-05 1.49986e-05
3289 3.289 1.58195e-05 1.50228e-05
3290 3.29 1.59245e-05 1.50005e-05
3291 3.291 1.60907e-05 1.50215e-05
3292 3.292 1.62015e-05 1.50019e-05
3293 3.293 1.63526e-05 1.50072e-05
3294 3.294 1.64729e-05 1.49926e-05
3295 3.295 1.66425e-05 1.50208e-05
3296 3.296 1.67461e-05 1.50123e-05
3297 3.297 1.68848e-05 1.50133e-05
3298 3.298 1.69745e-05 1.49967e-05
3299 3.299 1.70899e-05 1.50113e-05
3300 3.3 1.7185e-05 1.50198e-05
3301 3.301 1.72576e-05 1.50267e-05
3302 3.302 1.73109e-05 1.50149e-05
3303 3.303 1.73319e-05 1.49893e-05
3304 3.304 1.74037e-05 1.50238e-05
3305 3.305 1.73609e-05 1.49603e-05
3306 3.306 1.73983e-05 1.50152e-05
3307 3.307 1.73749e-05 1.50191e-05
3308 3.308 1.73545e-05 1.50459e-05
3309 3.309 1.72745e-05 1.50181e-05
3310 3.31 1.71849e-05 1.49854e-05
3311 3.311 1.71246e-05 1.50053e-05
3312 3.312 1.70147e-05 1.50234e-05
3313 3.313 1.69049e-05 1.50013e-05
3314 3.314 1.676e-05 1.49836e-05
3315 3.315 1.66626e-05 1.50116e-05
3316 3.316 1.65073e-05 1.50088e-05
3317 3.317 1.63855e-05 1.49916e-05
3318 3.318 1.62397e-05 1.49819e-05
3319 3.319 1.61031e-05 1.49709e-05
3320 3.32 1.59749e-05 1.49861e-05
3321 3.321 1.5856e-05 1.49829e-05
3322 3.322 1.57277e-05 1.4981e-05
3323 3.323 1.56127e-05 1.50005e-05
3324 3.324 1.55124e-05 1.50056e-05
3325 3.325 1.54376e-05 1.50136e-05
3326 3.326 1.53554e-05 1.5005e-05
3327 3.327 1.52946e-05 1.50025e-05
3328 3.328 1.52498e-05 1.50139e-05
3329 3.329 1.52186e-05 1.50078e-05
3330 3.33 1.52032e-05 1.50125e-05
3331 3.331 1.52064e-05 1.50162e-05
3332 3.332 1.52397e-05 1.50287e-05
3333 3.333 1.5271e-05 1.50289e-05
3334 3.334 1.53132e-05 1.50198e-05
3335 3.335 1.53517e-05 1.49979e-05
3336 3.336 1.54446e-05 1.5013e-05
3337 3.337 1.55509e-05 1.50254e-05
3338 3.338 1.56459e-05 1.5015e-05
3339 3.339 1.57585e-05 1.50043e-05
3340 3.34 1.58777e-05 1.50089e-05
3341 3.341 1.60053e-05 1.50047e-05
3342 3.342 1.61143e-05 1.49867e-05
3343 3.343 1.62623e-05 1.50384e-05
3344 3.344 1.63762e-05 1.50131e-05
3345 3.345 1.64942e-05 1.5006e-05
3346 3.346 1.66356e-05 1.50172e-05
3347 3.347 1.67504e-05 1.50348e-05
3348 3.348 1.6822e-05 1.49766e-05
3349 3.349 1.69316e-05 1.49983e-05
3350 3.35 1.70268e-05 1.50138e-05
3351 3.351 1.70828e-05 1.49873e-05
3352 3.352 1.71554e-05 1.5021e-05
3353 3.353 1.71804e-05 1.49814e-05
3354 3.354 1.72131e-05 1.50012e-05
3355 3.355 1.72166e-05 1.49945e-05
3356 3.356 1.72106e-05 1.50046e-05
3357 3.357 1.72033e-05 1.49909e-05
3358 3.358 1.71582e-05 1.50041e-05
3359 3.359 1.71066e-05 1.50059e-05
3360 3.36 1.70208e-05 1.49825e-05
3361 3.361 1.69675e-05 1.50152e-05
3362 3.362 1.68822e-05 1.50306e-05
3363 3.363 1.67788e-05 1.50295e-05
3364 3.364 1.666e-05 1.50022e-05
3365 3.365 1.65321e-05 1.4994e-05
3366 3.366 1.64161e-05 1.50065e-05
3367 3.367 1.6289e-05 1.50106e-05
3368 3.368 1.61618e-05 1.49943e-05
3369 3.369 1.60514e-05 1.50021e-05
3370 3.37 1.59152e-05 1.501e-05
3371 3.371 1.58056e-05 1.50381e-05
3372 3.372 1.56738e-05 1.50126e-05
3373 3.373 1.55692e-05 1.49701e-05
3374 3.374 1.54826e-05 1.50093e-05
3375 3.375 1.53932e-05 1.4987e-05
3376 3.376 1.53334e-05 1.5015e-05
3377 3.377 1.52639e-05 1.50015e-05
3378 3.378 1.52403e-05 1.50248e-05
3379 3.379 1.51795e-05 1.4982e-05
3380 3.38 1.51904e-05 1.50079e-05
3381 3.381 1.52049e-05 1.50071e-05
3382 3.382 1.52032e-05 1.50339e-05
3383 3.383 1.52358e-05 1.50226e-05
3384 3.384 1.52773e-05 1.50196e-05
3385 3.385 1.53499e-05 1.50369e-05
3386 3.386 1.54116e-05 1.50184e-05
3387 3.387 1.55004e-05 1.50308e-05
3388 3.388 1.56004e-05 1.50152e-05
3389 3.389 1.56956e-05 1.4991e-05
3390 3.39 1.58193e-05 1.50372e-05
3391 3.391 1.58996e-05 1.50203e-05
3392 3.392 1.60398e-05 1.50069e-05
3393 3.393 1.61442e-05 1.49888e-05
3394 3.394 1.62814e-05 1.50036e-05
3395 3.395 1.63909e-05 1.5028e-05
3396 3.396 1.6526e-05 1.50312e-05
3397 3.397 1.66216e-05 1.50298e-05
3398 3.398 1.67324e-05 1.50311e-05
3399 3.399 1.68162e-05 1.50232e-05
3400 3.4 1.68921e-05 1.50097e-05
3401 3.401 1.69345e-05 1.50013e-05
3402 3.402 1.70071e-05 1.50319e-05
3403 3.403 1.70522e-05 1.50225e-05
3404 3.404 1.70887e-05 1.50379e-05
3405 3.405 1.70817e-05 1.50231e-05
3406 3.406 1.70658e-05 1.49997e-05
3407 3.407 1.70459e-05 1.49939e-05
3408 3.408 1.70112e-05 1.50043e-05
3409 3.409 1.69508e-05 1.50159e-05
3410 3.41 1.68821e-05 1.4979e-05
3411 3.411 1.68261e-05 1.50032e-05
3412 3.412 1.67328e-05 1.49974e-05
3413 3.413 1.66604e-05 1.50368e-05
3414 3.414 1.65414e-05 1.50049e-05
3415 3.415 1.64515e-05 1.50394e-05
3416 3.416 1.63312e-05 1.50347e-05
3417 3.417 1.62084e-05 1.50136e-05
3418 3.418 1.6088e-05 1.50182e-05
3419 3.419 1.59443e-05 1.49853e-05
3420 3.42 1.58376e-05 1.50101e-05
3421 3.421 1.57286e-05 1.49945e-05
3422 3.422 1.56169e-05 1.50007e-05
3423 3.423 1.55311e-05 1.49844e-05
3424 3.424 1.54447e-05 1.50083e-05
3425 3.425 1.53432e-05 1.49903e-05
3426 3.426 1.52609e-05 1.49758e-05
3427 3.427 1.51977e-05 1.49546e-05
3428 3.428 1.51903e-05 1.49899e-05
3429 3.429 1.51558e-05 1.49999e-05
3430 3.43 1.51563e-05 1.50186e-05
3431 3.431 1.51332e-05 1.49765e-05
3432 3.432 1.51564e-05 1.50037e-05
3433 3.433 1.52e-05 1.50022e-05
3434 3.434 1.52501e-05 1.50115e-05
3435 3.435 1.52903e-05 1.49976e-05
3436 3.436 1.53547e-05 1.50157e-05
3437 3.437 1.5446e-05 1.49965e-05
3438 3.438 1.55465e-05 1.49934e-05
3439 3.439 1.56395e-05 1.50025e-05
3440 3.44 1.57479e-05 1.50083e-05
3441 3.441 1.58504e-05 1.49863e-05
3442 3.442 1.59544e-05 1.49996e-05
3443 3.443 1.60918e-05 1.50054e-05
3444 3.444 1.61644e-05 1.49916e-05
3445 3.445 1.62909e-05 1.50059e-05
3446 3.446 1.63943e-05 1.50138e-05
3447 3.447 1.65139e-05 1.50192e-05
3448 3.448 1.65809e-05 1.5e-05
3449 3.449 1.66664e-05 1.50025e-05
3450 3.45 1.67545e-05 1.50083e-05
3451 3.451 1.68086e-05 1.4988e-05
3452 3.452 1.68675e-05 1.50237e-05
3453 3.453 1.69089e-05 1.50171e-05
3454 3.454 1.69235e-05 1.50004e-05
3455 3.455 1.69324e-05 1.50023e-05
3456 3.456 1.69156e-05 1.50106e-05
3457 3.457 1.68993e-05 1.49989e-05
3458 3.458 1.68732e-05 1.50011e-05
3459 3.459 1.68485e-05 1.50242e-05
3460 3.46 1.67909e-05 1.50431e-05
3461 3.461 1.66992e-05 1.50143e-05
3462 3.462 1.66213e-05 1.5003e-05
3463 3.463 1.65449e-05 1.50288e-05
3464 3.464 1.64485e-05 1.50423e-05
3465 3.465 1.63369e-05 1.50155e-05
3466 3.466 1.62243e-05 1.50045e-05
3467 3.467 1.61144e-05 1.50041e-05
3468 3.468 1.60123e-05 1.50166e-05
3469 3.469 1.59034e-05 1.50142e-05
3470 3.47 1.57636e-05 1.49917e-05
3471 3.471 1.56803e-05 1.50068e-05
3472 3.472 1.55731e-05 1.50167e-05
3473 3.473 1.54777e-05 1.5017e-05
3474 3.474 1.53834e-05 1.49664e-05
3475 3.475 1.53441e-05 1.50369e-05
3476 3.476 1.52692e-05 1.50258e-05
3477 3.477 1.52227e-05 1.50069e-05
3478 3.478 1.51742e-05 1.50115e-05
3479 3.479 1.51423e-05 1.49902e-05
3480 3.48 1.51275e-05 1.49998e-05
3481 3.481 1.51424e-05 1.5014e-05
3482 3.482 1.5141e-05 1.49938e-05
3483 3.483 1.52095e-05 1.50297e-05
3484 3.484 1.5234e-05 1.50178e-05
3485 3.485 1.52852e-05 1.5022e-05
3486 3.486 1.53472e-05 1.50205e-05
3487 3.487 1.54238e-05 1.50164e-05
3488 3.488 1.54719e-05 1.49866e-05
3489 3.489 1.55712e-05 1.50014e-05
3490 3.49 1.56715e-05 1.50029e-05
3491 3.491 1.57831e-05 1.49916e-05
3492 3.492 1.58732e-05 1.50117e-05
3493 3.493 1.59979e-05 1.50248e-05
3494 3.494 1.61012e-05 1.49878e-05
3495 3.495 1.61971e-05 1.49839e-05
3496 3.496 1.62833e-05 1.49871e-05
3497 3.497 1.63902e-05 1.50023e-05
3498 3.498 1.64631e-05 1.49945e-05
3499 3.499 1.65716e-05 1.5018e-05
3500 3.5 1.66147e-05 1.49943e-05
3501 3.501 1.66953e-05 1.49962e-05
3502 3.502 1.67159e-05 1.4992e-05
3503 3.503 1.67496e-05 1.49995e-05
3504 3.504 1.67659e-05 1.49809e-05
3505 3.505 1.67945e-05 1.49928e-05
3506 3.506 1.67884e-05 1.50116e-05
3507 3.507 1.67995e-05 1.50211e-05
3508 3.508 1.67359e-05 1.49858e-05
3509 3.509 1.66763e-05 1.49721e-05
3510 3.51 1.66406e-05 1.49995e-05
3511 3.511 1.65765e-05 1.49977e-05
3512 3.512 1.64955e-05 1.49939e-05
3513 3.513 1.64267e-05 1.50062e-05
3514 3.514 1.63304e-05 1.49888e-05
3515 3.515 1.62151e-05 1.49686e-05
3516 3.516 1.61265e-05 1.50031e-05
3517 3.517 1.60354e-05 1.50096e-05
3518 3.518 1.59353e-05 1.50087e-05
3519 3.519 1.58127e-05 1.49795e-05
3520 3.52 1.57251e-05 1.5017e-05
3521 3.521 1.56267e-05 1.49898e-05
3522 3.522 1.55291e-05 1.49902e-05
3523 3.523 1.54572e-05 1.5012e-05
3524 3.524 1.53957e-05 1.50241e-05
3525 3.525 1.53037e-05 1.4986e-05
3526 3.526 1.52349e-05 1.49869e-05
3527 3.527 1.51979e-05 1.50177e-05
3528 3.528 1.51603e-05 1.50066e-05
3529 3.529 1.51135e-05 1.50072e-05
3530 3.53 1.51073e-05 1.50242e-05
3531 3.531 1.50996e-05 1.49883e-05
3532 3.532 1.51557e-05 1.50306e-05
3533 3.533 1.51786e-05 1.5019e-05
3534 3.534 1.51936e-05 1.49938e-05
3535 3.535 1.52623e-05 1.50167e-05
3536 3.536 1.53052e-05 1.49919e-05
3537 3.537 1.5407e-05 1.50524e-05
3538 3.538 1.54601e-05 1.50257e-05
3539 3.539 1.55618e-05 1.50259e-05
3540 3.54 1.56557e-05 1.50342e-05
3541 3.541 1.57328e-05 1.50216e-05
3542 3.542 1.58238e-05 1.49991e-05
3543 3.543 1.59135e-05 1.49925e-05
3544 3.544 1.60157e-05 1.50024e-05
3545 3.545 1.61206e-05 1.50117e-05
3546 3.546 1.6231e-05 1.50348e-05
3547 3.547 1.62883e-05 1.49839e-05
3548 3.548 1.63822e-05 1.50247e-05
3549 3.549 1.6431e-05 1.49906e-05
3550 3.55 1.65025e-05 1.49906e-05
3551 3.551 1.65646e-05 1.49977e-05
3552 3.552 1.66036e-05 1.49923e-05
3553 3.553 1.66427e-05 1.49875e-05
3554 3.554 1.66605e-05 1.4989e-05
3555 3.555 1.66604e-05 1.49842e-05
3556 3.556 1.6661e-05 1.49901e-05
3557 3.557 1.66426e-05 1.49683e-05
3558 3.558 1.66276e-05 1.4998e-05
3559 3.559 1.65633e-05 1.49792e-05
3560 3.56 1.65312e-05 1.50201e-05
3561 3.561 1.6453e-05 1.49879e-05
3562 3.562 1.63928e-05 1.49823e-05
3563 3.563 1.63201e-05 1.49903e-05
3564 3.564 1.6242e-05 1.49879e-05
3565 3.565 1.613e-05 1.49748e-05
3566 3.566 1.60366e-05 1.49809e-05
3567 3.567 1.59471e-05 1.49784e-05
3568 3.568 1.58797e-05 1.50355e-05
3569 3.569 1.57592e-05 1.50018e-05
3570 3.57 1.56765e-05 1.50137e-05
3571 3.571 1.55663e-05 1.49951e-05
3572 3.572 1.54854e-05 1.50046e-05
3573 3.573 1.54177e-05 1.50128e-05
3574 3.574 1.53426e-05 1.5015e-05
3575 3.575 1.52865e-05 1.50048e-05
3576 3.576 1.52148e-05 1.50036e-05
3577 3.577 1.51535e-05 1.49929e-05
3578 3.578 1.51507e-05 1.50096e-05
3579 3.579 1.50965e-05 1.49705e-05
3580 3.58 1.50844e-05 1.49733e-05
3581 3.581 1.50979e-05 1.49933e-05
3582 3.582 1.50952e-05 1.49956e-05
3583 3.583 1.51391e-05 1.50004e-05
3584 3.584 1.5196e-05 1.50044e-05
3585 3.585 1.52308e-05 1.50137e-05
3586 3.586 1.52783e-05 1.50046e-05
3587 3.587 1.53475e-05 1.50061e-05
3588 3.588 1.54039e-05 1.50074e-05
3589 3.589 1.54962e-05 1.49877e-05
3590 3.59 1.55939e-05 1.50136e-05
3591 3.591 1.56761e-05 1.50215e-05
3592 3.592 1.57699e-05 1.50002e-05
3593 3.593 1.58571e-05 1.50219e-05
3594 3.594 1.59354e-05 1.49754e-05
3595 3.595 1.60594e-05 1.50215e-05
3596 3.596 1.61368e-05 1.50194e-05
3597 3.597 1.62194e-05 1.50289e-05
3598 3.598 1.62855e-05 1.49989e-05
3599 3.599 1.63683e-05 1.50119e-05
3600 3.6 1.64044e-05 1.49889e-05
3601 3.601 1.64635e-05 1.49988e-05
3602 3.602 1.64873e-05 1.49903e-05
3603 3.603 1.65343e-05 1.49681e-05
3604 3.604 1.65666e-05 1.50158e-05
3605 3.605 1.6573e-05 1.50018e-05
3606 3.606 1.65587e-05 1.50163e-05
3607 3.607 1.65224e-05 1.49686e-05
3608 3.608 1.65201e-05 1.49915e-05
3609 3.609 1.64563e-05 1.49752e-05
3610 3.61 1.64331e-05 1.50135e-05
3611 3.611 1.63864e-05 1.50099e-05
3612 3.612 1.62986e-05 1.498e-05
3613 3.613 1.62195e-05 1.49848e-05
3614 3.614 1.61634e-05 1.49936e-05
3615 3.615 1.6067e-05 1.50076e-05
3616 3.616 1.59651e-05 1.49653e-05
3617 3.617 1.58835e-05 1.49779e-05
3618 3.618 1.57911e-05 1.49806e-05
3619 3.619 1.57114e-05 1.49959e-05
3620 3.62 1.56176e-05 1.49895e-05
3621 3.621 1.55404e-05 1.49986e-05
3622 3.622 1.54396e-05 1.49873e-05
3623 3.623 1.53693e-05 1.49843e-05
3624 3.624 1.53241e-05 1.50397e-05
3625 3.625 1.52544e-05 1.50044e-05
3626 3.626 1.51842e-05 1.50027e-05
3627 3.627 1.51498e-05 1.50096e-05
3628 3.628 1.51212e-05 1.50031e-05
3629 3.629 1.50926e-05 1.4995e-05
3630 3.63 1.50846e-05 1.50077e-05
3631 3.631 1.50877e-05 1.50014e-05
3632 3.632 1.51049e-05 1.50094e-05
3633 3.633 1.51493e-05 1.50265e-05
3634 3.634 1.5179e-05 1.5019e-05
3635 3.635 1.51975e-05 1.49921e-05
3636 3.636 1.52744e-05 1.50071e-05
3637 3.637 1.53184e-05 1.49949e-05
3638 3.638 1.54046e-05 1.50284e-05
3639 3.639 1.54738e-05 1.49968e-05
3640 3.64 1.55363e-05 1.49879e-05
3641 3.641 1.56509e-05 1.5032e-05
3642 3.642 1.57236e-05 1.50139e-05
3643 3.643 1.58124e-05 1.50172e-05
3644 3.644 1.59118e-05 1.50286e-05
3645 3.645 1.59726e-05 1.50052e-05
3646 3.646 1.60523e-05 1.49905e-05
3647 3.647 1.61175e-05 1.49975e-05
3648 3.648 1.6194e-05 1.49947e-05
3649 3.649 1.62567e-05 1.49877e-05
3650 3.65 1.63288e-05 1.50125e-05
3651 3.651 1.63562e-05 1.49975e-05
3652 3.652 1.64041e-05 1.5019e-05
3653 3.653 1.64363e-05 1.50005e-05
3654 3.654 1.64598e-05 1.50285e-05
3655 3.655 1.64583e-05 1.49987e-05
3656 3.656 1.64653e-05 1.50125e-05
3657 3.657 1.64508e-05 1.50138e-05
3658 3.658 1.64019e-05 1.49817e-05
3659 3.659 1.63797e-05 1.49928e-05
3660 3.66 1.63549e-05 1.50161e-05
3661 3.661 1.62923e-05 1.49989e-05
3662 3.662 1.6224e-05 1.50026e-05
3663 3.663 1.61498e-05 1.50049e-05
3664 3.664 1.60681e-05 1.4991e-05
3665 3.665 1.60014e-05 1.50024e-05
3666 3.666 1.59315e-05 1.50354e-05
3667 3.667 1.58424e-05 1.50089e-05
3668 3.668 1.57616e-05 1.50285e-05
3669 3.669 1.56442e-05 1.49898e-05
3670 3.67 1.55792e-05 1.50066e-05
3671 3.671 1.54908e-05 1.50073e-05
3672 3.672 1.54235e-05 1.50124e-05
3673 3.673 1.53395e-05 1.49895e-05
3674 3.674 1.53068e-05 1.50263e-05
3675 3.675 1.52234e-05 1.49938e-05
3676 3.676 1.51722e-05 1.49894e-05
3677 3.677 1.51354e-05 1.49992e-05
3678 3.678 1.50869e-05 1.4992e-05
3679 3.679 1.50858e-05 1.50043e-05
3680 3.68 1.5084e-05 1.50072e-05
3681 3.681 1.5088e-05 1.50065e-05
3682 3.682 1.50798e-05 1.49748e-05
3683 3.683 1.51178e-05 1.49998e-05
3684 3.684 1.51527e-05 1.50161e-05
3685 3.685 1.52022e-05 1.50194e-05
3686 3.686 1.52321e-05 1.49934e-05
3687 3.687 1.52806e-05 1.49917e-05
3688 3.688 1.5362e-05 1.50021e-05
3689 3.689 1.5426e-05 1.50013e-05
3690 3.69 1.55082e-05 1.50101e-05
3691 3.691 1.55791e-05 1.49962e-05
3692 3.692 1.56747e-05 1.50262e-05
3693 3.693 1.57571e-05 1.5014e-05
3694 3.694 1.58283e-05 1.50162e-05
3695 3.695 1.59059e-05 1.50128e-05
3696 3.696 1.59638e-05 1.49884e-05
3697 3.697 1.60492e-05 1.4997e-05
3698 3.698 1.61315e-05 1.49975e-05
3699 3.699 1.61848e-05 1.50037e-05
3700 3.7 1.6223e-05 1.49915e-05
3701 3.701 1.62908e-05 1.50327e-05
3702 3.702 1.63285e-05 1.50052e-05
3703 3.703 1.63392e-05 1.50126e-05
3704 3.704 1.6353e-05 1.49946e-05
3705 3.705 1.63643e-05 1.50062e-05
3706 3.706 1.63433e-05 1.49831e-05
3707 3.707 1.63452e-05 1.50033e-05
3708 3.708 1.63424e-05 1.50342e-05
3709 3.709 1.6305e-05 1.50191e-05
3710 3.71 1.62655e-05 1.50285e-05
3711 3.711 1.62072e-05 1.50292e-05
3712 3.712 1.6149e-05 1.50114e-05
3713 3.713 1.60986e-05 1.502e-05
3714 3.714 1.60264e-05 1.50262e-05
3715 3.715 1.59333e-05 1.50192e-05
3716 3.716 1.58584e-05 1.50124e-05
3717 3.717 1.57758e-05 1.50082e-05
3718 3.718 1.57099e-05 1.50215e-05
3719 3.719 1.56155e-05 1.50102e-05
3720 3.72 1.55321e-05 1.49947e-05
3721 3.721 1.54661e-05 1.49945e-05
3722 3.722 1.53905e-05 1.50227e-05
3723 3.723 1.53303e-05 1.50214e-05
3724 3.724 1.52661e-05 1.50116e-05
3725 3.725 1.52199e-05 1.5032e-05
3726 3.726 1.51892e-05 1.50322e-05
3727 3.727 1.51394e-05 1.50145e-05
3728 3.728 1.50879e-05 1.49808e-05
3729 3.729 1.50634e-05 1.49941e-05
3730 3.73 1.5064e-05 1.50126e-05
3731 3.731 1.50661e-05 1.49974e-05
3732 3.732 1.50847e-05 1.50107e-05
3733 3.733 1.51126e-05 1.49911e-05
3734 3.734 1.51577e-05 1.50381e-05
3735 3.735 1.5173e-05 1.49915e-05
3736 3.736 1.52204e-05 1.50071e-05
3737 3.737 1.526e-05 1.49788e-05
3738 3.738 1.5346e-05 1.50122e-05
3739 3.739 1.54086e-05 1.50093e-05
3740 3.74 1.54773e-05 1.50037e-05
3741 3.741 1.55479e-05 1.50026e-05
3742 3.742 1.5634e-05 1.50111e-05
3743 3.743 1.57067e-05 1.50072e-05
3744 3.744 1.57707e-05 1.49975e-05
3745 3.745 1.58598e-05 1.50407e-05
3746 3.746 1.58979e-05 1.49789e-05
3747 3.747 1.59769e-05 1.49979e-05
3748 3.748 1.60275e-05 1.49925e-05
3749 3.749 1.61017e-05 1.5013e-05
3750 3.75 1.61555e-05 1.50013e-05
3751 3.751 1.61883e-05 1.49886e-05
3752 3.752 1.62167e-05 1.49933e-05
3753 3.753 1.6252e-05 1.49918e-05
3754 3.754 1.62555e-05 1.4979e-05
3755 3.755 1.62617e-05 1.49894e-05
3756 3.756 1.62719e-05 1.4995e-05
3757 3.757 1.62556e-05 1.50123e-05
3758 3.758 1.62218e-05 1.49876e-05
3759 3.759 1.61986e-05 1.49813e-05
3760 3.76 1.61404e-05 1.49624e-05
3761 3.761 1.61109e-05 1.50126e-05
3762 3.762 1.60678e-05 1.50099e-05
3763 3.763 1.59807e-05 1.49754e-05
3764 3.764 1.5908e-05 1.49901e-05
3765 3.765 1.58555e-05 1.49935e-05
3766 3.766 1.58185e-05 1.50305e-05
3767 3.767 1.57155e-05 1.50012e-05
3768 3.768 1.56556e-05 1.50121e-05
3769 3.769 1.55678e-05 1.49745e-05
3770 3.77 1.54997e-05 1.50141e-05
3771 3.771 1.54307e-05 1.50076e-05
3772 3.772 1.53496e-05 1.49831e-05
3773 3.773 1.53e-05 1.49961e-05
3774 3.774 1.52354e-05 1.49898e-05
3775 3.775 1.51963e-05 1.501e-05
3776 3.776 1.51498e-05 1.49895e-05
3777 3.777 1.50974e-05 1.49732e-05
3778 3.778 1.50687e-05 1.49773e-05
3779 3.779 1.50639e-05 1.49944e-05
3780 3.78 1.50543e-05 1.49947e-05
3781 3.781 1.50533e-05 1.49857e-05
3782 3.782 1.50792e-05 1.50002e-05
3783 3.783 1.51078e-05 1.50114e-05
3784 3.784 1.51146e-05 1.49964e-05
3785 3.785 1.51612e-05 1.50108e-05
3786 3.786 1.52102e-05 1.50056e-05
3787 3.787 1.52617e-05 1.50019e-05
3788 3.788 1.53261e-05 1.50229e-05
3789 3.789 1.53875e-05 1.50257e-05
3790 3.79 1.54521e-05 1.50076e-05
3791 3.791 1.55241e-05 1.50288e-05
3792 3.792 1.55635e-05 1.49799e-05
3793 3.793 1.56465e-05 1.50161e-05
3794 3.794 1.57133e-05 1.50035e-05
3795 3.795 1.57745e-05 1.49891e-05
3796 3.796 1.58192e-05 1.49753e-05
3797 3.797 1.59105e-05 1.49945e-05
3798 3.798 1.5965e-05 1.49982e-05
3799 3.799 1.60175e-05 1.50143e-05
3800 3.8 1.60605e-05 1.49836e-05
3801 3.801 1.61086e-05 1.50131e-05
3802 3.802 1.61453e-05 1.49906e-05
3803 3.803 1.61834e-05 1.5017e-05
3804 3.804 1.61877e-05 1.50175e-05
3805 3.805 1.61949e-05 1.50194e-05
3806 3.806 1.6219e-05 1.50298e-05
3807 3.807 1.61897e-05 1.50331e-05
3808 3.808 1.61483e-05 1.49908e-05
3809 3.809 1.61138e-05 1.49836e-05
3810 3.81 1.60844e-05 1.49945e-05
3811 3.811 1.60489e-05 1.50054e-05
3812 3.812 1.59867e-05 1.49832e-05
3813 3.813 1.59229e-05 1.49971e-05
3814 3.814 1.58808e-05 1.50048e-05
3815 3.815 1.58072e-05 1.499e-05
3816 3.816 1.57403e-05 1.49851e-05
3817 3.817 1.56819e-05 1.50069e-05
3818 3.818 1.56098e-05 1.50128e-05
3819 3.819 1.5538e-05 1.50072e-05
3820 3.82 1.54466e-05 1.49769e-05
3821 3.821 1.53995e-05 1.49897e-05
3822 3.822 1.53394e-05 1.50206e-05
3823 3.823 1.52808e-05 1.50205e-05
3824 3.824 1.52186e-05 1.49937e-05
3825 3.825 1.51707e-05 1.50033e-05
3826 3.826 1.51349e-05 1.5e-05
3827 3.827 1.51122e-05 1.50127e-05
3828 3.828 1.50951e-05 1.50318e-05
3829 3.829 1.50539e-05 1.50032e-05
3830 3.83 1.50477e-05 1.49908e-05
3831 3.831 1.50711e-05 1.50088e-05
3832 3.832 1.50683e-05 1.50203e-05
3833 3.833 1.5082e-05 1.49885e-05
3834 3.834 1.51139e-05 1.50103e-05
3835 3.835 1.51369e-05 1.49935e-05
3836 3.836 1.51811e-05 1.50142e-05
3837 3.837 1.52259e-05 1.50061e-05
3838 3.838 1.52981e-05 1.50195e-05
3839 3.839 1.53469e-05 1.49908e-05
3840 3.84 1.54201e-05 1.50417e-05
3841 3.841 1.54764e-05 1.50093e-05
3842 3.842 1.55326e-05 1.50135e-05
3843 3.843 1.55921e-05 1.50024e-05
3844 3.844 1.56471e-05 1.49941e-05
3845 3.845 1.57144e-05 1.49776e-05
3846 3.846 1.57978e-05 1.50175e-05
3847 3.847 1.58371e-05 1.49951e-05
3848 3.848 1.59226e-05 1.50195e-05
3849 3.849 1.59523e-05 1.50135e-05
3850 3.85 1.60178e-05 1.50189e-05
3851 3.851 1.60582e-05 1.50138e-05
3852 3.852 1.60917e-05 1.50296e-05
3853 3.853 1.60977e-05 1.50237e-05
3854 3.854 1.61002e-05 1.49984e-05
3855 3.855 1.61215e-05 1.50244e-05
3856 3.856 1.61138e-05 1.50118e-05
3857 3.857 1.61028e-05 1.50185e-05
3858 3.858 1.60937e-05 1.50349e-05
3859 3.859 1.60436e-05 1.50054e-05
3860 3.86 1.60216e-05 1.50159e-05
3861 3.861 1.59665e-05 1.49705e-05
3862 3.862 1.592e-05 1.49955e-05
3863 3.863 1.58775e-05 1.49966e-05
3864 3.864 1.58118e-05 1.50061e-05
3865 3.865 1.57539e-05 1.50071e-05
3866 3.866 1.56701e-05 1.49722e-05
3867 3.867 1.56033e-05 1.49792e-05
3868 3.868 1.55654e-05 1.50089e-05
3869 3.869 1.55054e-05 1.50113e-05
3870 3.87 1.54381e-05 1.50011e-05
3871 3.871 1.53895e-05 1.5032e-05
3872 3.872 1.53054e-05 1.499e-05
3873 3.873 1.52708e-05 1.50304e-05
3874 3.874 1.52043e-05 1.50053e-05
3875 3.875 1.51778e-05 1.50231e-05
3876 3.876 1.51175e-05 1.49854e-05
3877 3.877 1.5103e-05 1.49978e-05
3878 3.878 1.50598e-05 1.49724e-05
3879 3.879 1.50876e-05 1.50397e-05
3880 3.88 1.50521e-05 1.50003e-05
3881 3.881 1.50566e-05 1.5003e-05
3882 3.882 1.50655e-05 1.50167e-05
3883 3.883 1.50989e-05 1.50343e-05
3884 3.884 1.51169e-05 1.50365e-05
3885 3.885 1.5122e-05 1.49964e-05
3886 3.886 1.51738e-05 1.49883e-05
3887 3.887 1.52056e-05 1.4983e-05
3888 3.888 1.52559e-05 1.50086e-05
3889 3.889 1.52992e-05 1.50014e-05
3890 3.89 1.53757e-05 1.50209e-05
3891 3.891 1.54035e-05 1.49909e-05
3892 3.892 1.54746e-05 1.49963e-05
3893 3.893 1.55505e-05 1.49673e-05
3894 3.894 1.56149e-05 1.49909e-05
3895 3.895 1.56944e-05 1.4993e-05
3896 3.896 1.57489e-05 1.50299e-05
3897 3.897 1.57824e-05 1.49797e-05
3898 3.898 1.58625e-05 1.49925e-05
3899 3.899 1.58702e-05 1.4986e-05
3900 3.9 1.5915e-05 1.49734e-05
3901 3.901 1.59689e-05 1.5037e-05
3902 3.902 1.59813e-05 1.50144e-05
3903 3.903 1.60127e-05 1.49969e-05
3904 3.904 1.6008e-05 1.49915e-05
3905 3.905 1.60332e-05 1.50293e-05
3906 3.906 1.60179e-05 1.49728e-05
3907 3.907 1.5999e-05 1.49718e-05
3908 3.908 1.59971e-05 1.49919e-05
3909 3.909 1.5982e-05 1.50257e-05
3910 3.91 1.59708e-05 1.50313e-05
3911 3.911 1.59062e-05 1.50178e-05
3912 3.912 1.58668e-05 1.49955e-05
3913 3.913 1.57941e-05 1.49685e-05
3914 3.914 1.57498e-05 1.50094e-05
3915 3.915 1.57027e-05 1.49956e-05
3916 3.916 1.56523e-05 1.50204e-05
3917 3.917 1.55922e-05 1.49883e-05
3918 3.918 1.55245e-05 1.50298e-05
3919 3.919 1.54535e-05 1.50032e-05
3920 3.92 1.54147e-05 1.50325e-05
3921 3.921 1.53394e-05 1.50067e-05
3922 3.922 1.52848e-05 1.49818e-05
3923 3.923 1.52599e-05 1.50319e-05
3924 3.924 1.52116e-05 1.50296e-05
3925 3.925 1.51578e-05 1.50283e-05
3926 3.926 1.51105e-05 1.50031e-05
3927 3.927 1.50883e-05 1.50032e-05
3928 3.928 1.50565e-05 1.49927e-05
3929 3.929 1.50601e-05 1.50212e-05
3930 3.93 1.50595e-05 1.50313e-05
3931 3.931 1.50412e-05 1.5001e-05
3932 3.932 1.50369e-05 1.49958e-05
3933 3.933 1.50879e-05 1.50125e-05
3934 3.934 1.50865e-05 1.5007e-05
3935 3.935 1.51385e-05 1.50197e-05
3936 3.936 1.51554e-05 1.499e-05
3937 3.937 1.52058e-05 1.49949e-05
3938 3.938 1.52453e-05 1.50101e-05
3939 3.939 1.52774e-05 1.49891e-05
3940 3.94 1.53289e-05 1.49942e-05
3941 3.941 1.53857e-05 1.497e-05
3942 3.942 1.54416e-05 1.49673e-05
3943 3.943 1.55275e-05 1.50318e-05
3944 3.944 1.55766e-05 1.50129e-05
3945 3.945 1.5621e-05 1.49935e-05
3946 3.946 1.56849e-05 1.49975e-05
3947 3.947 1.57044e-05 1.49565e-05
3948 3.948 1.57683e-05 1.4988e-05
3949 3.949 1.58219e-05 1.50035e-05
3950 3.95 1.58616e-05 1.49841e-05
3951 3.951 1.58919e-05 1.50052e-05
3952 3.952 1.59176e-05 1.49898e-05
3953 3.953 1.59571e-05 1.50082e-05
3954 3.954 1.5967e-05 1.5002e-05
3955 3.955 1.59683e-05 1.5005e-05
3956 3.956 1.59503e-05 1.49928e-05
3957 3.957 1.59486e-05 1.50042e-05
3958 3.958 1.59533e-05 1.50167e-05
3959 3.959 1.59413e-05 1.50549e-05
3960 3.96 1.58999e-05 1.50191e-05
3961 3.961 1.58468e-05 1.49935e-05
3962 3.962 1.58244e-05 1.50213e-05
3963 3.963 1.57679e-05 1.50232e-05
3964 3.964 1.57073e-05 1.49959e-05
3965 3.965 1.56514e-05 1.50042e-05
3966 3.966 1.55951e-05 1.49804e-05
3967 3.967 1.55408e-05 1.50102e-05
3968 3.968 1.54935e-05 1.49975e-05
3969 3.969 1.54431e-05 1.49948e-05
3970 3.97 1.53729e-05 1.50041e-05
3971 3.971 1.53219e-05 1.5014e-05
3972 3.972 1.52788e-05 1.50065e-05
3973 3.973 1.5221e-05 1.50042e-05
3974 3.974 1.5153e-05 1.49892e-05
3975 3.975 1.5152e-05 1.50128e-05
3976 3.976 1.51239e-05 1.50166e-05
3977 3.977 1.50877e-05 1.50014e-05
3978 3.978 1.50642e-05 1.49977e-05
3979 3.979 1.50394e-05 1.49997e-05
3980 3.98 1.50445e-05 1.49961e-05
3981 3.981 1.50484e-05 1.49994e-05
3982 3.982 1.50545e-05 1.50036e-05
3983 3.983 1.50536e-05 1.49924e-05
3984 3.984 1.5069e-05 1.50013e-05
3985 3.985 1.51177e-05 1.50154e-05
3986 3.986 1.51428e-05 1.49929e-05
3987 3.987 1.51892e-05 1.49938e-05
3988 3.988 1.52362e-05 1.50142e-05
3989 3.989 1.52721e-05 1.50086e-05
3990 3.99 1.53238e-05 1.50037e-05
3991 3.991 1.53739e-05 1.49889e-05
3992 3.992 1.54159e-05 1.49952e-05
3993 3.993 1.54802e-05 1.50011e-05
3994 3.994 1.5525e-05 1.50013e-05
3995 3.995 1.55955e-05 1.50247e-05
3996 3.996 1.56421e-05 1.49994e-05
3997 3.997 1.56928e-05 1.50211e-05
3998 3.998 1.57123e-05 1.49866e-05
3999 3.999 1.57721e-05 1.49799e-05
4000 4 1.58011e-05 1.49703e-05
4001 4.001 1.58518e-05 1.50028e-05
4002 4.002 1.586e-05 1.5005e-05
4003 4.003 1.58886e-05 1.50143e-05
4004 4.004 1.5904e-05 1.50064e-05
4005 4.005 1.58827e-05 1.49797e-05
4006 4.006 1.59111e-05 1.50079e-05
4007 4.007 1.58833e-05 1.4992e-05
4008 4.008 1.58637e-05 1.49942e-05
4009 4.009 1.5835e-05 1.49959e-05
4010 4.01 1.58214e-05 1.49975e-05
4011 4.011 1.58077e-05 1.50322e-05
4012 4.012 1.57669e-05 1.50179e-05
4013 4.013 1.57149e-05 1.50237e-05
4014 4.014 1.5683e-05 1.50088e-05
4015 4.015 1.56236e-05 1.50217e-05
4016 4.016 1.55583e-05 1.49837e-05
4017 4.017 1.55126e-05 1.50201e-05
4018 4.018 1.54548e-05 1.50172e-05
4019 4.019 1.54078e-05 1.50055e-05
4020 4.02 1.53583e-05 1.5037e-05
4021 4.021 1.53031e-05 1.5001e-05
4022 4.022 1.5243e-05 1.50128e-05
4023 4.023 1.51891e-05 1.49971e-05
4024 4.024 1.51665e-05 1.5018e-05
4025 4.025 1.51081e-05 1.49818e-05
4026 4.026 1.51003e-05 1.49926e-05
4027 4.027 1.50893e-05 1.50136e-05
4028 4.028 1.50733e-05 1.5031e-05
4029 4.029 1.50489e-05 1.50214e-05
4030 4.03 1.50388e-05 1.50202e-05
4031 4.031 1.50404e-05 1.50065e-05
4032 4.032 1.5049e-05 1.50131e-05
4033 4.033 1.50627e-05 1.5002e-05
4034 4.034 1.50717e-05 1.50054e-05
4035 4.035 1.5096e-05 1.49975e-05
4036 4.036 1.51398e-05 1.50085e-05
4037 4.037 1.51678e-05 1.49788e-05
4038 4.038 1.51847e-05 1.49759e-05
4039 4.039 1.52557e-05 1.50047e-05
4040 4.04 1.53108e-05 1.50166e-05
4041 4.041 1.53353e-05 1.49961e-05
4042 4.042 1.54044e-05 1.49873e-05
4043 4.043 1.54466e-05 1.50024e-05
4044 4.044 1.5496e-05 1.50136e-05
4045 4.045 1.55554e-05 1.50044e-05
4046 4.046 1.55893e-05 1.50008e-05
4047 4.047 1.56346e-05 1.49777e-05
4048 4.048 1.56802e-05 1.49814e-05
4049 4.049 1.5711e-05 1.49911e-05
4050 4.05 1.57458e-05 1.49843e-05
4051 4.051 1.57745e-05 1.49822e-05
4052 4.052 1.58049e-05 1.49794e-05
4053 4.053 1.58107e-05 1.49893e-05
4054 4.054 1.58252e-05 1.49768e-05
4055 4.055 1.58573e-05 1.50223e-05
4056 4.056 1.58304e-05 1.50045e-05
4057 4.057 1.58423e-05 1.50142e-05
4058 4.058 1.58086e-05 1.49768e-05
4059 4.059 1.57775e-05 1.49797e-05
4060 4.06 1.5759e-05 1.4992e-05
4061 4.061 1.57288e-05 1.49969e-05
4062 4.062 1.56955e-05 1.50105e-05
4063 4.063 1.56661e-05 1.5007e-05
4064 4.064 1.56147e-05 1.49827e-05
4065 4.065 1.55603e-05 1.499e-05
4066 4.066 1.55105e-05 1.50131e-05
4067 4.067 1.54647e-05 1.49944e-05
4068 4.068 1.54465e-05 1.5036e-05
4069 4.069 1.53492e-05 1.49849e-05
4070 4.07 1.53039e-05 1.49764e-05
4071 4.071 1.52644e-05 1.49888e-05
4072 4.072 1.52519e-05 1.50031e-05
4073 4.073 1.51663e-05 1.49876e-05
4074 4.074 1.51567e-05 1.49866e-05
4075 4.075 1.50935e-05 1.49634e-05
4076 4.076 1.50736e-05 1.49877e-05
4077 4.077 1.50698e-05 1.49809e-05
4078 4.078 1.50396e-05 1.49739e-05
4079 4.079 1.50133e-05 1.49778e-05
4080 4.08 1.50074e-05 1.49901e-05
4081 4.081 1.50395e-05 1.50151e-05
4082 4.082 1.50404e-05 1.49966e-05
4083 4.083 1.50535e-05 1.50144e-05
4084 4.084 1.50707e-05 1.49993e-05
4085 4.085 1.5105e-05 1.50127e-05
4086 4.086 1.51191e-05 1.49784e-05
4087 4.087 1.51675e-05 1.5022e-05
4088 4.088 1.51861e-05 1.49791e-05
4089 4.089 1.52383e-05 1.49977e-05
4090 4.09 1.52732e-05 1.49871e-05
4091 4.091 1.52958e-05 1.49916e-05
4092 4.092 1.53816e-05 1.5014e-05
4093 4.093 1.5405e-05 1.49881e-05
4094 4.094 1.54797e-05 1.50209e-05
4095 4.095 1.55202e-05 1.5008e-05
4096 4.096 1.55563e-05 1.50011e-05
4097 4.097 1.55928e-05 1.49801e-05
4098 4.098 1.56615e-05 1.50542e-05
4099 4.099 1.56886e-05 1.50104e-05
4100 4.1 1.57029e-05 1.50023e-05
4101 4.101 1.57202e-05 1.49848e-05
4102 4.102 1.5757e-05 1.50109e-05
4103 4.103 1.57635e-05 1.50032e-05
4104 4.104 1.57695e-05 1.49925e-05
4105 4.105 1.57777e-05 1.499e-05
4106 4.106 1.57647e-05 1.49733e-05
4107 4.107 1.57707e-05 1.50093e-05
4108 4.108 1.57862e-05 1.50257e-05
4109 4.109 1.57523e-05 1.50275e-05
4110 4.11 1.5699e-05 1.49847e-05
4111 4.111 1.56837e-05 1.50083e-05
4112 4.112 1.56596e-05 1.50008e-05
4113 4.113 1.56109e-05 1.50074e-05
4114 4.114 1.55786e-05 1.49998e-05
4115 4.115 1.55453e-05 1.50223e-05
4116 4.116 1.55023e-05 1.5023e-05
4117 4.117 1.5443e-05 1.50278e-05
4118 4.118 1.5399e-05 1.50277e-05
4119 4.119 1.53502e-05 1.50231e-05
4120 4.12 1.52825e-05 1.49985e-05
4121 4.121 1.52477e-05 1.49916e-05
4122 4.122 1.52104e-05 1.49966e-05
4123 4.123 1.51964e-05 1.50203e-05
4124 4.124 1.51402e-05 1.49978e-05
4125 4.125 1.5116e-05 1.49969e-05
4126 4.126 1.51091e-05 1.50113e-05
4127 4.127 1.50677e-05 1.50033e-05
4128 4.128 1.50536e-05 1.50138e-05
4129 4.129 1.50138e-05 1.49835e-05
4130 4.13 1.50355e-05 1.50133e-05
4131 4.131 1.50105e-05 1.49668e-05
4132 4.132 1.50059e-05 1.4981e-05
4133 4.133 1.50532e-05 1.50004e-05
4134 4.134 1.50466e-05 1.4993e-05
4135 4.135 1.50939e-05 1.50133e-05
4136 4.136 1.51162e-05 1.49993e-05
4137 4.137 1.51169e-05 1.49827e-05
4138 4.138 1.51954e-05 1.50049e-05
4139 4.139 1.523e-05 1.50164e-05
4140 4.14 1.52467e-05 1.49812e-05
4141 4.141 1.52981e-05 1.4995e-05
4142 4.142 1.53417e-05 1.49947e-05
4143 4.143 1.53986e-05 1.49941e-05
4144 4.144 1.54331e-05 1.4992e-05
4145 4.145 1.54669e-05 1.4985e-05
4146 4.146 1.55282e-05 1.50033e-05
4147 4.147 1.55446e-05 1.5003e-05
4148 4.148 1.56181e-05 1.50242e-05
4149 4.149 1.56447e-05 1.50166e-05
4150 4.15 1.56581e-05 1.50012e-05
4151 4.151 1.56874e-05 1.5019e-05
4152 4.152 1.57231e-05 1.50123e-05
4153 4.153 1.57207e-05 1.49985e-05
4154 4.154 1.57136e-05 1.49747e-05
4155 4.155 1.57253e-05 1.49804e-05
4156 4.156 1.57448e-05 1.50328e-05
4157 4.157 1.57299e-05 1.49883e-05
4158 4.158 1.57374e-05 1.50373e-05
4159 4.159 1.56975e-05 1.50039e-05
4160 4.16 1.56908e-05 1.50288e-05
4161 4.161 1.56257e-05 1.50054e-05
4162 4.162 1.56265e-05 1.50304e-05
4163 4.163 1.55788e-05 1.49943e-05
4164 4.164 1.55562e-05 1.50486e-05
4165 4.165 1.55079e-05 1.50246e-05
4166 4.166 1.5463e-05 1.50223e-05
4167 4.167 1.53997e-05 1.50045e-05
4168 4.168 1.53655e-05 1.50044e-05
4169 4.169 1.53332e-05 1.50067e-05
4170 4.17 1.52668e-05 1.49941e-05
4171 4.171 1.52442e-05 1.50149e-05
4172 4.172 1.52114e-05 1.50109e-05
4173 4.173 1.51659e-05 1.50132e-05
4174 4.174 1.5146e-05 1.50336e-05
4175 4.175 1.51098e-05 1.50141e-05
4176 4.176 1.50769e-05 1.50044e-05
4177 4.177 1.50552e-05 1.5005e-05
4178 4.178 1.50616e-05 1.50188e-05
4179 4.179 1.50184e-05 1.49965e-05
4180 4.18 1.50432e-05 1.50272e-05
4181 4.181 1.50262e-05 1.50071e-05
4182 4.182 1.50422e-05 1.50148e-05
4183 4.183 1.50549e-05 1.50139e-05
4184 4.184 1.50557e-05 1.5006e-05
4185 4.185 1.50603e-05 1.49917e-05
4186 4.186 1.50999e-05 1.49982e-05
4187 4.187 1.51547e-05 1.50277e-05
4188 4.188 1.51757e-05 1.50174e-05
4189 4.189 1.52114e-05 1.49949e-05
4190 4.19 1.52395e-05 1.50078e-05
4191 4.191 1.52815e-05 1.50078e-05
4192 4.192 1.53142e-05 1.49989e-05
4193 4.193 1.53792e-05 1.50045e-05
4194 4.194 1.54384e-05 1.50058e-05
4195 4.195 1.54636e-05 1.49975e-05
4196 4.196 1.54984e-05 1.50098e-05
4197 4.197 1.55087e-05 1.49958e-05
4198 4.198 1.55511e-05 1.49912e-05
4199 4.199 1.56187e-05 1.50456e-05
4200 4.2 1.56411e-05 1.50187e-05
4201 4.201 1.5644e-05 1.50171e-05
4202 4.202 1.56641e-05 1.50047e-05
4203 4.203 1.56798e-05 1.50054e-05
4204 4.204 1.56802e-05 1.50067e-05
4205 4.205 1.56926e-05 1.50129e-05
4206 4.206 1.56858e-05 1.49955e-05
4207 4.207 1.56653e-05 1.49952e-05
4208 4.208 1.56834e-05 1.5041e-05
4209 4.209 1.56691e-05 1.50366e-05
4210 4.21 1.5619e-05 1.49923e-05
4211 4.211 1.56085e-05 1.50014e-05
4212 4.212 1.55798e-05 1.49984e-05
4213 4.213 1.55508e-05 1.50104e-05
4214 4.214 1.55112e-05 1.49858e-05
4215 4.215 1.54935e-05 1.50292e-05
4216 4.216 1.54435e-05 1.50225e-05
4217 4.217 1.53724e-05 1.49655e-05
4218 4.218 1.53473e-05 1.50051e-05
4219 4.219 1.53186e-05 1.50057e-05
4220 4.22 1.52679e-05 1.50128e-05
4221 4.221 1.52205e-05 1.50053e-05
4222 4.222 1.52037e-05 1.50289e-05
4223 4.223 1.51562e-05 1.50167e-05
4224 4.224 1.51122e-05 1.49911e-05
4225 4.225 1.51099e-05 1.50141e-05
4226 4.226 1.50595e-05 1.49902e-05
4227 4.227 1.50589e-05 1.49993e-05
4228 4.228 1.50529e-05 1.50297e-05
4229 4.229 1.50502e-05 1.50198e-05
4230 4.23 1.50132e-05 1.49793e-05
4231 4.231 1.50282e-05 1.5007e-05
4232 4.232 1.50479e-05 1.50241e-05
4233 4.233 1.50608e-05 1.504e-05
4234 4.234 1.50501e-05 1.4999e-05
4235 4.235 1.50558e-05 1.49998e-05
4236 4.236 1.50887e-05 1.49785e-05
4237 4.237 1.51243e-05 1.49924e-05
4238 4.238 1.51618e-05 1.49933e-05
4239 4.239 1.51902e-05 1.50006e-05
4240 4.24 1.52208e-05 1.49845e-05
4241 4.241 1.52514e-05 1.49775e-05
4242 4.242 1.529e-05 1.49864e-05
4243 4.243 1.53388e-05 1.49917e-05
4244 4.244 1.53992e-05 1.5002e-05
4245 4.245 1.54312e-05 1.50147e-05
4246 4.246 1.54668e-05 1.50118e-05
4247 4.247 1.54966e-05 1.50104e-05
4248 4.248 1.55211e-05 1.4997e-05
4249 4.249 1.55598e-05 1.49897e-05
4250 4.25 1.55992e-05 1.50322e-05
4251 4.251 1.55834e-05 1.49989e-05
4252 4.252 1.56137e-05 1.50035e-05
4253 4.253 1.56326e-05 1.50159e-05
4254 4.254 1.56461e-05 1.50085e-05
4255 4.255 1.5645e-05 1.50102e-05
4256 4.256 1.56607e-05 1.50222e-05
4257 4.257 1.56341e-05 1.50026e-05
4258 4.258 1.56386e-05 1.50277e-05
4259 4.259 1.56266e-05 1.50185e-05
4260 4.26 1.55867e-05 1.5e-05
4261 4.261 1.55623e-05 1.50024e-05
4262 4.262 1.5539e-05 1.50174e-05
4263 4.263 1.55077e-05 1.49838e-05
4264 4.264 1.54812e-05 1.50105e-05
4265 4.265 1.54379e-05 1.49854e-05
4266 4.266 1.54084e-05 1.50134e-05
4267 4.267 1.53659e-05 1.5007e-05
4268 4.268 1.53202e-05 1.50087e-05
4269 4.269 1.52817e-05 1.50208e-05
4270 4.27 1.52461e-05 1.49925e-05
4271 4.271 1.52141e-05 1.49998e-05
4272 4.272 1.51922e-05 1.49981e-05
4273 4.273 1.51467e-05 1.50074e-05
4274 4.274 1.51106e-05 1.49994e-05
4275 4.275 1.51066e-05 1.50249e-05
4276 4.276 1.50589e-05 1.49963e-05
4277 4.277 1.50551e-05 1.50013e-05
4278 4.278 1.50233e-05 1.49843e-05
4279 4.279 1.5019e-05 1.50119e-05
4280 4.28 1.50176e-05 1.49864e-05
4281 4.281 1.50108e-05 1.49954e-05
4282 4.282 1.50143e-05 1.49839e-05
4283 4.283 1.50292e-05 1.50051e-05
4284 4.284 1.50117e-05 1.49656e-05
4285 4.285 1.50625e-05 1.50127e-05
4286 4.286 1.50921e-05 1.50412e-05
4287 4.287 1.51046e-05 1.49908e-05
4288 4.288 1.51376e-05 1.50031e-05
4289 4.289 1.51719e-05 1.50093e-05
4290 4.29 1.52081e-05 1.50065e-05
4291 4.291 1.52464e-05 1.50166e-05
4292 4.292 1.52783e-05 1.50005e-05
4293 4.293 1.53184e-05 1.50028e-05
4294 4.294 1.53512e-05 1.49982e-05
4295 4.295 1.54001e-05 1.50154e-05
4296 4.296 1.54405e-05 1.50223e-05
4297 4.297 1.54521e-05 1.49913e-05
4298 4.298 1.54793e-05 1.49843e-05
4299 4.299 1.55022e-05 1.49828e-05
4300 4.3 1.55344e-05 1.50026e-05
4301 4.301 1.55582e-05 1.50161e-05
4302 4.302 1.55649e-05 1.49917e-05
4303 4.303 1.55794e-05 1.49817e-05
4304 4.304 1.55911e-05 1.50037e-05
4305 4.305 1.56084e-05 1.50099e-05
4306 4.306 1.56047e-05 1.50006e-05
4307 4.307 1.55977e-05 1.49733e-05
4308 4.308 1.55957e-05 1.50428e-05
4309 4.309 1.55748e-05 1.50145e-05
4310 4.31 1.55464e-05 1.50013e-05
4311 4.311 1.55418e-05 1.50083e-05
4312 4.312 1.54946e-05 1.49966e-05
4313 4.313 1.54677e-05 1.49937e-05
4314 4.314 1.54397e-05 1.49915e-05
4315 4.315 1.54028e-05 1.49751e-05
4316 4.316 1.53949e-05 1.5021e-05
4317 4.317 1.53476e-05 1.50058e-05
4318 4.318 1.53072e-05 1.5011e-05
4319 4.319 1.52774e-05 1.50273e-05
4320 4.32 1.52335e-05 1.50011e-05
4321 4.321 1.52208e-05 1.5016e-05
4322 4.322 1.51808e-05 1.50055e-05
4323 4.323 1.51135e-05 1.49875e-05
4324 4.324 1.51021e-05 1.50001e-05
4325 4.325 1.50822e-05 1.49907e-05
4326 4.326 1.50817e-05 1.50294e-05
4327 4.327 1.503e-05 1.49951e-05
4328 4.328 1.5031e-05 1.50228e-05
4329 4.329 1.50363e-05 1.50159e-05
4330 4.33 1.50215e-05 1.50252e-05
4331 4.331 1.50326e-05 1.50239e-05
4332 4.332 1.50189e-05 1.5e-05
4333 4.333 1.50469e-05 1.50306e-05
4334 4.334 1.50658e-05 1.50356e-05
4335 4.335 1.50737e-05 1.50287e-05
4336 4.336 1.50952e-05 1.50154e-05
4337 4.337 1.51122e-05 1.50067e-05
4338 4.338 1.51323e-05 1.49942e-05
4339 4.339 1.51634e-05 1.49939e-05
4340 4.34 1.51807e-05 1.49913e-05
4341 4.341 1.52197e-05 1.50025e-05
4342 4.342 1.52786e-05 1.50525e-05
4343 4.343 1.52964e-05 1.50024e-05
4344 4.344 1.53311e-05 1.49989e-05
4345 4.345 1.53754e-05 1.50012e-05
4346 4.346 1.54089e-05 1.50186e-05
4347 4.347 1.54341e-05 1.5015e-05
4348 4.348 1.54687e-05 1.50162e-05
4349 4.349 1.54904e-05 1.5003e-05
4350 4.35 1.54938e-05 1.4997e-05
4351 4.351 1.55201e-05 1.49933e-05
4352 4.352 1.55538e-05 1.5021e-05
4353 4.353 1.55606e-05 1.50105e-05
4354 4.354 1.55555e-05 1.49889e-05
4355 4.355 1.55514e-05 1.49932e-05
4356 4.356 1.55882e-05 1.50357e-05
4357 4.357 1.55625e-05 1.50086e-05
4358 4.358 1.55307e-05 1.49944e-05
4359 4.359 1.55386e-05 1.5023e-05
4360 4.36 1.55252e-05 1.50155e-05
4361 4.361 1.55079e-05 1.50263e-05
4362 4.362 1.54866e-05 1.50132e-05
4363 4.363 1.54533e-05 1.50208e-05
4364 4.364 1.53998e-05 1.49812e-05
4365 4.365 1.53863e-05 1.49991e-05
4366 4.366 1.53736e-05 1.50391e-05
4367 4.367 1.53094e-05 1.49974e-05
4368 4.368 1.5297e-05 1.50455e-05
4369 4.369 1.52489e-05 1.50032e-05
4370 4.37 1.52204e-05 1.50296e-05
4371 4.371 1.51785e-05 1.50089e-05
4372 4.372 1.51521e-05 1.50158e-05
4373 4.373 1.51235e-05 1.50113e-05
4374 4.374 1.51052e-05 1.50111e-05
4375 4.375 1.50812e-05 1.49964e-05
4376 4.376 1.50686e-05 1.5028e-05
4377 4.377 1.50577e-05 1.50244e-05
4378 4.378 1.50163e-05 1.49958e-05
4379 4.379 1.50281e-05 1.50105e-05
4380 4.38 1.50114e-05 1.50027e-05
4381 4.381 1.501e-05 1.49846e-05
4382 4.382 1.50249e-05 1.49869e-05
4383 4.383 1.50335e-05 1.50196e-05
4384 4.384 1.50496e-05 1.50255e-05
4385 4.385 1.50602e-05 1.50005e-05
4386 4.386 1.50957e-05 1.50331e-05
4387 4.387 1.51031e-05 1.50068e-05
4388 4.388 1.5118e-05 1.49858e-05
4389 4.389 1.51465e-05 1.50015e-05
4390 4.39 1.5175e-05 1.50139e-05
4391 4.391 1.52098e-05 1.50002e-05
4392 4.392 1.52558e-05 1.50057e-05
4393 4.393 1.52789e-05 1.50085e-05
4394 4.394 1.5308e-05 1.50121e-05
4395 4.395 1.53368e-05 1.50193e-05
4396 4.396 1.53717e-05 1.49849e-05
4397 4.397 1.54106e-05 1.50032e-05
4398 4.398 1.54307e-05 1.50033e-05
4399 4.399 1.54297e-05 1.49748e-05
4400 4.4 1.54692e-05 1.49888e-05
4401 4.401 1.54986e-05 1.50386e-05
4402 4.402 1.55158e-05 1.50082e-05
4403 4.403 1.55114e-05 1.49991e-05
4404 4.404 1.55077e-05 1.4988e-05
4405 4.405 1.55189e-05 1.49752e-05
4406 4.406 1.55104e-05 1.50014e-05
4407 4.407 1.55263e-05 1.50068e-05
4408 4.408 1.552e-05 1.50362e-05
4409 4.409 1.54954e-05 1.50151e-05
4410 4.41 1.54757e-05 1.50117e-05
4411 4.411 1.54799e-05 1.50244e-05
4412 4.412 1.54257e-05 1.49935e-05
4413 4.413 1.54234e-05 1.50367e-05
4414 4.414 1.53817e-05 1.50172e-05
4415 4.415 1.53483e-05 1.49905e-05
4416 4.416 1.5321e-05 1.49996e-05
4417 4.417 1.53148e-05 1.5038e-05
4418 4.418 1.52905e-05 1.50204e-05
4419 4.419 1.52345e-05 1.50059e-05
4420 4.42 1.51836e-05 1.49957e-05
4421 4.421 1.51742e-05 1.49877e-05
4422 4.422 1.5148e-05 1.50077e-05
4423 4.423 1.51092e-05 1.50034e-05
4424 4.424 1.51025e-05 1.50052e-05
4425 4.425 1.5077e-05 1.49989e-05
4426 4.426 1.50765e-05 1.50273e-05
4427 4.427 1.50247e-05 1.4995e-05
4428 4.428 1.50247e-05 1.49998e-05
4429 4.429 1.50165e-05 1.5008e-05
4430 4.43 1.49952e-05 1.49738e-05
4431 4.431 1.50101e-05 1.49978e-05
4432 4.432 1.50087e-05 1.49923e-05
4433 4.433 1.501e-05 1.49932e-05
4434 4.434 1.50342e-05 1.50177e-05
4435 4.435 1.50512e-05 1.49958e-05
4436 4.436 1.50799e-05 1.5004e-05
4437 4.437 1.50875e-05 1.49947e-05
4438 4.438 1.51111e-05 1.49979e-05
4439 4.439 1.514e-05 1.50075e-05
4440 4.44 1.51755e-05 1.50098e-05
4441 4.441 1.51911e-05 1.49914e-05
4442 4.442 1.52298e-05 1.5005e-05
4443 4.443 1.52454e-05 1.50053e-05
4444 4.444 1.52826e-05 1.49924e-05
4445 4.445 1.53012e-05 1.49854e-05
4446 4.446 1.53513e-05 1.50086e-05
4447 4.447 1.53856e-05 1.50223e-05
4448 4.448 1.53815e-05 1.49969e-05
4449 4.449 1.54321e-05 1.50206e-05
4450 4.45 1.54561e-05 1.50226e-05
4451 4.451 1.54839e-05 1.50461e-05
4452 4.452 1.54749e-05 1.50059e-05
4453 4.453 1.54931e-05 1.50177e-05
4454 4.454 1.54857e-05 1.50107e-05
4455 4.455 1.55019e-05 1.50063e-05
4456 4.456 1.55062e-05 1.50208e-05
4457 4.457 1.54938e-05 1.50032e-05
4458 4.458 1.54815e-05 1.49991e-05
4459 4.459 1.54773e-05 1.49897e-05
4460 4.46 1.5459e-05 1.50209e-05
4461 4.461 1.54607e-05 1.50014e-05
4462 4.462 1.54172e-05 1.50003e-05
4463 4.463 1.53764e-05 1.49735e-05
4464 4.464 1.53756e-05 1.50274e-05
4465 4.465 1.53166e-05 1.49829e-05
4466 4.466 1.52987e-05 1.49722e-05
4467 4.467 1.52825e-05 1.50088e-05
4468 4.468 1.52549e-05 1.4997e-05
4469 4.469 1.52291e-05 1.4995e-05
4470 4.47 1.51967e-05 1.49946e-05
4471 4.471 1.51743e-05 1.50086e-05
4472 4.472 1.51235e-05 1.4981e-05
4473 4.473 1.51136e-05 1.50011e-05
4474 4.474 1.50817e-05 1.49993e-05
4475 4.475 1.50754e-05 1.50081e-05
4476 4.476 1.50793e-05 1.50321e-05
4477 4.477 1.50272e-05 1.4995e-05
4478 4.478 1.5041e-05 1.50354e-05
4479 4.479 1.5029e-05 1.50065e-05
4480 4.48 1.50166e-05 1.50037e-05
4481 4.481 1.50287e-05 1.50308e-05
4482 4.482 1.49981e-05 1.49982e-05
4483 4.483 1.50309e-05 1.49999e-05
4484 4.484 1.50509e-05 1.50105e-05
4485 4.485 1.50456e-05 1.49976e-05
4486 4.486 1.50645e-05 1.49964e-05
4487 4.487 1.50802e-05 1.49997e-05
4488 4.488 1.51208e-05 1.50048e-05
4489 4.489 1.51333e-05 1.5009e-05
4490 4.49 1.51722e-05 1.50218e-05
4491 4.491 1.51875e-05 1.50167e-05
4492 4.492 1.52167e-05 1.50022e-05
4493 4.493 1.52205e-05 1.49864e-05
4494 4.494 1.52584e-05 1.5003e-05
4495 4.495 1.53036e-05 1.49987e-05
4496 4.496 1.53288e-05 1.49953e-05
4497 4.497 1.53311e-05 1.49927e-05
4498 4.498 1.53612e-05 1.49885e-05
4499 4.499 1.53979e-05 1.50021e-05
4500 4.5 1.53964e-05 1.49894e-05
4501 4.501 1.54264e-05 1.49834e-05
4502 4.502 1.544e-05 1.49947e-05
4503 4.503 1.54579e-05 1.50153e-05
4504 4.504 1.54605e-05 1.50035e-05
4505 4.505 1.54626e-05 1.50048e-05
4506 4.506 1.54453e-05 1.49678e-05
4507 4.507 1.54625e-05 1.50133e-05
4508 4.508 1.54685e-05 1.50195e-05
4509 4.509 1.54478e-05 1.50005e-05
4510 4.51 1.54428e-05 1.50169e-05
4511 4.511 1.54208e-05 1.50147e-05
4512 4.512 1.53861e-05 1.50038e-05
4513 4.513 1.53465e-05 1.49902e-05
4514 4.514 1.53493e-05 1.50113e-05
4515 4.515 1.53e-05 1.49755e-05
4516 4.516 1.52687e-05 1.49858e-05
4517 4.517 1.5267e-05 1.49895e-05
4518 4.518 1.52295e-05 1.50159e-05
4519 4.519 1.52198e-05 1.50031e-05
4520 4.52 1.51895e-05 1.50136e-05
4521 4.521 1.51622e-05 1.50265e-05
4522 4.522 1.51363e-05 1.50302e-05
4523 4.523 1.50998e-05 1.50017e-05
4524 4.524 1.50882e-05 1.50013e-05
4525 4.525 1.5084e-05 1.50144e-05
4526 4.526 1.50467e-05 1.50033e-05
4527 4.527 1.50542e-05 1.50268e-05
4528 4.528 1.50195e-05 1.50052e-05
4529 4.529 1.50354e-05 1.50047e-05
4530 4.53 1.50254e-05 1.5017e-05
4531 4.531 1.50166e-05 1.50057e-05
4532 4.532 1.50237e-05 1.50013e-05
4533 4.533 1.50346e-05 1.5018e-05
4534 4.534 1.50387e-05 1.50027e-05
4535 4.535 1.50484e-05 1.50047e-05
4536 4.536 1.50558e-05 1.50051e-05
4537 4.537 1.50777e-05 1.50046e-05
4538 4.538 1.51115e-05 1.50076e-05
4539 4.539 1.51198e-05 1.49929e-05
4540 4.54 1.51294e-05 1.49871e-05
4541 4.541 1.51787e-05 1.50205e-05
4542 4.542 1.51988e-05 1.50015e-05
4543 4.543 1.52236e-05 1.50096e-05
4544 4.544 1.52452e-05 1.4998e-05
4545 4.545 1.52979e-05 1.50242e-05
4546 4.546 1.52995e-05 1.49902e-05
4547 4.547 1.53404e-05 1.50156e-05
4548 4.548 1.53398e-05 1.49912e-05
4549 4.549 1.53681e-05 1.50009e-05
4550 4.55 1.53836e-05 1.50018e-05
4551 4.551 1.53841e-05 1.49911e-05
4552 4.552 1.54019e-05 1.49816e-05
4553 4.553 1.54179e-05 1.49927e-05
4554 4.554 1.54355e-05 1.50186e-05
4555 4.555 1.5454e-05 1.5023e-05
4556 4.556 1.5429e-05 1.49774e-05
4557 4.557 1.54594e-05 1.50399e-05
4558 4.558 1.54275e-05 1.501e-05
4559 4.559 1.54175e-05 1.50178e-05
4560 4.56 1.53948e-05 1.50117e-05
4561 4.561 1.53726e-05 1.50092e-05
4562 4.562 1.53645e-05 1.5026e-05
4563 4.563 1.53279e-05 1.49926e-05
4564 4.564 1.53144e-05 1.50017e-05
4565 4.565 1.52901e-05 1.49953e-05
4566 4.566 1.52303e-05 1.49709e-05
4567 4.567 1.52181e-05 1.49792e-05
4568 4.568 1.52109e-05 1.5001e-05
4569 4.569 1.51712e-05 1.4967e-05
4570 4.57 1.51573e-05 1.49851e-05
4571 4.571 1.51151e-05 1.49804e-05
4572 4.572 1.51096e-05 1.50083e-05
4573 4.573 1.50873e-05 1.50039e-05
4574 4.574 1.50859e-05 1.502e-05
4575 4.575 1.50706e-05 1.5038e-05
4576 4.576 1.50375e-05 1.5002e-05
4577 4.577 1.50158e-05 1.49982e-05
4578 4.578 1.50228e-05 1.50095e-05
4579 4.579 1.50086e-05 1.49921e-05
4580 4.58 1.50288e-05 1.50336e-05
4581 4.581 1.50003e-05 1.49972e-05
4582 4.582 1.5012e-05 1.50069e-05
4583 4.583 1.50063e-05 1.4973e-05
4584 4.584 1.50282e-05 1.50032e-05
4585 4.585 1.50523e-05 1.50194e-05
4586 4.586 1.5049e-05 1.50057e-05
4587 4.587 1.50837e-05 1.50242e-05
4588 4.588 1.50873e-05 1.4992e-05
4589 4.589 1.51337e-05 1.50111e-05
4590 4.59 1.51378e-05 1.49874e-05
4591 4.591 1.51627e-05 1.50099e-05
4592 4.592 1.51893e-05 1.50037e-05
4593 4.593 1.52306e-05 1.50155e-05
4594 4.594 1.52563e-05 1.5028e-05
4595 4.595 1.52631e-05 1.49913e-05
4596 4.596 1.52909e-05 1.50268e-05
4597 4.597 1.53221e-05 1.50244e-05
4598 4.598 1.53197e-05 1.50093e-05
4599 4.599 1.53368e-05 1.49952e-05
4600 4.6 1.53617e-05 1.50108e-05
4601 4.601 1.54012e-05 1.50239e-05
4602 4.602 1.5408e-05 1.5021e-05
4603 4.603 1.54083e-05 1.50027e-05
4604 4.604 1.54031e-05 1.5001e-05
4605 4.605 1.54109e-05 1.50306e-05
4606 4.606 1.54081e-05 1.50221e-05
4607 4.607 1.54038e-05 1.49994e-05
4608 4.608 1.53956e-05 1.50123e-05
4609 4.609 1.53875e-05 1.50034e-05
4610 4.61 1.53814e-05 1.50116e-05
4611 4.611 1.53492e-05 1.49881e-05
4612 4.612 1.53162e-05 1.49845e-05
4613 4.613 1.53111e-05 1.49949e-05
4614 4.614 1.52987e-05 1.50249e-05
4615 4.615 1.52668e-05 1.49986e-05
4616 4.616 1.52522e-05 1.50004e-05
4617 4.617 1.5237e-05 1.50249e-05
4618 4.618 1.52183e-05 1.50283e-05
4619 4.619 1.51731e-05 1.49831e-05
4620 4.62 1.51601e-05 1.50031e-05
4621 4.621 1.51308e-05 1.50078e-05
4622 4.622 1.50991e-05 1.49908e-05
4623 4.623 1.50882e-05 1.5001e-05
4624 4.624 1.50609e-05 1.4983e-05
4625 4.625 1.50604e-05 1.49933e-05
4626 4.626 1.50536e-05 1.50135e-05
4627 4.627 1.50252e-05 1.49994e-05
4628 4.628 1.50167e-05 1.50104e-05
4629 4.629 1.49751e-05 1.49681e-05
4630 4.63 1.49881e-05 1.49921e-05
4631 4.631 1.50192e-05 1.50127e-05
4632 4.632 1.50223e-05 1.49998e-05
4633 4.633 1.50509e-05 1.50291e-05
4634 4.634 1.5037e-05 1.4999e-05
4635 4.635 1.50346e-05 1.50002e-05
4636 4.636 1.50407e-05 1.49831e-05
4637 4.637 1.50618e-05 1.49892e-05
4638 4.638 1.50714e-05 1.49781e-05
4639 4.639 1.51016e-05 1.49948e-05
4640 4.64 1.51365e-05 1.50027e-05
4641 4.641 1.516e-05 1.49957e-05
4642 4.642 1.51569e-05 1.4979e-05
4643 4.643 1.51978e-05 1.50012e-05
4644 4.644 1.52024e-05 1.49747e-05
4645 4.645 1.52362e-05 1.50142e-05
4646 4.646 1.5264e-05 1.50132e-05
4647 4.647 1.52929e-05 1.5007e-05
4648 4.648 1.53188e-05 1.50059e-05
4649 4.649 1.533e-05 1.50042e-05
4650 4.65 1.53185e-05 1.49742e-05
4651 4.651 1.53408e-05 1.50048e-05
4652 4.652 1.53498e-05 1.5005e-05
4653 4.653 1.53618e-05 1.49896e-05
4654 4.654 1.53794e-05 1.49959e-05
4655 4.655 1.53692e-05 1.49982e-05
4656 4.656 1.53616e-05 1.49911e-05
4657 4.657 1.53888e-05 1.50377e-05
4658 4.658 1.53754e-05 1.50013e-05
4659 4.659 1.53593e-05 1.49969e-05
4660 4.66 1.53591e-05 1.50134e-05
4661 4.661 1.53318e-05 1.50003e-05
4662 4.662 1.53206e-05 1.50116e-05
4663 4.663 1.52855e-05 1.50099e-05
4664 4.664 1.52772e-05 1.49986e-05
4665 4.665 1.52521e-05 1.49963e-05
4666 4.666 1.52304e-05 1.49894e-05
4667 4.667 1.52192e-05 1.50188e-05
4668 4.668 1.51837e-05 1.49949e-05
4669 4.669 1.51538e-05 1.4996e-05
4670 4.67 1.51315e-05 1.49868e-05
4671 4.671 1.51077e-05 1.49854e-05
4672 4.672 1.51102e-05 1.50253e-05
4673 4.673 1.50781e-05 1.5012e-05
4674 4.674 1.50579e-05 1.50022e-05
4675 4.675 1.5044e-05 1.49844e-05
4676 4.676 1.50334e-05 1.5007e-05
4677 4.677 1.50246e-05 1.50069e-05
4678 4.678 1.50244e-05 1.50053e-05
4679 4.679 1.50192e-05 1.49937e-05
4680 4.68 1.49983e-05 1.49898e-05
4681 4.681 1.50256e-05 1.50222e-05
4682 4.682 1.50143e-05 1.50027e-05
4683 4.683 1.50312e-05 1.50085e-05
4684 4.684 1.50181e-05 1.49779e-05
4685 4.685 1.50539e-05 1.50248e-05
4686 4.686 1.50841e-05 1.50355e-05
4687 4.687 1.50602e-05 1.49863e-05
4688 4.688 1.50962e-05 1.50232e-05
4689 4.689 1.50926e-05 1.49967e-05
4690 4.69 1.51153e-05 1.49939e-05
4691 4.691 1.51292e-05 1.49873e-05
4692 4.692 1.5166e-05 1.50017e-05
4693 4.693 1.51997e-05 1.50194e-05
4694 4.694 1.52058e-05 1.50129e-05
4695 4.695 1.52137e-05 1.49768e-05
4696 4.696 1.52409e-05 1.49731e-05
4697 4.697 1.52582e-05 1.49846e-05
4698 4.698 1.53115e-05 1.5009e-05
4699 4.699 1.53003e-05 1.49887e-05
4700 4.7 1.53321e-05 1.50026e-05
4701 4.701 1.53197e-05 1.49935e-05
4702 4.702 1.53409e-05 1.49959e-05
4703 4.703 1.53524e-05 1.49957e-05
4704 4.704 1.53602e-05 1.50101e-05
4705 4.705 1.53556e-05 1.50227e-05
4706 4.706 1.53329e-05 1.49732e-05
4707 4.707 1.5358e-05 1.50045e-05
4708 4.708 1.53248e-05 1.49691e-05
4709 4.709 1.53222e-05 1.49911e-05
4710 4.71 1.53306e-05 1.50106e-05
4711 4.711 1.53128e-05 1.5009e-05
4712 4.712 1.53022e-05 1.50165e-05
4713 4.713 1.5267e-05 1.50023e-05
4714 4.714 1.52456e-05 1.49846e-05
4715 4.715 1.52385e-05 1.50108e-05
4716 4.716 1.52147e-05 1.49828e-05
4717 4.717 1.52174e-05 1.50233e-05
4718 4.718 1.51686e-05 1.49817e-05
4719 4.719 1.51511e-05 1.50104e-05
4720 4.72 1.51551e-05 1.49985e-05
4721 4.721 1.50957e-05 1.49711e-05
4722 4.722 1.50772e-05 1.49653e-05
4723 4.723 1.5069e-05 1.49805e-05
4724 4.724 1.50586e-05 1.5009e-05
4725 4.725 1.50307e-05 1.49806e-05
4726 4.726 1.50464e-05 1.50262e-05
4727 4.727 1.50366e-05 1.50077e-05
4728 4.728 1.50069e-05 1.49997e-05
4729 4.729 1.50206e-05 1.50346e-05
4730 4.73 1.49956e-05 1.49966e-05
4731 4.731 1.50071e-05 1.50073e-05
4732 4.732 1.50032e-05 1.50016e-05
4733 4.733 1.50219e-05 1.50076e-05
4734 4.734 1.50186e-05 1.50172e-05
4735 4.735 1.50443e-05 1.50194e-05
4736 4.736 1.50648e-05 1.50336e-05
4737 4.737 1.50635e-05 1.50155e-05
4738 4.738 1.50875e-05 1.50129e-05
4739 4.739 1.50992e-05 1.50116e-05
4740 4.74 1.51324e-05 1.50304e-05
4741 4.741 1.51323e-05 1.50167e-05
4742 4.742 1.51772e-05 1.50175e-05
4743 4.743 1.51686e-05 1.49876e-05
4744 4.744 1.51874e-05 1.49973e-05
4745 4.745 1.5231e-05 1.50012e-05
4746 4.746 1.52246e-05 1.50176e-05
4747 4.747 1.52538e-05 1.50113e-05
4748 4.748 1.5256e-05 1.50066e-05
4749 4.749 1.52918e-05 1.50231e-05
4750 4.75 1.53011e-05 1.50196e-05
4751 4.751 1.52985e-05 1.49825e-05
4752 4.752 1.52971e-05 1.49802e-05
4753 4.753 1.53347e-05 1.50228e-05
4754 4.754 1.53365e-05 1.50014e-05
4755 4.755 1.53382e-05 1.50154e-05
4756 4.756 1.53202e-05 1.49932e-05
4757 4.757 1.53363e-05 1.50286e-05
4758 4.758 1.52955e-05 1.49985e-05
4759 4.759 1.53254e-05 1.5029e-05
4760 4.76 1.53089e-05 1.49972e-05
4761 4.761 1.53132e-05 1.50242e-05
4762 4.762 1.52788e-05 1.50051e-05
4763 4.763 1.52652e-05 1.49882e-05
4764 4.764 1.52573e-05 1.50197e-05
4765 4.765 1.52315e-05 1.49961e-05
4766 4.766 1.51871e-05 1.4975e-05
4767 4.767 1.51934e-05 1.50159e-05
4768 4.768 1.51803e-05 1.50177e-05
4769 4.769 1.51262e-05 1.49701e-05
4770 4.77 1.51334e-05 1.50115e-05
4771 4.771 1.50879e-05 1.49911e-05
4772 4.772 1.50833e-05 1.50069e-05
4773 4.773 1.5056e-05 1.49797e-05
4774 4.774 1.50757e-05 1.5027e-05
4775 4.775 1.50324e-05 1.50031e-05
4776 4.776 1.50409e-05 1.50187e-05
4777 4.777 1.50355e-05 1.50241e-05
4778 4.778 1.50268e-05 1.50076e-05
4779 4.779 1.50352e-05 1.50226e-05
4780 4.78 1.50133e-05 1.50169e-05
4781 4.781 1.50272e-05 1.50185e-05
4782 4.782 1.5018e-05 1.50074e-05
4783 4.783 1.50294e-05 1.50248e-05
4784 4.784 1.50439e-05 1.50415e-05
4785 4.785 1.50306e-05 1.50092e-05
4786 4.786 1.5032e-05 1.50001e-05
4787 4.787 1.50796e-05 1.50342e-05
4788 4.788 1.50809e-05 1.50214e-05
4789 4.789 1.50789e-05 1.50036e-05
4790 4.79 1.50954e-05 1.49922e-05
4791 4.791 1.51224e-05 1.50032e-05
4792 4.792 1.51241e-05 1.49658e-05
4793 4.793 1.51829e-05 1.50022e-05
4794 4.794 1.51771e-05 1.49829e-05
4795 4.795 1.51924e-05 1.49853e-05
4796 4.796 1.52143e-05 1.49885e-05
4797 4.797 1.52235e-05 1.49983e-05
4798 4.798 1.5242e-05 1.50004e-05
4799 4.799 1.52645e-05 1.49993e-05
4800 4.8 1.52727e-05 1.49758e-05
4801 4.801 1.52895e-05 1.50099e-05
4802 4.802 1.52835e-05 1.49809e-05
4803 4.803 1.53212e-05 1.5032e-05
4804 4.804 1.52791e-05 1.49802e-05
4805 4.805 1.52952e-05 1.49955e-05
4806 4.806 1.52996e-05 1.49854e-05
4807 4.807 1.53156e-05 1.50109e-05
4808 4.808 1.52848e-05 1.49594e-05
4809 4.809 1.52985e-05 1.50149e-05
4810 4.81 1.53049e-05 1.50433e-05
4811 4.811 1.52679e-05 1.50047e-05
4812 4.812 1.52566e-05 1.49991e-05
4813 4.813 1.52472e-05 1.50011e-05
4814 4.814 1.52258e-05 1.50118e-05
4815 4.815 1.52125e-05 1.50041e-05
4816 4.816 1.5189e-05 1.49837e-05
4817 4.817 1.51865e-05 1.50077e-05
4818 4.818 1.51597e-05 1.49851e-05
4819 4.819 1.5147e-05 1.50295e-05
4820 4.82 1.51223e-05 1.50058e-05
4821 4.821 1.51037e-05 1.49888e-05
4822 4.822 1.50752e-05 1.50068e-05
4823 4.823 1.50746e-05 1.50322e-05
4824 4.824 1.50585e-05 1.50213e-05
4825 4.825 1.5045e-05 1.49844e-05
4826 4.826 1.50412e-05 1.50145e-05
4827 4.827 1.50343e-05 1.50118e-05
4828 4.828 1.50269e-05 1.50238e-05
4829 4.829 1.49807e-05 1.49781e-05
4830 4.83 1.49829e-05 1.49856e-05
4831 4.831 1.50114e-05 1.49916e-05
4832 4.832 1.50076e-05 1.49999e-05
4833 4.833 1.50323e-05 1.50043e-05
4834 4.834 1.5034e-05 1.50171e-05
4835 4.835 1.50149e-05 1.49639e-05
4836 4.836 1.50721e-05 1.5028e-05
4837 4.837 1.50611e-05 1.50135e-05
4838 4.838 1.50815e-05 1.5008e-05
4839 4.839 1.50796e-05 1.49934e-05
4840 4.84 1.51374e-05 1.50477e-05
4841 4.841 1.51312e-05 1.50236e-05
4842 4.842 1.5142e-05 1.50085e-05
4843 4.843 1.51558e-05 1.49956e-05
4844 4.844 1.51705e-05 1.50177e-05
4845 4.845 1.51906e-05 1.50089e-05
4846 4.846 1.52081e-05 1.49986e-05
4847 4.847 1.5218e-05 1.50072e-05
4848 4.848 1.52235e-05 1.49943e-05
4849 4.849 1.52632e-05 1.50151e-05
4850 4.85 1.52746e-05 1.5018e-05
4851 4.851 1.52737e-05 1.50125e-05
4852 4.852 1.52941e-05 1.50283e-05
4853 4.853 1.52703e-05 1.49769e-05
4854 4.854 1.52922e-05 1.50014e-05
4855 4.855 1.529e-05 1.50068e-05
4856 4.856 1.53111e-05 1.50204e-05
4857 4.857 1.52789e-05 1.49984e-05
4858 4.858 1.52595e-05 1.49771e-05
4859 4.859 1.5265e-05 1.49964e-05
4860 4.86 1.52681e-05 1.50085e-05
4861 4.861 1.52556e-05 1.50053e-05
4862 4.862 1.52464e-05 1.49933e-05
4863 4.863 1.52318e-05 1.50033e-05
4864 4.864 1.52123e-05 1.49966e-05
4865 4.865 1.52097e-05 1.50126e-05
4866 4.866 1.51937e-05 1.50211e-05
4867 4.867 1.51718e-05 1.50165e-05
4868 4.868 1.51344e-05 1.49855e-05
4869 4.869 1.51024e-05 1.49857e-05
4870 4.87 1.51061e-05 1.49838e-05
4871 4.871 1.50957e-05 1.5003e-05
4872 4.872 1.51014e-05 1.50259e-05
4873 4.873 1.50668e-05 1.50031e-05
4874 4.874 1.50538e-05 1.50044e-05
4875 4.875 1.50522e-05 1.50151e-05
4876 4.876 1.50425e-05 1.50212e-05
4877 4.877 1.50404e-05 1.50046e-05
4878 4.878 1.50129e-05 1.50264e-05
4879 4.879 1.50203e-05 1.50105e-05
4880 4.88 1.50236e-05 1.50218e-05
4881 4.881 1.50203e-05 1.50121e-05
4882 4.882 1.50075e-05 1.50019e-05
4883 4.883 1.50107e-05 1.50021e-05
4884 4.884 1.50328e-05 1.50114e-05
4885 4.885 1.50208e-05 1.49888e-05
4886 4.886 1.50516e-05 1.5024e-05
4887 4.887 1.50756e-05 1.50126e-05
4888 4.888 1.50782e-05 1.50129e-05
4889 4.889 1.50949e-05 1.50094e-05
4890 4.89 1.50998e-05 1.50069e-05
4891 4.891 1.51143e-05 1.50233e-05
4892 4.892 1.51396e-05 1.50213e-05
4893 4.893 1.51319e-05 1.5004e-05
4894 4.894 1.51683e-05 1.50178e-05
4895 4.895 1.5178e-05 1.49925e-05
4896 4.896 1.52042e-05 1.50019e-05
4897 4.897 1.52195e-05 1.50099e-05
4898 4.898 1.52151e-05 1.49873e-05
4899 4.899 1.52225e-05 1.49896e-05
4900 4.9 1.52356e-05 1.49824e-05
4901 4.901 1.52362e-05 1.4995e-05
4902 4.902 1.52717e-05 1.5011e-05
4903 4.903 1.52689e-05 1.50012e-05
4904 4.904 1.52863e-05 1.50014e-05
4905 4.905 1.52649e-05 1.49843e-05
4906 4.906 1.52727e-05 1.50074e-05
4907 4.907 1.52741e-05 1.50003e-05
4908 4.908 1.52588e-05 1.50009e-05
4909 4.909 1.52676e-05 1.50151e-05
4910 4.91 1.52662e-05 1.50211e-05
4911 4.911 1.52717e-05 1.50353e-05
4912 4.912 1.52387e-05 1.50267e-05
4913 4.913 1.5202e-05 1.49944e-05
4914 4.914 1.52175e-05 1.50338e-05
4915 4.915 1.51822e-05 1.49952e-05
4916 4.916 1.51826e-05 1.50164e-05
4917 4.917 1.51479e-05 1.49971e-05
4918 4.918 1.51357e-05 1.49953e-05
4919 4.919 1.51339e-05 1.5033e-05
4920 4.92 1.51057e-05 1.50088e-05
4921 4.921 1.51075e-05 1.50264e-05
4922 4.922 1.50842e-05 1.50006e-05
4923 4.923 1.50746e-05 1.50302e-05
4924 4.924 1.50717e-05 1.50311e-05
4925 4.925 1.50411e-05 1.49947e-05
4926 4.926 1.50179e-05 1.50116e-05
4927 4.927 1.5021e-05 1.50153e-05
4928 4.928 1.50226e-05 1.50114e-05
4929 4.929 1.50265e-05 1.5002e-05
4930 4.93 1.50046e-05 1.49749e-05
4931 4.931 1.49914e-05 1.49998e-05
4932 4.932 1.50288e-05 1.50206e-05
4933 4.933 1.50203e-05 1.49922e-05
4934 4.934 1.50377e-05 1.50172e-05
4935 4.935 1.50311e-05 1.50094e-05
4936 4.936 1.50436e-05 1.5002e-05
4937 4.937 1.50546e-05 1.50053e-05
4938 4.938 1.50805e-05 1.50151e-05
4939 4.939 1.50942e-05 1.50107e-05
4940 4.94 1.51061e-05 1.50286e-05
4941 4.941 1.51125e-05 1.50018e-05
4942 4.942 1.51224e-05 1.49796e-05
4943 4.943 1.51617e-05 1.50482e-05
4944 4.944 1.51583e-05 1.50227e-05
4945 4.945 1.5174e-05 1.50025e-05
4946 4.946 1.51894e-05 1.50141e-05
4947 4.947 1.51805e-05 1.50107e-05
4948 4.948 1.52214e-05 1.50143e-05
4949 4.949 1.5227e-05 1.50275e-05
4950 4.95 1.52286e-05 1.50046e-05
4951 4.951 1.52399e-05 1.5007e-05
4952 4.952 1.52415e-05 1.49938e-05
4953 4.953 1.52532e-05 1.49982e-05
4954 4.954 1.52703e-05 1.50223e-05
4955 4.955 1.52762e-05 1.50227e-05
4956 4.956 1.52609e-05 1.5017e-05
4957 4.957 1.52635e-05 1.50324e-05
4958 4.958 1.52602e-05 1.50338e-05
4959 4.959 1.52674e-05 1.50446e-05
4960 4.96 1.52289e-05 1.49886e-05
4961 4.961 1.52357e-05 1.50017e-05
4962 4.962 1.52148e-05 1.50104e-05
4963 4.963 1.52175e-05 1.50332e-05
4964 4.964 1.5197e-05 1.49927e-05
4965 4.965 1.51732e-05 1.50019e-05
4966 4.966 1.51667e-05 1.5006e-05
4967 4.967 1.5138e-05 1.50011e-05
4968 4.968 1.5126e-05 1.49817e-05
4969 4.969 1.51009e-05 1.4992e-05
4970 4.97 1.51017e-05 1.49998e-05
4971 4.971 1.50747e-05 1.49852e-05
4972 4.972 1.50687e-05 1.50083e-05
4973 4.973 1.50512e-05 1.49956e-05
4974 4.974 1.50518e-05 1.50032e-05
4975 4.975 1.50364e-05 1.50042e-05
4976 4.976 1.50043e-05 1.49708e-05
4977 4.977 1.50295e-05 1.50149e-05
4978 4.978 1.50101e-05 1.49966e-05
4979 4.979 1.4992e-05 1.49826e-05
4980 4.98 1.50283e-05 1.50039e-05
4981 4.981 1.50194e-05 1.50354e-05
4982 4.982 1.50135e-05 1.50197e-05
4983 4.983 1.49983e-05 1.4988e-05
4984 4.984 1.50191e-05 1.50247e-05
4985 4.985 1.50224e-05 1.49915e-05
4986 4.986 1.50315e-05 1.50122e-05
4987 4.987 1.50567e-05 1.50141e-05
4988 4.988 1.50656e-05 1.5004e-05
4989 4.989 1.50833e-05 1.50143e-05
4990 4.99 1.50853e-05 1.50129e-05
4991 4.991 1.51122e-05 1.50393e-05
4992 4.992 1.51082e-05 1.50029e-05
4993 4.993 1.51307e-05 1.49965e-05
4994 4.994 1.5144e-05 1.49947e-05
4995 4.995 1.51687e-05 1.50341e-05
4996 4.996 1.51764e-05 1.50098e-05
4997 4.997 1.51779e-05 1.50044e-05
4998 4.998 1.52045e-05 1.50216e-05
4999 4.999 1.52129e-05 1.50206e-05
5000 5 1.52038e-05 1.49852e-05
5001 5.001 1.52321e-05 1.50087e-05
5002 5.002 1.52269e-05 1.50132e-05
5003 5.003 1.52229e-05 1.49895e-05
5004 5.004 1.5229e-05 1.49853e-05
5005 5.005 1.52348e-05 1.49941e-05
5006 5.006 1.52556e-05 1.50248e-05
5007 5.007 1.52354e-05 1.4996e-05
5008 5.008 1.52586e-05 1.5037e-05
5009 5.009 1.52346e-05 1.50144e-05
5010 5.01 1.5233e-05 1.50185e-05
5011 5.011 1.52159e-05 1.50143e-05
5012 5.012 1.52116e-05 1.50216e-05
5013 5.013 1.51913e-05 1.50103e-05
5014 5.014 1.51871e-05 1.50032e-05
5015 5.015 1.51847e-05 1.50311e-05
5016 5.016 1.5155e-05 1.49921e-05
5017 5.017 1.5147e-05 1.50122e-05
5018 5.018 1.51124e-05 1.49796e-05
5019 5.019 1.51046e-05 1.50043e-05
5020 5.02 1.51008e-05 1.50147e-05
5021 5.021 1.50877e-05 1.49998e-05
5022 5.022 1.50691e-05 1.50102e-05
5023 5.023 1.50805e-05 1.50237e-05
5024 5.024 1.50562e-05 1.50197e-05
5025 5.025 1.50399e-05 1.50083e-05
5026 5.026 1.5031e-05 1.50271e-05
5027 5.027 1.5031e-05 1.50211e-05
5028 5.028 1.50037e-05 1.4992e-05
5029 5.029 1.50057e-05 1.49967e-05
5030 5.03 1.50176e-05 1.50221e-05
5031 5.031 1.50248e-05 1.50238e-05
5032 5.032 1.50059e-05 1.50094e-05
5033 5.033 1.501e-05 1.49951e-05
5034 5.034 1.50156e-05 1.50042e-05
5035 5.035 1.50233e-05 1.50003e-05
5036 5.036 1.50096e-05 1.49855e-05
5037 5.037 1.50357e-05 1.49964e-05
5038 5.038 1.50429e-05 1.49845e-05
5039 5.039 1.50575e-05 1.5007e-05
5040 5.04 1.50693e-05 1.49951e-05
5041 5.041 1.50815e-05 1.49985e-05
5042 5.042 1.51e-05 1.50029e-05
5043 5.043 1.51213e-05 1.50309e-05
5044 5.044 1.51224e-05 1.49902e-05
5045 5.045 1.51405e-05 1.50088e-05
5046 5.046 1.51603e-05 1.50189e-05
5047 5.047 1.51563e-05 1.4978e-05
5048 5.048 1.51596e-05 1.49814e-05
5049 5.049 1.51919e-05 1.50216e-05
5050 5.05 1.51936e-05 1.49992e-05
5051 5.051 1.52167e-05 1.50072e-05
5052 5.052 1.5215e-05 1.49964e-05
5053 5.053 1.52257e-05 1.50302e-05
5054 5.054 1.5213e-05 1.49843e-05
5055 5.055 1.52249e-05 1.49971e-05
5056 5.056 1.52192e-05 1.49981e-05
5057 5.057 1.52226e-05 1.50053e-05
5058 5.058 1.52178e-05 1.50162e-05
5059 5.059 1.52081e-05 1.50007e-05
5060 5.06 1.52134e-05 1.50155e-05
5061 5.061 1.52018e-05 1.50249e-05
5062 5.062 1.51905e-05 1.49922e-05
5063 5.063 1.51764e-05 1.50231e-05
5064 5.064 1.51677e-05 1.50187e-05
5065 5.065 1.51446e-05 1.50022e-05
5066 5.066 1.51462e-05 1.49944e-05
5067 5.067 1.51234e-05 1.49982e-05
5068 5.068 1.51213e-05 1.50337e-05
5069 5.069 1.51032e-05 1.50032e-05
5070 5.07 1.50816e-05 1.50202e-05
5071 5.071 1.50527e-05 1.49637e-05
5072 5.072 1.50575e-05 1.4999e-05
5073 5.073 1.50379e-05 1.50037e-05
5074 5.074 1.5051e-05 1.50103e-05
5075 5.075 1.5035e-05 1.50079e-05
5076 5.076 1.50325e-05 1.50246e-05
5077 5.077 1.50099e-05 1.4985e-05
5078 5.078 1.49982e-05 1.49916e-05
5079 5.079 1.50241e-05 1.50117e-05
5080 5.08 1.50158e-05 1.50211e-05
5081 5.081 1.50139e-05 1.49888e-05
5082 5.082 1.50073e-05 1.501e-05
5083 5.083 1.50212e-05 1.49981e-05
5084 5.084 1.50178e-05 1.49818e-05
5085 5.085 1.50203e-05 1.49847e-05
5086 5.086 1.50201e-05 1.49952e-05
5087 5.087 1.50241e-05 1.49885e-05
5088 5.088 1.50633e-05 1.5012e-05
5089 5.089 1.50575e-05 1.49983e-05
5090 5.09 1.50585e-05 1.50003e-05
5091 5.091 1.50772e-05 1.50131e-05
5092 5.092 1.50842e-05 1.49945e-05
5093 5.093 1.51083e-05 1.4998e-05
5094 5.094 1.51271e-05 1.50058e-05
5095 5.095 1.51249e-05 1.49803e-05
5096 5.096 1.51294e-05 1.49905e-05
5097 5.097 1.51445e-05 1.4972e-05
5098 5.098 1.51662e-05 1.49894e-05
5099 5.099 1.51723e-05 1.49975e-05
5100 5.1 1.51953e-05 1.50149e-05
5101 5.101 1.51847e-05 1.49951e-05
5102 5.102 1.5186e-05 1.49924e-05
5103 5.103 1.52008e-05 1.50083e-05
5104 5.104 1.5198e-05 1.49831e-05
5105 5.105 1.51984e-05 1.49973e-05
5106 5.106 1.52153e-05 1.50033e-05
5107 5.107 1.52057e-05 1.50047e-05
5108 5.108 1.5211e-05 1.50063e-05
5109 5.109 1.52292e-05 1.50136e-05
5110 5.11 1.5194e-05 1.5006e-05
5111 5.111 1.51695e-05 1.49998e-05
5112 5.112 1.51444e-05 1.49523e-05
5113 5.113 1.51564e-05 1.50024e-05
5114 5.114 1.51689e-05 1.50204e-05
5115 5.115 1.51526e-05 1.50277e-05
5116 5.116 1.51415e-05 1.50146e-05
5117 5.117 1.51156e-05 1.49887e-05
5118 5.118 1.51132e-05 1.50082e-05
5119 5.119 1.51066e-05 1.50199e-05
5120 5.12 1.50936e-05 1.50177e-05
5121 5.121 1.50898e-05 1.50259e-05
5122 5.122 1.5061e-05 1.50129e-05
5123 5.123 1.50589e-05 1.50206e-05
5124 5.124 1.5046e-05 1.50065e-05
5125 5.125 1.5038e-05 1.50082e-05
5126 5.126 1.50276e-05 1.49881e-05
5127 5.127 1.50255e-05 1.50264e-05
5128 5.128 1.50268e-05 1.50265e-05
5129 5.129 1.49922e-05 1.49726e-05
5130 5.13 1.5013e-05 1.5008e-05
5131 5.131 1.49911e-05 1.49839e-05
5132 5.132 1.5024e-05 1.50267e-05
5133 5.133 1.49986e-05 1.50008e-05
5134 5.134 1.50088e-05 1.49943e-05
5135 5.135 1.50281e-05 1.50064e-05
5136 5.136 1.50434e-05 1.50179e-05
5137 5.137 1.50172e-05 1.49707e-05
5138 5.138 1.50496e-05 1.49848e-05
5139 5.139 1.50637e-05 1.5009e-05
5140 5.14 1.5081e-05 1.50243e-05
5141 5.141 1.50844e-05 1.49906e-05
5142 5.142 1.51021e-05 1.50149e-05
5143 5.143 1.51105e-05 1.50113e-05
5144 5.144 1.51126e-05 1.50053e-05
5145 5.145 1.5147e-05 1.50081e-05
5146 5.146 1.51275e-05 1.49889e-05
5147 5.147 1.51512e-05 1.49966e-05
5148 5.148 1.51585e-05 1.50158e-05
5149 5.149 1.51658e-05 1.50082e-05
5150 5.15 1.51979e-05 1.50153e-05
5151 5.151 1.51755e-05 1.50013e-05
5152 5.152 1.51827e-05 1.49965e-05
5153 5.153 1.52e-05 1.50147e-05
5154 5.154 1.51843e-05 1.50037e-05
5155 5.155 1.51965e-05 1.50047e-05
5156 5.156 1.52148e-05 1.50263e-05
5157 5.157 1.51903e-05 1.49884e-05
5158 5.158 1.51873e-05 1.49936e-05
5159 5.159 1.518e-05 1.49981e-05
5160 5.16 1.518e-05 1.50124e-05
5161 5.161 1.51897e-05 1.50223e-05
5162 5.162 1.51614e-05 1.50116e-05
5163 5.163 1.51509e-05 1.50013e-05
5164 5.164 1.51339e-05 1.49909e-05
5165 5.165 1.51251e-05 1.49877e-05
5166 5.166 1.51282e-05 1.50164e-05
5167 5.167 1.51159e-05 1.50084e-05
5168 5.168 1.51093e-05 1.50045e-05
5169 5.169 1.50937e-05 1.50223e-05
5170 5.17 1.50621e-05 1.5e-05
5171 5.171 1.50785e-05 1.50042e-05
5172 5.172 1.50469e-05 1.49817e-05
5173 5.173 1.50468e-05 1.50048e-05
5174 5.174 1.50433e-05 1.50227e-05
5175 5.175 1.50396e-05 1.50255e-05
5176 5.176 1.50104e-05 1.49928e-05
5177 5.177 1.50244e-05 1.50163e-05
5178 5.178 1.50056e-05 1.49944e-05
5179 5.179 1.49938e-05 1.49928e-05
5180 5.18 1.50003e-05 1.50033e-05
5181 5.181 1.50184e-05 1.50128e-05
5182 5.182 1.50219e-05 1.50004e-05
5183 5.183 1.50216e-05 1.49978e-05
5184 5.184 1.50176e-05 1.50044e-05
5185 5.185 1.50329e-05 1.50167e-05
5186 5.186 1.50171e-05 1.49836e-05
5187 5.187 1.50426e-05 1.50085e-05
5188 5.188 1.50472e-05 1.49851e-05
5189 5.189 1.50632e-05 1.50249e-05
5190 5.19 1.50434e-05 1.49915e-05
5191 5.191 1.50845e-05 1.503e-05
5192 5.192 1.50963e-05 1.4987e-05
5193 5.193 1.51082e-05 1.50205e-05
5194 5.194 1.50996e-05 1.49957e-05
5195 5.195 1.51018e-05 1.49907e-05
5196 5.196 1.51403e-05 1.50149e-05
5197 5.197 1.51431e-05 1.50028e-05
5198 5.198 1.51292e-05 1.49709e-05
5199 5.199 1.51565e-05 1.50029e-05
5200 5.2 1.51521e-05 1.50016e-05
5201 5.201 1.51555e-05 1.49921e-05
5202 5.202 1.51612e-05 1.49881e-05
5203 5.203 1.51641e-05 1.49916e-05
5204 5.204 1.51923e-05 1.49979e-05
5205 5.205 1.51833e-05 1.50235e-05
5206 5.206 1.51706e-05 1.49805e-05
5207 5.207 1.51896e-05 1.50187e-05
5208 5.208 1.51932e-05 1.5028e-05
5209 5.209 1.51738e-05 1.50131e-05
5210 5.21 1.51994e-05 1.50363e-05
5211 5.211 1.51512e-05 1.49944e-05
5212 5.212 1.51573e-05 1.50053e-05
5213 5.213 1.51474e-05 1.49921e-05
5214 5.214 1.5135e-05 1.50039e-05
5215 5.215 1.51176e-05 1.49919e-05
5216 5.216 1.51272e-05 1.49919e-05
5217 5.217 1.50907e-05 1.49762e-05
5218 5.218 1.50864e-05 1.50035e-05
5219 5.219 1.50725e-05 1.49815e-05
5220 5.22 1.50559e-05 1.49915e-05
5221 5.221 1.50658e-05 1.50202e-05
5222 5.222 1.50481e-05 1.49903e-05
5223 5.223 1.5052e-05 1.49826e-05
5224 5.224 1.50491e-05 1.50041e-05
5225 5.225 1.50241e-05 1.49955e-05
5226 5.226 1.50363e-05 1.50231e-05
5227 5.227 1.50058e-05 1.49881e-05
5228 5.228 1.50068e-05 1.5003e-05
5229 5.229 1.50132e-05 1.50077e-05
5230 5.23 1.50114e-05 1.50283e-05
5231 5.231 1.50101e-05 1.49912e-05
5232 5.232 1.50061e-05 1.49867e-05
5233 5.233 1.50194e-05 1.50255e-05
5234 5.234 1.50157e-05 1.50022e-05
5235 5.235 1.50268e-05 1.50093e-05
5236 5.236 1.50304e-05 1.49956e-05
5237 5.237 1.50249e-05 1.49897e-05
5238 5.238 1.50218e-05 1.49969e-05
5239 5.239 1.50344e-05 1.49896e-05
5240 5.24 1.50706e-05 1.49914e-05
5241 5.241 1.50777e-05 1.50136e-05
5242 5.242 1.50878e-05 1.50069e-05
5243 5.243 1.51011e-05 1.50203e-05
5244 5.244 1.50873e-05 1.4985e-05
5245 5.245 1.51208e-05 1.50129e-05
5246 5.246 1.51238e-05 1.50083e-05
5247 5.247 1.515e-05 1.50047e-05
5248 5.248 1.51294e-05 1.49849e-05
5249 5.249 1.51605e-05 1.50272e-05
5250 5.25 1.51777e-05 1.50413e-05
5251 5.251 1.51522e-05 1.49958e-05
5252 5.252 1.51489e-05 1.50067e-05
5253 5.253 1.51547e-05 1.50034e-05
5254 5.254 1.51742e-05 1.5e-05
5255 5.255 1.51572e-05 1.49838e-05
5256 5.256 1.51749e-05 1.50033e-05
5257 5.257 1.51615e-05 1.50052e-05
5258 5.258 1.5179e-05 1.50274e-05
5259 5.259 1.51705e-05 1.50012e-05
5260 5.26 1.51575e-05 1.49809e-05
5261 5.261 1.51497e-05 1.50064e-05
5262 5.262 1.51498e-05 1.50302e-05
5263 5.263 1.51284e-05 1.50017e-05
5264 5.264 1.51199e-05 1.49999e-05
5265 5.265 1.51161e-05 1.5015e-05
5266 5.266 1.51075e-05 1.50007e-05
5267 5.267 1.50967e-05 1.49884e-05
5268 5.268 1.50752e-05 1.49963e-05
5269 5.269 1.50701e-05 1.50177e-05
5270 5.27 1.50534e-05 1.50006e-05
5271 5.271 1.50611e-05 1.50204e-05
5272 5.272 1.50376e-05 1.49749e-05
5273 5.273 1.5047e-05 1.50105e-05
5274 5.274 1.50549e-05 1.50138e-05
5275 5.275 1.50455e-05 1.50167e-05
5276 5.276 1.50119e-05 1.49842e-05
5277 5.277 1.50182e-05 1.50077e-05
5278 5.278 1.50154e-05 1.5007e-05
5279 5.279 1.49767e-05 1.49758e-05
5280 5.28 1.50184e-05 1.50173e-05
5281 5.281 1.50064e-05 1.50043e-05
5282 5.282 1.4996e-05 1.4968e-05
5283 5.283 1.5015e-05 1.50147e-05
5284 5.284 1.50282e-05 1.50125e-05
5285 5.285 1.50272e-05 1.50041e-05
5286 5.286 1.5032e-05 1.49922e-05
5287 5.287 1.50266e-05 1.49884e-05
5288 5.288 1.50558e-05 1.50382e-05
5289 5.289 1.5058e-05 1.50167e-05
5290 5.29 1.50584e-05 1.4997e-05
5291 5.291 1.50533e-05 1.49792e-05
5292 5.292 1.5072e-05 1.50175e-05
5293 5.293 1.50877e-05 1.49972e-05
5294 5.294 1.50697e-05 1.4978e-05
5295 5.295 1.51164e-05 1.5015e-05
5296 5.296 1.51081e-05 1.4989e-05
5297 5.297 1.51148e-05 1.49965e-05
5298 5.298 1.51416e-05 1.5022e-05
5299 5.299 1.50999e-05 1.49766e-05
5300 5.3 1.51363e-05 1.5e-05
5301 5.301 1.51375e-05 1.49921e-05
5302 5.302 1.51572e-05 1.50262e-05
5303 5.303 1.51646e-05 1.50264e-05
5304 5.304 1.51456e-05 1.49869e-05
5305 5.305 1.51568e-05 1.49885e-05
5306 5.306 1.51481e-05 1.4996e-05
5307 5.307 1.51519e-05 1.49966e-05
5308 5.308 1.51385e-05 1.4984e-05
5309 5.309 1.51532e-05 1.50019e-05
5310 5.31 1.51627e-05 1.50076e-05
5311 5.311 1.51472e-05 1.50262e-05
5312 5.312 1.5137e-05 1.49914e-05
5313 5.313 1.51322e-05 1.50035e-05
5314 5.314 1.51241e-05 1.5009e-05
5315 5.315 1.51036e-05 1.50147e-05
5316 5.316 1.50833e-05 1.49848e-05
5317 5.317 1.50776e-05 1.50147e-05
5318 5.318 1.50801e-05 1.49989e-05
5319 5.319 1.50607e-05 1.49694e-05
5320 5.32 1.50445e-05 1.49923e-05
5321 5.321 1.50478e-05 1.49985e-05
5322 5.322 1.50452e-05 1.50013e-05
5323 5.323 1.50249e-05 1.49785e-05
5324 5.324 1.50171e-05 1.49917e-05
5325 5.325 1.50121e-05 1.49949e-05
5326 5.326 1.5001e-05 1.49943e-05
5327 5.327 1.50119e-05 1.5008e-05
5328 5.328 1.49931e-05 1.49806e-05
5329 5.329 1.50093e-05 1.50063e-05
5330 5.33 1.50032e-05 1.50076e-05
5331 5.331 1.50095e-05 1.50041e-05
5332 5.332 1.5009e-05 1.49965e-05
5333 5.333 1.49922e-05 1.49668e-05
5334 5.334 1.50145e-05 1.49912e-05
5335 5.335 1.50106e-05 1.4988e-05
5336 5.336 1.50053e-05 1.49917e-05
5337 5.337 1.50301e-05 1.49976e-05
5338 5.338 1.50297e-05 1.50034e-05
5339 5.339 1.50654e-05 1.5022e-05
5340 5.34 1.5054e-05 1.49861e-05
5341 5.341 1.50671e-05 1.50058e-05
5342 5.342 1.50406e-05 1.4982e-05
5343 5.343 1.50678e-05 1.49939e-05
5344 5.344 1.50794e-05 1.49931e-05
5345 5.345 1.50808e-05 1.49955e-05
5346 5.346 1.51024e-05 1.49754e-05
5347 5.347 1.5117e-05 1.50285e-05
5348 5.348 1.51109e-05 1.49902e-05
5349 5.349 1.51065e-05 1.49665e-05
5350 5.35 1.51288e-05 1.50065e-05
5351 5.351 1.51537e-05 1.50246e-05
5352 5.352 1.51244e-05 1.49964e-05
5353 5.353 1.51392e-05 1.50093e-05
5354 5.354 1.51505e-05 1.50031e-05
5355 5.355 1.51316e-05 1.49928e-05
5356 5.356 1.51464e-05 1.49801e-05
5357 5.357 1.51493e-05 1.49891e-05
5358 5.358 1.51306e-05 1.49829e-05
5359 5.359 1.51427e-05 1.49943e-05
5360 5.36 1.51188e-05 1.49942e-05
5361 5.361 1.51162e-05 1.49771e-05
5362 5.362 1.511e-05 1.49903e-05
5363 5.363 1.51219e-05 1.50022e-05
5364 5.364 1.51135e-05 1.50162e-05
5365 5.365 1.50991e-05 1.5007e-05
5366 5.366 1.50847e-05 1.49769e-05
5367 5.367 1.50826e-05 1.50078e-05
5368 5.368 1.50748e-05 1.49928e-05
5369 5.369 1.50657e-05 1.5022e-05
5370 5.37 1.50526e-05 1.49867e-05
5371 5.371 1.50531e-05 1.50132e-05
5372 5.372 1.50572e-05 1.50264e-05
5373 5.373 1.50392e-05 1.50157e-05
5374 5.374 1.50246e-05 1.50157e-05
5375 5.375 1.504e-05 1.50274e-05
5376 5.376 1.50075e-05 1.49655e-05
5377 5.377 1.5019e-05 1.5006e-05
5378 5.378 1.5015e-05 1.50044e-05
5379 5.379 1.50129e-05 1.50108e-05
5380 5.38 1.50057e-05 1.50197e-05
5381 5.381 1.49976e-05 1.49854e-05
5382 5.382 1.50009e-05 1.50024e-05
5383 5.383 1.50148e-05 1.50105e-05
5384 5.384 1.50155e-05 1.5005e-05
5385 5.385 1.50209e-05 1.50065e-05
5386 5.386 1.50239e-05 1.50058e-05
5387 5.387 1.50311e-05 1.50219e-05
5388 5.388 1.5033e-05 1.50081e-05
5389 5.389 1.50456e-05 1.50047e-05
5390 5.39 1.50464e-05 1.49971e-05
5391 5.391 1.50493e-05 1.5003e-05
5392 5.392 1.50891e-05 1.50064e-05
5393 5.393 1.50919e-05 1.50394e-05
5394 5.394 1.50796e-05 1.50118e-05
5395 5.395 1.50768e-05 1.49884e-05
5396 5.396 1.51081e-05 1.50124e-05
5397 5.397 1.50925e-05 1.49664e-05
5398 5.398 1.51244e-05 1.50093e-05
5399 5.399 1.51238e-05 1.50193e-05
5400 5.4 1.51243e-05 1.50169e-05
5401 5.401 1.51338e-05 1.49988e-05
5402 5.402 1.51426e-05 1.50114e-05
5403 5.403 1.51479e-05 1.50192e-05
5404 5.404 1.51421e-05 1.50117e-05
5405 5.405 1.51318e-05 1.49973e-05
5406 5.406 1.51461e-05 1.50098e-05
5407 5.407 1.51402e-05 1.5005e-05
5408 5.408 1.51578e-05 1.50191e-05
5409 5.409 1.51386e-05 1.49946e-05
5410 5.41 1.51271e-05 1.4988e-05
5411 5.411 1.51274e-05 1.5006e-05
5412 5.412 1.51212e-05 1.50235e-05
5413 5.413 1.51106e-05 1.50012e-05
5414 5.414 1.50958e-05 1.50007e-05
5415 5.415 1.50911e-05 1.49745e-05
5416 5.416 1.50852e-05 1.50037e-05
5417 5.417 1.50766e-05 1.50124e-05
5418 5.418 1.51035e-05 1.50188e-05
5419 5.419 1.50644e-05 1.49832e-05
5420 5.42 1.50891e-05 1.50147e-05
5421 5.421 1.50713e-05 1.50371e-05
5422 5.422 1.50387e-05 1.49989e-05
5423 5.423 1.50431e-05 1.50269e-05
5424 5.424 1.50023e-05 1.49817e-05
5425 5.425 1.50307e-05 1.50188e-05
5426 5.426 1.50312e-05 1.50035e-05
5427 5.427 1.50197e-05 1.50129e-05
5428 5.428 1.50108e-05 1.49975e-05
5429 5.429 1.50154e-05 1.50137e-05
5430 5.43 1.50135e-05 1.50059e-05
5431 5.431 1.50229e-05 1.5015e-05
5432 5.432 1.49927e-05 1.49808e-05
5433 5.433 1.50068e-05 1.49875e-05
5434 5.434 1.50009e-05 1.49944e-05
5435 5.435 1.50043e-05 1.49953e-05
5436 5.436 1.50225e-05 1.50155e-05
5437 5.437 1.50137e-05 1.49883e-05
5438 5.438 1.50107e-05 1.49852e-05
5439 5.439 1.50213e-05 1.5003e-05
5440 5.44 1.5068e-05 1.5019e-05
5441 5.441 1.50499e-05 1.50176e-05
5442 5.442 1.50325e-05 1.49749e-05
5443 5.443 1.5068e-05 1.50005e-05
5444 5.444 1.50777e-05 1.50097e-05
5445 5.445 1.50616e-05 1.49651e-05
5446 5.446 1.50872e-05 1.49892e-05
5447 5.447 1.50996e-05 1.49973e-05
5448 5.448 1.51235e-05 1.5015e-05
5449 5.449 1.51114e-05 1.50002e-05
5450 5.45 1.50987e-05 1.49758e-05
5451 5.451 1.51303e-05 1.49976e-05
5452 5.452 1.51376e-05 1.50199e-05
5453 5.453 1.51157e-05 1.49991e-05
5454 5.454 1.51251e-05 1.49877e-05
5455 5.455 1.51522e-05 1.5017e-05
5456 5.456 1.51591e-05 1.50223e-05
5457 5.457 1.51502e-05 1.50204e-05
5458 5.458 1.51204e-05 1.49859e-05
5459 5.459 1.51426e-05 1.50187e-05
5460 5.46 1.513e-05 1.50126e-05
5461 5.461 1.51512e-05 1.50442e-05
5462 5.462 1.51264e-05 1.50232e-05
5463 5.463 1.51039e-05 1.50061e-05
5464 5.464 1.51113e-05 1.5022e-05
5465 5.465 1.50775e-05 1.49927e-05
5466 5.466 1.50829e-05 1.49874e-05
5467 5.467 1.5101e-05 1.49955e-05
5468 5.468 1.50548e-05 1.49827e-05
5469 5.469 1.50649e-05 1.49848e-05
5470 5.47 1.5038e-05 1.49881e-05
5471 5.471 1.50395e-05 1.49961e-05
5472 5.472 1.50321e-05 1.50029e-05
5473 5.473 1.50305e-05 1.50067e-05
5474 5.474 1.50257e-05 1.49953e-05
5475 5.475 1.50321e-05 1.50182e-05
5476 5.476 1.50358e-05 1.50208e-05
5477 5.477 1.50233e-05 1.50057e-05
5478 5.478 1.50111e-05 1.50088e-05
5479 5.479 1.50093e-05 1.49991e-05
5480 5.48 1.5007e-05 1.5011e-05
5481 5.481 1.50084e-05 1.50157e-05
5482 5.482 1.50025e-05 1.50051e-05
5483 5.483 1.50155e-05 1.50126e-05
5484 5.484 1.503e-05 1.50036e-05
5485 5.485 1.50139e-05 1.49963e-05
5486 5.486 1.50197e-05 1.49932e-05
5487 5.487 1.50271e-05 1.50196e-05
5488 5.488 1.50447e-05 1.50122e-05
5489 5.489 1.50308e-05 1.50036e-05
5490 5.49 1.50582e-05 1.50447e-05
5491 5.491 1.5065e-05 1.50103e-05
5492 5.492 1.50601e-05 1.50009e-05
5493 5.493 1.50416e-05 1.49811e-05
5494 5.494 1.50585e-05 1.49754e-05
5495 5.495 1.50835e-05 1.49919e-05
5496 5.496 1.50766e-05 1.4979e-05
5497 5.497 1.50867e-05 1.49825e-05
5498 5.498 1.50805e-05 1.49787e-05
5499 5.499 1.51067e-05 1.50206e-05
5500 5.5 1.51051e-05 1.49916e-05
5501 5.501 1.51006e-05 1.49966e-05
5502 5.502 1.51135e-05 1.4989e-05
5503 5.503 1.51162e-05 1.49957e-05
5504 5.504 1.51164e-05 1.50059e-05
5505 5.505 1.51286e-05 1.49972e-05
5506 5.506 1.50977e-05 1.49642e-05
5507 5.507 1.51337e-05 1.50208e-05
5508 5.508 1.51291e-05 1.50027e-05
5509 5.509 1.51115e-05 1.49922e-05
5510 5.51 1.5089e-05 1.49889e-05
5511 5.511 1.51161e-05 1.50134e-05
5512 5.512 1.51119e-05 1.50123e-05
5513 5.513 1.50793e-05 1.49745e-05
5514 5.514 1.50847e-05 1.50069e-05
5515 5.515 1.5084e-05 1.50154e-05
5516 5.516 1.50694e-05 1.49888e-05
5517 5.517 1.50781e-05 1.50117e-05
5518 5.518 1.50468e-05 1.49776e-05
5519 5.519 1.50299e-05 1.49745e-05
5520 5.52 1.50501e-05 1.50061e-05
5521 5.521 1.50279e-05 1.50004e-05
5522 5.522 1.50237e-05 1.49675e-05
5523 5.523 1.50191e-05 1.49884e-05
5524 5.524 1.50159e-05 1.5005e-05
5525 5.525 1.50295e-05 1.50197e-05
5526 5.526 1.50213e-05 1.49812e-05
5527 5.527 1.50055e-05 1.50007e-05
5528 5.528 1.50208e-05 1.50126e-05
5529 5.529 1.49954e-05 1.49917e-05
5530 5.53 1.50191e-05 1.50213e-05
5531 5.531 1.5002e-05 1.50067e-05
5532 5.532 1.50072e-05 1.49974e-05
5533 5.533 1.49882e-05 1.49743e-05
5534 5.534 1.5004e-05 1.49873e-05
5535 5.535 1.49931e-05 1.49865e-05
5536 5.536 1.49994e-05 1.49904e-05
5537 5.537 1.50091e-05 1.49984e-05
5538 5.538 1.50347e-05 1.50086e-05
5539 5.539 1.50267e-05 1.49845e-05
5540 5.54 1.50409e-05 1.49958e-05
5541 5.541 1.50384e-05 1.4996e-05
5542 5.542 1.50553e-05 1.49998e-05
5543 5.543 1.50431e-05 1.49753e-05
5544 5.544 1.50465e-05 1.49738e-05
5545 5.545 1.50767e-05 1.50002e-05
5546 5.546 1.50988e-05 1.50151e-05
5547 5.547 1.5094e-05 1.49822e-05
5548 5.548 1.50746e-05 1.49737e-05
5549 5.549 1.50861e-05 1.49979e-05
5550 5.55 1.51108e-05 1.5035e-05
5551 5.551 1.50962e-05 1.49711e-05
5552 5.552 1.51121e-05 1.49906e-05
5553 5.553 1.51058e-05 1.49742e-05
5554 5.554 1.50993e-05 1.49879e-05
5555 5.555 1.51037e-05 1.49906e-05
5556 5.556 1.51175e-05 1.49912e-05
5557 5.557 1.51235e-05 1.50324e-05
5558 5.558 1.51295e-05 1.50171e-05
5559 5.559 1.51092e-05 1.50141e-05
5560 5.56 1.51202e-05 1.49881e-05
5561 5.561 1.5113e-05 1.50218e-05
5562 5.562 1.5099e-05 1.49905e-05
5563 5.563 1.51046e-05 1.50137e-05
5564 5.564 1.50913e-05 1.4997e-05
5565 5.565 1.50744e-05 1.4997e-05
5566 5.566 1.50902e-05 1.50252e-05
5567 5.567 1.50816e-05 1.50249e-05
5568 5.568 1.50711e-05 1.5018e-05
5569 5.569 1.50517e-05 1.50128e-05
5570 5.57 1.50517e-05 1.50069e-05
5571 5.571 1.5029e-05 1.49958e-05
5572 5.572 1.50176e-05 1.49794e-05
5573 5.573 1.50169e-05 1.50112e-05
5574 5.574 1.50353e-05 1.49981e-05
5575 5.575 1.50135e-05 1.49913e-05
5576 5.576 1.50203e-05 1.50127e-05
5577 5.577 1.50081e-05 1.4987e-05
5578 5.578 1.50046e-05 1.50151e-05
5579 5.579 1.50123e-05 1.5015e-05
5580 5.58 1.50055e-05 1.50096e-05
5581 5.581 1.50264e-05 1.50121e-05
5582 5.582 1.49972e-05 1.49924e-05
5583 5.583 1.4994e-05 1.49784e-05
5584 5.584 1.50076e-05 1.50087e-05
5585 5.585 1.50028e-05 1.49731e-05
5586 5.586 1.50136e-05 1.50008e-05
5587 5.587 1.5036e-05 1.50111e-05
5588 5.588 1.50197e-05 1.4988e-05
5589 5.589 1.5044e-05 1.50197e-05
5590 5.59 1.50142e-05 1.49683e-05
5591 5.591 1.50485e-05 1.49981e-05
5592 5.592 1.50646e-05 1.50175e-05
5593 5.593 1.50511e-05 1.50018e-05
5594 5.594 1.50673e-05 1.49927e-05
5595 5.595 1.50469e-05 1.49868e-05
5596 5.596 1.50929e-05 1.50334e-05
5597 5.597 1.50831e-05 1.50088e-05
5598 5.598 1.50915e-05 1.50071e-05
5599 5.599 1.50815e-05 1.49725e-05
5600 5.6 1.50953e-05 1.49974e-05
5601 5.601 1.50863e-05 1.4984e-05
5602 5.602 1.50781e-05 1.49925e-05
5603 5.603 1.50966e-05 1.50071e-05
5604 5.604 1.51011e-05 1.4987e-05
5605 5.605 1.51272e-05 1.50392e-05
5606 5.606 1.51196e-05 1.50268e-05
5607 5.607 1.51091e-05 1.49979e-05
5608 5.608 1.51049e-05 1.50119e-05
5609 5.609 1.51072e-05 1.50053e-05
5610 5.61 1.50928e-05 1.50024e-05
5611 5.611 1.5078e-05 1.49963e-05
5612 5.612 1.51162e-05 1.50366e-05
5613 5.613 1.5092e-05 1.50282e-05
5614 5.614 1.50767e-05 1.50065e-05
5615 5.615 1.50682e-05 1.49932e-05
5616 5.616 1.50647e-05 1.49952e-05
5617 5.617 1.50447e-05 1.49655e-05
5618 5.618 1.50385e-05 1.49755e-05
5619 5.619 1.50617e-05 1.5006e-05
5620 5.62 1.50404e-05 1.4999e-05
5621 5.621 1.50336e-05 1.50126e-05
5622 5.622 1.50264e-05 1.49972e-05
5623 5.623 1.50272e-05 1.49867e-05
5624 5.624 1.50117e-05 1.49928e-05
5625 5.625 1.4989e-05 1.49755e-05
5626 5.626 1.50164e-05 1.50405e-05
5627 5.627 1.49965e-05 1.49983e-05
5628 5.628 1.50009e-05 1.49899e-05
5629 5.629 1.50118e-05 1.50089e-05
5630 5.63 1.49998e-05 1.49925e-05
5631 5.631 1.50166e-05 1.50335e-05
5632 5.632 1.50151e-05 1.5014e-05
5633 5.633 1.50247e-05 1.50368e-05
5634 5.634 1.50165e-05 1.50109e-05
5635 5.635 1.50139e-05 1.50148e-05
5636 5.636 1.50284e-05 1.50206e-05
5637 5.637 1.50184e-05 1.49929e-05
5638 5.638 1.50225e-05 1.50195e-05
5639 5.639 1.50421e-05 1.50199e-05
5640 5.64 1.50332e-05 1.50079e-05
5641 5.641 1.50381e-05 1.49948e-05
5642 5.642 1.50374e-05 1.49934e-05
5643 5.643 1.50577e-05 1.50064e-05
5644 5.644 1.50617e-05 1.50055e-05
5645 5.645 1.50393e-05 1.49597e-05
5646 5.646 1.5078e-05 1.50026e-05
5647 5.647 1.50766e-05 1.50082e-05
5648 5.648 1.50684e-05 1.49781e-05
5649 5.649 1.50939e-05 1.50101e-05
5650 5.65 1.5098e-05 1.50142e-05
5651 5.651 1.50791e-05 1.5001e-05
5652 5.652 1.509e-05 1.50076e-05
5653 5.653 1.51057e-05 1.50095e-05
5654 5.654 1.50947e-05 1.49885e-05
5655 5.655 1.5113e-05 1.50143e-05
5656 5.656 1.50995e-05 1.49913e-05
5657 5.657 1.50878e-05 1.49967e-05
5658 5.658 1.50832e-05 1.49833e-05
5659 5.659 1.51041e-05 1.50065e-05
5660 5.66 1.50743e-05 1.4978e-05
5661 5.661 1.50622e-05 1.49718e-05
5662 5.662 1.50827e-05 1.50015e-05
5663 5.663 1.50774e-05 1.49987e-05
5664 5.664 1.50818e-05 1.50267e-05
5665 5.665 1.50684e-05 1.49992e-05
5666 5.666 1.50624e-05 1.50252e-05
5667 5.667 1.5088e-05 1.5035e-05
5668 5.668 1.50867e-05 1.50384e-05
5669 5.669 1.50373e-05 1.49979e-05
5670 5.67 1.50518e-05 1.50127e-05
5671 5.671 1.50516e-05 1.50289e-05
5672 5.672 1.50293e-05 1.49908e-05
5673 5.673 1.5035e-05 1.50077e-05
5674 5.674 1.5024e-05 1.50118e-05
5675 5.675 1.50357e-05 1.50415e-05
5676 5.676 1.50109e-05 1.49971e-05
5677 5.677 1.50247e-05 1.50155e-05
5678 5.678 1.49927e-05 1.49861e-05
5679 5.679 1.50066e-05 1.50228e-05
5680 5.68 1.49882e-05 1.49827e-05
5681 5.681 1.50046e-05 1.49939e-05
5682 5.682 1.49931e-05 1.49978e-05
5683 5.683 1.50088e-05 1.50142e-05
5684 5.684 1.50034e-05 1.49978e-05
5685 5.685 1.50206e-05 1.50304e-05
5686 5.686 1.50394e-05 1.50373e-05
5687 5.687 1.50475e-05 1.50171e-05
5688 5.688 1.50194e-05 1.49863e-05
5689 5.689 1.50428e-05 1.50351e-05
5690 5.69 1.50481e-05 1.50298e-05
5691 5.691 1.50435e-05 1.50008e-05
5692 5.692 1.50209e-05 1.49732e-05
5693 5.693 1.505e-05 1.50159e-05
5694 5.694 1.50578e-05 1.50236e-05
5695 5.695 1.50669e-05 1.50003e-05
5696 5.696 1.5066e-05 1.50054e-05
5697 5.697 1.50768e-05 1.50054e-05
5698 5.698 1.50739e-05 1.50061e-05
5699 5.699 1.50661e-05 1.49809e-05
5700 5.7 1.50851e-05 1.50102e-05
5701 5.701 1.50992e-05 1.50396e-05
5702 5.702 1.50914e-05 1.49965e-05
5703 5.703 1.50818e-05 1.49828e-05
5704 5.704 1.50855e-05 1.49938e-05
5705 5.705 1.50822e-05 1.49803e-05
5706 5.706 1.50823e-05 1.50003e-05
5707 5.707 1.50963e-05 1.50196e-05
5708 5.708 1.50905e-05 1.49878e-05
5709 5.709 1.50945e-05 1.50043e-05
5710 5.71 1.51123e-05 1.50278e-05
5711 5.711 1.50994e-05 1.50286e-05
5712 5.712 1.50693e-05 1.50026e-05
5713 5.713 1.5086e-05 1.50053e-05
5714 5.714 1.50585e-05 1.49795e-05
5715 5.715 1.50753e-05 1.50063e-05
5716 5.716 1.50648e-05 1.49948e-05
5717 5.717 1.50478e-05 1.49996e-05
5718 5.718 1.50328e-05 1.49848e-05
5719 5.719 1.50465e-05 1.50134e-05
5720 5.72 1.50572e-05 1.50109e-05
5721 5.721 1.50113e-05 1.49938e-05
5722 5.722 1.50231e-05 1.50014e-05
5723 5.723 1.50277e-05 1.49945e-05
5724 5.724 1.50154e-05 1.50278e-05
5725 5.725 1.501e-05 1.50041e-05
5726 5.726 1.5003e-05 1.50063e-05
5727 5.727 1.50109e-05 1.50184e-05
5728 5.728 1.49966e-05 1.49827e-05
5729 5.729 1.49953e-05 1.50005e-05
5730 5.73 1.50013e-05 1.49829e-05
5731 5.731 1.49945e-05 1.4991e-05
5732 5.732 1.49947e-05 1.49989e-05
5733 5.733 1.49918e-05 1.49935e-05
5734 5.734 1.50117e-05 1.50135e-05
5735 5.735 1.50104e-05 1.50114e-05
5736 5.736 1.50124e-05 1.50217e-05
5737 5.737 1.503e-05 1.50279e-05
5738 5.738 1.50213e-05 1.49939e-05
5739 5.739 1.50259e-05 1.50057e-05
5740 5.74 1.50452e-05 1.50235e-05
5741 5.741 1.50359e-05 1.49745e-05
5742 5.742 1.49994e-05 1.49699e-05
5743 5.743 1.50489e-05 1.50231e-05
5744 5.744 1.50515e-05 1.50138e-05
5745 5.745 1.50704e-05 1.50131e-05
5746 5.746 1.50717e-05 1.50064e-05
5747 5.747 1.50704e-05 1.5012e-05
5748 5.748 1.50639e-05 1.4985e-05
5749 5.749 1.50665e-05 1.49895e-05
5750 5.75 1.50684e-05 1.4993e-05
5751 5.751 1.50685e-05 1.49925e-05
5752 5.752 1.50875e-05 1.49959e-05
5753 5.753 1.50899e-05 1.50057e-05
5754 5.754 1.50691e-05 1.4977e-05
5755 5.755 1.50807e-05 1.50193e-05
5756 5.756 1.50747e-05 1.49826e-05
5757 5.757 1.50776e-05 1.49956e-05
5758 5.758 1.50641e-05 1.49776e-05
5759 5.759 1.50793e-05 1.50052e-05
5760 5.76 1.50988e-05 1.50467e-05
5761 5.761 1.50797e-05 1.49999e-05
5762 5.762 1.50853e-05 1.50174e-05
5763 5.763 1.50815e-05 1.50047e-05
5764 5.764 1.50674e-05 1.50083e-05
5765 5.765 1.50547e-05 1.50086e-05
5766 5.766 1.50117e-05 1.49497e-05
5767 5.767 1.5044e-05 1.50153e-05
5768 5.768 1.50419e-05 1.49989e-05
5769 5.769 1.50426e-05 1.50025e-05
5770 5.77 1.5043e-05 1.50071e-05
5771 5.771 1.50441e-05 1.50224e-05
5772 5.772 1.50232e-05 1.50055e-05
5773 5.773 1.50356e-05 1.50179e-05
5774 5.774 1.50246e-05 1.50054e-05
5775 5.775 1.50209e-05 1.50028e-05
5776 5.776 1.50025e-05 1.49874e-05
5777 5.777 1.50054e-05 1.50069e-05
5778 5.778 1.50085e-05 1.50132e-05
5779 5.779 1.49933e-05 1.50024e-05
5780 5.78 1.49958e-05 1.49985e-05
5781 5.781 1.49985e-05 1.50107e-05
5782 5.782 1.50052e-05 1.50098e-05
5783 5.783 1.49842e-05 1.4998e-05
5784 5.784 1.50272e-05 1.50155e-05
5785 5.785 1.50166e-05 1.50073e-05
5786 5.786 1.49881e-05 1.49703e-05
5787 5.787 1.50124e-05 1.50009e-05
5788 5.788 1.50023e-05 1.49999e-05
5789 5.789 1.50265e-05 1.49937e-05
5790 5.79 1.50351e-05 1.50237e-05
5791 5.791 1.50216e-05 1.49955e-05
5792 5.792 1.50363e-05 1.5009e-05
5793 5.793 1.50393e-05 1.50078e-05
5794 5.794 1.50532e-05 1.4997e-05
5795 5.795 1.50561e-05 1.5014e-05
5796 5.796 1.50703e-05 1.50392e-05
5797 5.797 1.50587e-05 1.50059e-05
5798 5.798 1.5074e-05 1.50067e-05
5799 5.799 1.50707e-05 1.50142e-05
5800 5.8 1.50955e-05 1.50348e-05
5801 5.801 1.50741e-05 1.50052e-05
5802 5.802 1.50741e-05 1.49946e-05
5803 5.803 1.50548e-05 1.498e-05
5804 5.804 1.5077e-05 1.50017e-05
5805 5.805 1.50769e-05 1.49827e-05
5806 5.806 1.50805e-05 1.49987e-05
5807 5.807 1.50532e-05 1.49736e-05
5808 5.808 1.50617e-05 1.4996e-05
5809 5.809 1.50775e-05 1.5008e-05
5810 5.81 1.50709e-05 1.50032e-05
5811 5.811 1.50785e-05 1.50045e-05
5812 5.812 1.50641e-05 1.49848e-05
5813 5.813 1.5067e-05 1.49924e-05
5814 5.814 1.50565e-05 1.49829e-05
5815 5.815 1.50658e-05 1.50096e-05
5816 5.816 1.50596e-05 1.50109e-05
5817 5.817 1.50348e-05 1.49816e-05
5818 5.818 1.50396e-05 1.50134e-05
5819 5.819 1.50523e-05 1.50118e-05
5820 5.82 1.50332e-05 1.50201e-05
5821 5.821 1.50272e-05 1.49958e-05
5822 5.822 1.50152e-05 1.49857e-05
5823 5.823 1.50121e-05 1.50072e-05
5824 5.824 1.50042e-05 1.49956e-05
5825 5.825 1.5018e-05 1.50239e-05
5826 5.826 1.50014e-05 1.501e-05
5827 5.827 1.49987e-05 1.50094e-05
5828 5.828 1.50044e-05 1.49865e-05
5829 5.829 1.50184e-05 1.50376e-05
5830 5.83 1.50056e-05 1.50042e-05
5831 5.831 1.50021e-05 1.49991e-05
5832 5.832 1.50132e-05 1.50067e-05
5833 5.833 1.49987e-05 1.49739e-05
5834 5.834 1.49999e-05 1.49798e-05
5835 5.835 1.50044e-05 1.49864e-05
5836 5.836 1.50056e-05 1.49781e-05
5837 5.837 1.50287e-05 1.49958e-05
5838 5.838 1.5029e-05 1.50112e-05
5839 5.839 1.50288e-05 1.50068e-05
5840 5.84 1.50047e-05 1.49482e-05
5841 5.841 1.50432e-05 1.50171e-05
5842 5.842 1.50033e-05 1.49737e-05
5843 5.843 1.50481e-05 1.50321e-05
5844 5.844 1.5042e-05 1.50082e-05
5845 5.845 1.50568e-05 1.50257e-05
5846 5.846 1.50382e-05 1.50121e-05
5847 5.847 1.50612e-05 1.50273e-05
5848 5.848 1.50793e-05 1.50189e-05
5849 5.849 1.50633e-05 1.50174e-05
5850 5.85 1.50713e-05 1.49969e-05
5851 5.851 1.50569e-05 1.4963e-05
5852 5.852 1.5082e-05 1.50129e-05
5853 5.853 1.50848e-05 1.50151e-05
5854 5.854 1.5057e-05 1.49723e-05
5855 5.855 1.50531e-05 1.4953e-05
5856 5.856 1.50588e-05 1.50047e-05
5857 5.857 1.50701e-05 1.50154e-05
5858 5.858 1.50579e-05 1.49958e-05
5859 5.859 1.5073e-05 1.49947e-05
5860 5.86 1.50583e-05 1.4983e-05
5861 5.861 1.5061e-05 1.49885e-05
5862 5.862 1.50708e-05 1.50139e-05
5863 5.863 1.50259e-05 1.49574e-05
5864 5.864 1.50507e-05 1.50037e-05
5865 5.865 1.50353e-05 1.49772e-05
5866 5.866 1.50493e-05 1.49943e-05
5867 5.867 1.5027e-05 1.49853e-05
5868 5.868 1.50427e-05 1.49993e-05
5869 5.869 1.50294e-05 1.4989e-05
5870 5.87 1.50305e-05 1.50011e-05
5871 5.871 1.49998e-05 1.49702e-05
5872 5.872 1.50357e-05 1.50059e-05
5873 5.873 1.50201e-05 1.49977e-05
5874 5.874 1.50269e-05 1.49999e-05
5875 5.875 1.49916e-05 1.49855e-05
5876 5.876 1.50049e-05 1.49815e-05
5877 5.877 1.50156e-05 1.49935e-05
5878 5.878 1.50128e-05 1.50093e-05
5879 5.879 1.50115e-05 1.50018e-05
5880 5.88 1.50051e-05 1.50136e-05
5881 5.881 1.50035e-05 1.49989e-05
5882 5.882 1.50008e-05 1.50029e-05
5883 5.883 1.49921e-05 1.49995e-05
5884 5.884 1.5018e-05 1.50129e-05
5885 5.885 1.5008e-05 1.50022e-05
5886 5.886 1.50126e-05 1.49798e-05
5887 5.887 1.50308e-05 1.50112e-05
5888 5.888 1.5028e-05 1.50139e-05
5889 5.889 1.50249e-05 1.5005e-05
5890 5.89 1.50352e-05 1.50142e-05
5891 5.891 1.50259e-05 1.49839e-05
5892 5.892 1.50364e-05 1.50247e-05
5893 5.893 1.50309e-05 1.49942e-05
5894 5.894 1.50346e-05 1.49876e-05
5895 5.895 1.50567e-05 1.5006e-05
5896 5.896 1.50549e-05 1.49996e-05
5897 5.897 1.5054e-05 1.50047e-05
5898 5.898 1.50471e-05 1.50023e-05
5899 5.899 1.50487e-05 1.49902e-05
5900 5.9 1.50705e-05 1.50062e-05
5901 5.901 1.50861e-05 1.50339e-05
5902 5.902 1.5073e-05 1.5014e-05
5903 5.903 1.50801e-05 1.50208e-05
5904 5.904 1.50798e-05 1.50023e-05
5905 5.905 1.50784e-05 1.49956e-05
5906 5.906 1.5065e-05 1.50067e-05
5907 5.907 1.50669e-05 1.5013e-05
5908 5.908 1.50775e-05 1.50085e-05
5909 5.909 1.50671e-05 1.49844e-05
5910 5.91 1.50607e-05 1.49798e-05
5911 5.911 1.50446e-05 1.49785e-05
5912 5.912 1.50719e-05 1.50154e-05
5913 5.913 1.50784e-05 1.50306e-05
5914 5.914 1.50639e-05 1.50082e-05
5915 5.915 1.50488e-05 1.49964e-05
5916 5.916 1.50526e-05 1.49997e-05
5917 5.917 1.50465e-05 1.50034e-05
5918 5.918 1.50509e-05 1.50186e-05
5919 5.919 1.50318e-05 1.5006e-05
5920 5.92 1.5038e-05 1.50022e-05
5921 5.921 1.50143e-05 1.49867e-05
5922 5.922 1.50219e-05 1.49916e-05
5923 5.923 1.50327e-05 1.50264e-05
5924 5.924 1.50152e-05 1.50104e-05
5925 5.925 1.5032e-05 1.50341e-05
5926 5.926 1.4989e-05 1.49825e-05
5927 5.927 1.50204e-05 1.5028e-05
5928 5.928 1.50104e-05 1.49973e-05
5929 5.929 1.50105e-05 1.49935e-05
5930 5.93 1.49969e-05 1.49943e-05
5931 5.931 1.49966e-05 1.5003e-05
5932 5.932 1.50022e-05 1.49968e-05
5933 5.933 1.50074e-05 1.49942e-05
5934 5.934 1.50179e-05 1.50053e-05
5935 5.935 1.50151e-05 1.50053e-05
5936 5.936 1.50045e-05 1.49975e-05
5937 5.937 1.50254e-05 1.49904e-05
5938 5.938 1.503e-05 1.50204e-05
5939 5.939 1.50148e-05 1.49917e-05
5940 5.94 1.50499e-05 1.50276e-05
5941 5.941 1.5039e-05 1.50227e-05
5942 5.942 1.5065e-05 1.50264e-05
5943 5.943 1.50513e-05 1.49965e-05
5944 5.944 1.50371e-05 1.50034e-05
5945 5.945 1.50356e-05 1.49879e-05
5946 5.946 1.50483e-05 1.50119e-05
5947 5.947 1.50451e-05 1.50045e-05
5948 5.948 1.50639e-05 1.50085e-05
5949 5.949 1.50599e-05 1.49891e-05
5950 5.95 1.50916e-05 1.50302e-05
5951 5.951 1.50872e-05 1.50367e-05
5952 5.952 1.5066e-05 1.49991e-05
5953 5.953 1.50556e-05 1.49934e-05
5954 5.954 1.50694e-05 1.49945e-05
5955 5.955 1.50663e-05 1.49852e-05
5956 5.956 1.50638e-05 1.50045e-05
5957 5.957 1.50487e-05 1.49811e-05
5958 5.958 1.50702e-05 1.50026e-05
5959 5.959 1.50628e-05 1.50074e-05
5960 5.96 1.5046e-05 1.49975e-05
5961 5.961 1.50595e-05 1.50082e-05
5962 5.962 1.50549e-05 1.50059e-05
5963 5.963 1.50432e-05 1.49732e-05
5964 5.964 1.50719e-05 1.50146e-05
5965 5.965 1.50567e-05 1.50209e-05
5966 5.966 1.50274e-05 1.49723e-05
5967 5.967 1.50334e-05 1.50103e-05
5968 5.968 1.50425e-05 1.50089e-05
5969 5.969 1.50463e-05 1.50179e-05
5970 5.97 1.50334e-05 1.50103e-05
5971 5.971 1.5006e-05 1.49837e-05
5972 5.972 1.50118e-05 1.49934e-05
5973 5.973 1.50103e-05 1.49741e-05
5974 5.974 1.50098e-05 1.49855e-05
5975 5.975 1.50109e-05 1.49967e-05
5976 5.976 1.50251e-05 1.50008e-05
5977 5.977 1.49989e-05 1.49906e-05
5978 5.978 1.50133e-05 1.50111e-05
5979 5.979 1.50201e-05 1.50107e-05
5980 5.98 1.50102e-05 1.50119e-05
5981 5.981 1.49805e-05 1.4979e-05
5982 5.982 1.49869e-05 1.49957e-05
5983 5.983 1.49969e-05 1.49934e-05
5984 5.984 1.50013e-05 1.49967e-05
5985 5.985 1.50156e-05 1.50165e-05
5986 5.986 1.49862e-05 1.49714e-05
5987 5.987 1.50126e-05 1.50096e-05
5988 5.988 1.49957e-05 1.49859e-05
5989 5.989 1.50148e-05 1.49989e-05
5990 5.99 1.50019e-05 1.49923e-05
5991 5.991 1.50363e-05 1.50197e-05
5992 5.992 1.50223e-05 1.50132e-05
5993 5.993 1.50146e-05 1.49845e-05
5994 5.994 1.50246e-05 1.49738e-05
5995 5.995 1.50164e-05 1.49905e-05
5996 5.996 1.50225e-05 1.49956e-05
5997 5.997 1.50281e-05 1.49927e-05
5998 5.998 1.50545e-05 1.50029e-05
5999 5.999 1.50324e-05 1.49885e-05
6000 6 1.5058e-05 1.50175e-05
6001 6.001 1.50503e-05 1.50018e-05
6002 6.002 1.50457e-05 1.49999e-05
6003 6.003 1.50619e-05 1.50064e-05
6004 6.004 1.50602e-05 1.49919e-05
6005 6.005 1.50639e-05 1.50135e-05
6006 6.006 1.50501e-05 1.50045e-05
6007 6.007 1.50667e-05 1.49968e-05
6008 6.008 1.50577e-05 1.49938e-05
6009 6.009 1.5047e-05 1.49901e-05
6010 6.01 1.5063e-05 1.50176e-05
6011 6.011 1.50459e-05 1.49873e-05
6012 6.012 1.50403e-05 1.49879e-05
6013 6.013 1.50502e-05 1.5011e-05
6014 6.014 1.50523e-05 1.50001e-05
6015 6.015 1.50331e-05 1.49938e-05
6016 6.016 1.50407e-05 1.49996e-05
6017 6.017 1.50297e-05 1.50128e-05
6018 6.018 1.50355e-05 1.50065e-05
6019 6.019 1.50319e-05 1.49953e-05
6020 6.02 1.5038e-05 1.50046e-05
6021 6.021 1.5033e-05 1.50092e-05
6022 6.022 1.50154e-05 1.49889e-05
6023 6.023 1.50205e-05 1.50253e-05
6024 6.024 1.50004e-05 1.49955e-05
6025 6.025 1.49945e-05 1.49975e-05
6026 6.026 1.50241e-05 1.50309e-05
6027 6.027 1.50294e-05 1.5027e-05
6028 6.028 1.50183e-05 1.50206e-05
6029 6.029 1.49831e-05 1.49705e-05
6030 6.03 1.49924e-05 1.50059e-05
6031 6.031 1.50074e-05 1.50169e-05
6032 6.032 1.50011e-05 1.49903e-05
6033 6.033 1.49823e-05 1.49811e-05
6034 6.034 1.50162e-05 1.50129e-05
6035 6.035 1.50211e-05 1.50119e-05
6036 6.036 1.50164e-05 1.50029e-05
6037 6.037 1.49839e-05 1.49753e-05
6038 6.038 1.5026e-05 1.49966e-05
6039 6.039 1.50049e-05 1.49806e-05
6040 6.04 1.5009e-05 1.49932e-05
6041 6.041 1.50161e-05 1.4983e-05
6042 6.042 1.5029e-05 1.50073e-05
6043 6.043 1.50185e-05 1.49966e-05
6044 6.044 1.50494e-05 1.5019e-05
6045 6.045 1.50565e-05 1.50253e-05
6046 6.046 1.50496e-05 1.49912e-05
6047 6.047 1.50482e-05 1.50007e-05
6048 6.048 1.50604e-05 1.49908e-05
6049 6.049 1.50576e-05 1.50065e-05
6050 6.05 1.50584e-05 1.49998e-05
6051 6.051 1.50617e-05 1.49996e-05
6052 6.052 1.50478e-05 1.49889e-05
6053 6.053 1.50564e-05 1.50184e-05
6054 6.054 1.50664e-05 1.50061e-05
6055 6.055 1.50636e-05 1.50006e-05
6056 6.056 1.50513e-05 1.49943e-05
6057 6.057 1.50736e-05 1.50132e-05
6058 6.058 1.50437e-05 1.49939e-05
6059 6.059 1.50701e-05 1.50153e-05
6060 6.06 1.50713e-05 1.50177e-05
6061 6.061 1.50566e-05 1.50167e-05
6062 6.062 1.5057e-05 1.50049e-05
6063 6.063 1.50458e-05 1.50005e-05
6064 6.064 1.50487e-05 1.50035e-05
6065 6.065 1.50441e-05 1.49862e-05
6066 6.066 1.50405e-05 1.5032e-05
6067 6.067 1.50166e-05 1.4986e-05
6068 6.068 1.50266e-05 1.50063e-05
6069 6.069 1.50347e-05 1.50087e-05
6070 6.07 1.50315e-05 1.50265e-05
6071 6.071 1.50143e-05 1.50169e-05
6072 6.072 1.5009e-05 1.4992e-05
6073 6.073 1.50382e-05 1.50265e-05
6074 6.074 1.50156e-05 1.50049e-05
6075 6.075 1.50124e-05 1.5006e-05
6076 6.076 1.50044e-05 1.50084e-05
6077 6.077 1.50274e-05 1.50477e-05
6078 6.078 1.49981e-05 1.49944e-05
6079 6.079 1.50046e-05 1.5005e-05
6080 6.08 1.50273e-05 1.50086e-05
6081 6.081 1.49962e-05 1.50114e-05
6082 6.082 1.50144e-05 1.50009e-05
6083 6.083 1.50166e-05 1.50152e-05
6084 6.084 1.50418e-05 1.50301e-05
6085 6.085 1.50158e-05 1.50156e-05
6086 6.086 1.50096e-05 1.50012e-05
6087 6.087 1.50103e-05 1.50268e-05
6088 6.088 1.50104e-05 1.49917e-05
6089 6.089 1.50288e-05 1.5017e-05
6090 6.09 1.50081e-05 1.49726e-05
6091 6.091 1.50165e-05 1.49929e-05
6092 6.092 1.50089e-05 1.49821e-05
6093 6.093 1.50379e-05 1.50165e-05
6094 6.094 1.50117e-05 1.49827e-05
6095 6.095 1.50282e-05 1.49963e-05
6096 6.096 1.5046e-05 1.50076e-05
6097 6.097 1.505e-05 1.50211e-05
6098 6.098 1.50462e-05 1.50043e-05
6099 6.099 1.50748e-05 1.50235e-05
6100 6.1 1.50541e-05 1.50095e-05
6101 6.101 1.50752e-05 1.50264e-05
6102 6.102 1.50568e-05 1.49863e-05
6103 6.103 1.50705e-05 1.50182e-05
6104 6.104 1.50535e-05 1.50055e-05
6105 6.105 1.50531e-05 1.50057e-05
6106 6.106 1.50439e-05 1.49814e-05
6107 6.107 1.50652e-05 1.49973e-05
6108 6.108 1.50719e-05 1.50189e-05
6109 6.109 1.50515e-05 1.49922e-05
6110 6.11 1.50574e-05 1.50105e-05
6111 6.111 1.50686e-05 1.4995e-05
6112 6.112 1.50503e-05 1.50102e-05
6113 6.113 1.5046e-05 1.50174e-05
6114 6.114 1.50441e-05 1.5013e-05
6115 6.115 1.5027e-05 1.4968e-05
6116 6.116 1.50402e-05 1.50107e-05
6117 6.117 1.5032e-05 1.50243e-05
6118 6.118 1.50333e-05 1.50049e-05
6119 6.119 1.50272e-05 1.49916e-05
6120 6.12 1.50192e-05 1.49965e-05
6121 6.121 1.50187e-05 1.50069e-05
6122 6.122 1.50331e-05 1.5009e-05
6123 6.123 1.5017e-05 1.50021e-05
6124 6.124 1.50154e-05 1.50113e-05
6125 6.125 1.49976e-05 1.50114e-05
6126 6.126 1.49968e-05 1.50122e-05
6127 6.127 1.50072e-05 1.49911e-05
6128 6.128 1.50017e-05 1.49844e-05
6129 6.129 1.49874e-05 1.49881e-05
6130 6.13 1.49882e-05 1.49584e-05
6131 6.131 1.50007e-05 1.50162e-05
6132 6.132 1.49923e-05 1.49898e-05
6133 6.133 1.49986e-05 1.49926e-05
6134 6.134 1.50225e-05 1.50117e-05
6135 6.135 1.50099e-05 1.50005e-05
6136 6.136 1.50197e-05 1.50198e-05
6137 6.137 1.50101e-05 1.49822e-05
6138 6.138 1.50078e-05 1.49945e-05
6139 6.139 1.50032e-05 1.49851e-05
6140 6.14 1.50192e-05 1.50011e-05
6141 6.141 1.50039e-05 1.49709e-05
6142 6.142 1.50174e-05 1.49737e-05
6143 6.143 1.50317e-05 1.49977e-05
6144 6.144 1.502e-05 1.49947e-05
6145 6.145 1.50369e-05 1.50188e-05
6146 6.146 1.50299e-05 1.49862e-05
6147 6.147 1.50111e-05 1.49696e-05
6148 6.148 1.50346e-05 1.49947e-05
6149 6.149 1.50494e-05 1.50142e-05
6150 6.15 1.50512e-05 1.50007e-05
6151 6.151 1.50276e-05 1.49779e-05
6152 6.152 1.50382e-05 1.49825e-05
6153 6.153 1.50488e-05 1.49938e-05
6154 6.154 1.50564e-05 1.50012e-05
6155 6.155 1.50616e-05 1.49955e-05
6156 6.156 1.50591e-05 1.50338e-05
6157 6.157 1.50533e-05 1.50298e-05
6158 6.158 1.50554e-05 1.50206e-05
6159 6.159 1.50567e-05 1.50122e-05
6160 6.16 1.50526e-05 1.49881e-05
6161 6.161 1.50438e-05 1.50068e-05
6162 6.162 1.50337e-05 1.50075e-05
6163 6.163 1.50416e-05 1.50159e-05
6164 6.164 1.50511e-05 1.50046e-05
6165 6.165 1.50479e-05 1.50203e-05
6166 6.166 1.50463e-05 1.50111e-05
6167 6.167 1.50396e-05 1.50033e-05
6168 6.168 1.50043e-05 1.49837e-05
6169 6.169 1.50412e-05 1.50337e-05
6170 6.17 1.50255e-05 1.50038e-05
6171 6.171 1.50286e-05 1.50112e-05
6172 6.172 1.50124e-05 1.49979e-05
6173 6.173 1.50186e-05 1.50222e-05
6174 6.174 1.50093e-05 1.49913e-05
6175 6.175 1.50283e-05 1.50237e-05
6176 6.176 1.50083e-05 1.50095e-05
6177 6.177 1.50095e-05 1.50047e-05
6178 6.178 1.49947e-05 1.50017e-05
6179 6.179 1.50052e-05 1.50018e-05
6180 6.18 1.49941e-05 1.49999e-05
6181 6.181 1.50205e-05 1.50105e-05
6182 6.182 1.50096e-05 1.50191e-05
6183 6.183 1.49856e-05 1.49815e-05
6184 6.184 1.50097e-05 1.5015e-05
6185 6.185 1.50035e-05 1.50022e-05
6186 6.186 1.50056e-05 1.49832e-05
6187 6.187 1.4995e-05 1.49716e-05
6188 6.188 1.49961e-05 1.4986e-05
6189 6.189 1.501e-05 1.50029e-05
6190 6.19 1.50146e-05 1.49856e-05
6191 6.191 1.50016e-05 1.49743e-05
6192 6.192 1.50059e-05 1.49929e-05
6193 6.193 1.50262e-05 1.49962e-05
6194 6.194 1.50458e-05 1.50113e-05
6195 6.195 1.50354e-05 1.50091e-05
6196 6.196 1.50429e-05 1.50061e-05
6197 6.197 1.5046e-05 1.50308e-05
6198 6.198 1.50447e-05 1.50031e-05
6199 6.199 1.50264e-05 1.49793e-05
6200 6.2 1.50522e-05 1.501e-05
6201 6.201 1.50325e-05 1.49923e-05
6202 6.202 1.50466e-05 1.50025e-05
6203 6.203 1.50561e-05 1.50286e-05
6204 6.204 1.50523e-05 1.5016e-05
6205 6.205 1.50481e-05 1.50052e-05
6206 6.206 1.50529e-05 1.49934e-05
6207 6.207 1.50519e-05 1.50016e-05
6208 6.208 1.50515e-05 1.50072e-05
6209 6.209 1.50465e-05 1.50065e-05
6210 6.21 1.50454e-05 1.49859e-05
6211 6.211 1.50388e-05 1.49912e-05
6212 6.212 1.50483e-05 1.50134e-05
6213 6.213 1.50527e-05 1.50367e-05
6214 6.214 1.50487e-05 1.5005e-05
6215 6.215 1.50359e-05 1.5007e-05
6216 6.216 1.50238e-05 1.50079e-05
6217 6.217 1.50268e-05 1.4997e-05
6218 6.218 1.50282e-05 1.50096e-05
6219 6.219 1.50297e-05 1.50069e-05
6220 6.22 1.50079e-05 1.50122e-05
6221 6.221 1.50184e-05 1.50144e-05
6222 6.222 1.50263e-05 1.50205e-05
6223 6.223 1.50047e-05 1.50011e-05
6224 6.224 1.50187e-05 1.50263e-05
6225 6.225 1.50104e-05 1.50185e-05
6226 6.226 1.5002e-05 1.49996e-05
6227 6.227 1.50059e-05 1.50059e-05
6228 6.228 1.50085e-05 1.50038e-05
6229 6.229 1.50099e-05 1.50242e-05
6230 6.23 1.50142e-05 1.50317e-05
6231 6.231 1.50051e-05 1.50148e-05
6232 6.232 1.50114e-05 1.50134e-05
6233 6.233 1.50047e-05 1.49932e-05
6234 6.234 1.49953e-05 1.50119e-05
6235 6.235 1.50093e-05 1.50053e-05
6236 6.236 1.49995e-05 1.501e-05
6237 6.237 1.50166e-05 1.50292e-05
6238 6.238 1.50286e-05 1.50245e-05
6239 6.239 1.50132e-05 1.5003e-05
6240 6.24 1.50469e-05 1.5023e-05
6241 6.241 1.50132e-05 1.49931e-05
6242 6.242 1.50416e-05 1.50178e-05
6243 6.243 1.50198e-05 1.50105e-05
6244 6.244 1.50355e-05 1.49977e-05
6245 6.245 1.50322e-05 1.49973e-05
6246 6.246 1.50346e-05 1.50175e-05
6247 6.247 1.50446e-05 1.50278e-05
6248 6.248 1.50412e-05 1.49946e-05
6249 6.249 1.50466e-05 1.49983e-05
6250 6.25 1.50487e-05 1.50163e-05
6251 6.251 1.50427e-05 1.501e-05
6252 6.252 1.50491e-05 1.50157e-05
6253 6.253 1.50384e-05 1.4992e-05
6254 6.254 1.50494e-05 1.50084e-05
6255 6.255 1.50525e-05 1.50022e-05
6256 6.256 1.50519e-05 1.50077e-05
6257 6.257 1.50445e-05 1.49814e-05
6258 6.258 1.50694e-05 1.50241e-05
6259 6.259 1.5052e-05 1.50314e-05
6260 6.26 1.50494e-05 1.50108e-05
6261 6.261 1.50372e-05 1.4995e-05
6262 6.262 1.50242e-05 1.49645e-05
6263 6.263 1.50218e-05 1.50002e-05
6264 6.264 1.50087e-05 1.49684e-05
6265 6.265 1.50189e-05 1.49905e-05
6266 6.266 1.5031e-05 1.49953e-05
6267 6.267 1.50202e-05 1.50019e-05
6268 6.268 1.50232e-05 1.49857e-05
6269 6.269 1.50261e-05 1.50074e-05
6270 6.27 1.50036e-05 1.49776e-05
6271 6.271 1.50142e-05 1.49975e-05
6272 6.272 1.50007e-05 1.49806e-05
6273 6.273 1.50132e-05 1.49966e-05
6274 6.274 1.50088e-05 1.49888e-05
6275 6.275 1.49987e-05 1.50022e-05
6276 6.276 1.49946e-05 1.49853e-05
6277 6.277 1.5011e-05 1.50196e-05
6278 6.278 1.49966e-05 1.49969e-05
6279 6.279 1.5013e-05 1.50142e-05
6280 6.28 1.50129e-05 1.50124e-05
6281 6.281 1.49954e-05 1.50022e-05
6282 6.282 1.5018e-05 1.50207e-05
6283 6.283 1.50152e-05 1.49935e-05
6284 6.284 1.50202e-05 1.49987e-05
6285 6.285 1.49949e-05 1.49768e-05
6286 6.286 1.50095e-05 1.50037e-05
6287 6.287 1.50209e-05 1.50208e-05
6288 6.288 1.50114e-05 1.49987e-05
6289 6.289 1.49934e-05 1.49829e-05
6290 6.29 1.50139e-05 1.49877e-05
6291 6.291 1.50201e-05 1.50161e-05
6292 6.292 1.50452e-05 1.50363e-05
6293 6.293 1.50478e-05 1.50453e-05
6294 6.294 1.5005e-05 1.49733e-05
6295 6.295 1.5014e-05 1.4978e-05
6296 6.296 1.50373e-05 1.50129e-05
6297 6.297 1.50414e-05 1.49979e-05
6298 6.298 1.50321e-05 1.49824e-05
6299 6.299 1.50329e-05 1.50042e-05
6300 6.3 1.50495e-05 1.49966e-05
6301 6.301 1.50211e-05 1.49812e-05
6302 6.302 1.50641e-05 1.50322e-05
6303 6.303 1.50427e-05 1.49986e-05
6304 6.304 1.50304e-05 1.49913e-05
6305 6.305 1.50415e-05 1.49955e-05
6306 6.306 1.50467e-05 1.50013e-05
6307 6.307 1.50712e-05 1.50232e-05
6308 6.308 1.50335e-05 1.4996e-05
6309 6.309 1.50402e-05 1.49883e-05
6310 6.31 1.50322e-05 1.49903e-05
6311 6.311 1.50301e-05 1.49833e-05
6312 6.312 1.50226e-05 1.49803e-05
6313 6.313 1.50335e-05 1.49941e-05
6314 6.314 1.50385e-05 1.50217e-05
6315 6.315 1.50318e-05 1.50014e-05
6316 6.316 1.50361e-05 1.50041e-05
6317 6.317 1.50196e-05 1.50016e-05
6318 6.318 1.50138e-05 1.49992e-05
6319 6.319 1.49992e-05 1.49857e-05
6320 6.32 1.50274e-05 1.50158e-05
6321 6.321 1.50169e-05 1.49865e-05
6322 6.322 1.50141e-05 1.49881e-05
6323 6.323 1.50241e-05 1.50157e-05
6324 6.324 1.50037e-05 1.4989e-05
6325 6.325 1.50127e-05 1.50182e-05
6326 6.326 1.50123e-05 1.50026e-05
6327 6.327 1.49779e-05 1.5006e-05
6328 6.328 1.49937e-05 1.50056e-05
6329 6.329 1.50125e-05 1.49992e-05
6330 6.33 1.49731e-05 1.49871e-05
6331 6.331 1.50131e-05 1.50197e-05
6332 6.332 1.49858e-05 1.49772e-05
6333 6.333 1.50109e-05 1.50167e-05
6334 6.334 1.50274e-05 1.50142e-05
6335 6.335 1.50016e-05 1.4993e-05
6336 6.336 1.50097e-05 1.50138e-05
6337 6.337 1.50133e-05 1.49985e-05
6338 6.338 1.50333e-05 1.50284e-05
6339 6.339 1.50319e-05 1.50094e-05
6340 6.34 1.50305e-05 1.50054e-05
6341 6.341 1.5025e-05 1.49853e-05
6342 6.342 1.50279e-05 1.50178e-05
6343 6.343 1.50237e-05 1.49986e-05
6344 6.344 1.50084e-05 1.49732e-05
6345 6.345 1.50147e-05 1.4984e-05
6346 6.346 1.50327e-05 1.50097e-05
6347 6.347 1.5007e-05 1.4994e-05
6348 6.348 1.50427e-05 1.50149e-05
6349 6.349 1.50318e-05 1.49953e-05
6350 6.35 1.50529e-05 1.50099e-05
6351 6.351 1.50281e-05 1.5005e-05
6352 6.352 1.5042e-05 1.50086e-05
6353 6.353 1.50396e-05 1.50012e-05
6354 6.354 1.50184e-05 1.49455e-05
6355 6.355 1.50311e-05 1.49963e-05
6356 6.356 1.50273e-05 1.4975e-05
6357 6.357 1.50445e-05 1.50097e-05
6358 6.358 1.5027e-05 1.49889e-05
6359 6.359 1.50486e-05 1.50215e-05
6360 6.36 1.50234e-05 1.49795e-05
6361 6.361 1.50314e-05 1.49893e-05
6362 6.362 1.50329e-05 1.5001e-05
6363 6.363 1.50183e-05 1.50024e-05
6364 6.364 1.50346e-05 1.49953e-05
6365 6.365 1.50312e-05 1.49872e-05
6366 6.366 1.50179e-05 1.49945e-05
6367 6.367 1.5019e-05 1.49952e-05
6368 6.368 1.50163e-05 1.49778e-05
6369 6.369 1.50208e-05 1.50041e-05
6370 6.37 1.50028e-05 1.49707e-05
6371 6.371 1.50231e-05 1.49925e-05
6372 6.372 1.50107e-05 1.50006e-05
6373 6.373 1.50134e-05 1.50076e-05
6374 6.374 1.50018e-05 1.49742e-05
6375 6.375 1.50129e-05 1.50094e-05
6376 6.376 1.50195e-05 1.50111e-05
6377 6.377 1.50276e-05 1.50317e-05
6378 6.378 1.50013e-05 1.49935e-05
6379 6.379 1.49856e-05 1.49701e-05
6380 6.38 1.49885e-05 1.49854e-05
6381 6.381 1.49833e-05 1.49809e-05
6382 6.382 1.4999e-05 1.49886e-05
6383 6.383 1.50081e-05 1.49926e-05
6384 6.384 1.49949e-05 1.49807e-05
6385 6.385 1.4991e-05 1.49755e-05
6386 6.386 1.49903e-05 1.49851e-05
6387 6.387 1.50016e-05 1.49843e-05
6388 6.388 1.49788e-05 1.49978e-05
6389 6.389 1.49929e-05 1.49722e-05
6390 6.39 1.49807e-05 1.49688e-05
6391 6.391 1.50029e-05 1.49833e-05
6392 6.392 1.50328e-05 1.5026e-05
6393 6.393 1.50239e-05 1.49833e-05
6394 6.394 1.50246e-05 1.50013e-05
6395 6.395 1.50394e-05 1.50249e-05
6396 6.396 1.50231e-05 1.50061e-05
6397 6.397 1.50246e-05 1.50076e-05
6398 6.398 1.50226e-05 1.4995e-05
6399 6.399 1.50285e-05 1.49877e-05
6400 6.4 1.50215e-05 1.49732e-05
6401 6.401 1.50225e-05 1.49874e-05
6402 6.402 1.50445e-05 1.50086e-05
6403 6.403 1.5057e-05 1.50402e-05
6404 6.404 1.5024e-05 1.49948e-05
6405 6.405 1.50283e-05 1.50039e-05
6406 6.406 1.50219e-05 1.49668e-05
6407 6.407 1.50237e-05 1.49733e-05
6408 6.408 1.50415e-05 1.49933e-05
6409 6.409 1.50242e-05 1.49779e-05
6410 6.41 1.5042e-05 1.50141e-05
6411 6.411 1.50361e-05 1.50061e-05
6412 6.412 1.50396e-05 1.50101e-05
6413 6.413 1.50442e-05 1.50322e-05
6414 6.414 1.50306e-05 1.50057e-05
6415 6.415 1.50241e-05 1.50037e-05
6416 6.416 1.50232e-05 1.49922e-05
6417 6.417 1.50291e-05 1.50173e-05
6418 6.418 1.50123e-05 1.49967e-05
6419 6.419 1.5024e-05 1.50271e-05
6420 6.42 1.5017e-05 1.49989e-05
6421 6.421 1.50243e-05 1.50102e-05
6422 6.422 1.50189e-05 1.50077e-05
6423 6.423 1.50042e-05 1.49918e-05
6424 6.424 1.50139e-05 1.49887e-05
6425 6.425 1.49912e-05 1.49858e-05
6426 6.426 1.50111e-05 1.50052e-05
6427 6.427 1.50055e-05 1.50186e-05
6428 6.428 1.50058e-05 1.49918e-05
6429 6.429 1.49907e-05 1.49905e-05
6430 6.43 1.49987e-05 1.50124e-05
6431 6.431 1.49954e-05 1.49941e-05
6432 6.432 1.50105e-05 1.50058e-05
6433 6.433 1.49929e-05 1.49921e-05
6434 6.434 1.49893e-05 1.49863e-05
6435 6.435 1.49872e-05 1.49739e-05
6436 6.436 1.49815e-05 1.49714e-05
6437 6.437 1.50018e-05 1.49991e-05
6438 6.438 1.4998e-05 1.50075e-05
6439 6.439 1.5005e-05 1.49836e-05
6440 6.44 1.50095e-05 1.50157e-05
6441 6.441 1.5022e-05 1.50085e-05
6442 6.442 1.50041e-05 1.49769e-05
6443 6.443 1.50129e-05 1.49906e-05
6444 6.444 1.50125e-05 1.49996e-05
6445 6.445 1.50292e-05 1.5005e-05
6446 6.446 1.50187e-05 1.49854e-05
6447 6.447 1.50147e-05 1.49788e-05
6448 6.448 1.50339e-05 1.50181e-05
6449 6.449 1.50349e-05 1.50038e-05
6450 6.45 1.50162e-05 1.49729e-05
6451 6.451 1.50257e-05 1.49884e-05
6452 6.452 1.50258e-05 1.4993e-05
6453 6.453 1.50396e-05 1.5e-05
6454 6.454 1.50499e-05 1.50063e-05
6455 6.455 1.50532e-05 1.50285e-05
6456 6.456 1.50551e-05 1.5005e-05
6457 6.457 1.50315e-05 1.50119e-05
6458 6.458 1.50298e-05 1.50131e-05
6459 6.459 1.50257e-05 1.49887e-05
6460 6.46 1.50161e-05 1.49963e-05
6461 6.461 1.50406e-05 1.50221e-05
6462 6.462 1.50461e-05 1.50013e-05
6463 6.463 1.50297e-05 1.49987e-05
6464 6.464 1.504e-05 1.50182e-05
6465 6.465 1.50464e-05 1.50287e-05
6466 6.466 1.50419e-05 1.50046e-05
6467 6.467 1.50301e-05 1.50019e-05
6468 6.468 1.50355e-05 1.50146e-05
6469 6.469 1.5016e-05 1.49965e-05
6470 6.47 1.50296e-05 1.50098e-05
6471 6.471 1.50296e-05 1.50221e-05
6472 6.472 1.50146e-05 1.50102e-05
6473 6.473 1.50194e-05 1.50122e-05
6474 6.474 1.5005e-05 1.5003e-05
6475 6.475 1.4993e-05 1.49856e-05
6476 6.476 1.50088e-05 1.50111e-05
6477 6.477 1.49961e-05 1.4982e-05
6478 6.478 1.50111e-05 1.50181e-05
6479 6.479 1.50012e-05 1.49899e-05
6480 6.48 1.49996e-05 1.49864e-05
6481 6.481 1.50288e-05 1.50333e-05
6482 6.482 1.50025e-05 1.4997e-05
6483 6.483 1.50125e-05 1.50233e-05
6484 6.484 1.5021e-05 1.50259e-05
6485 6.485 1.49945e-05 1.49976e-05
6486 6.486 1.50186e-05 1.50259e-05
6487 6.487 1.50084e-05 1.50046e-05
6488 6.488 1.50111e-05 1.49838e-05
6489 6.489 1.50114e-05 1.50016e-05
6490 6.49 1.50114e-05 1.49863e-05
6491 6.491 1.49985e-05 1.4972e-05
6492 6.492 1.50097e-05 1.49726e-05
6493 6.493 1.50113e-05 1.49886e-05
6494 6.494 1.50254e-05 1.50015e-05
6495 6.495 1.50205e-05 1.49974e-05
6496 6.496 1.50237e-05 1.50133e-05
6497 6.497 1.5039e-05 1.49992e-05
6498 6.498 1.50493e-05 1.50493e-05
6499 6.499 1.50417e-05 1.50363e-05
6500 6.5 1.50326e-05 1.50044e-05
6501 6.501 1.50163e-05 1.49979e-05
6502 6.502 1.50442e-05 1.50113e-05
6503 6.503 1.50256e-05 1.5008e-05
6504 6.504 1.50282e-05 1.49807e-05
6505 6.505 1.50423e-05 1.50261e-05
6506 6.506 1.5034e-05 1.50269e-05
6507 6.507 1.5058e-05 1.50241e-05
6508 6.508 1.50218e-05 1.49947e-05
6509 6.509 1.50356e-05 1.50142e-05
6510 6.51 1.5029e-05 1.49865e-05
6511 6.511 1.50113e-05 1.49829e-05
6512 6.512 1.50221e-05 1.49945e-05
6513 6.513 1.50051e-05 1.49752e-05
6514 6.514 1.50051e-05 1.49717e-05
6515 6.515 1.50264e-05 1.50044e-05
6516 6.516 1.5013e-05 1.49872e-05
6517 6.517 1.50113e-05 1.49691e-05
6518 6.518 1.50201e-05 1.50087e-05
6519 6.519 1.5009e-05 1.49875e-05
6520 6.52 1.50207e-05 1.50033e-05
6521 6.521 1.49918e-05 1.49703e-05
6522 6.522 1.50045e-05 1.49828e-05
6523 6.523 1.50119e-05 1.5004e-05
6524 6.524 1.49992e-05 1.49945e-05
6525 6.525 1.50035e-05 1.49902e-05
6526 6.526 1.50159e-05 1.50247e-05
6527 6.527 1.499e-05 1.49873e-05
6528 6.528 1.5007e-05 1.50053e-05
6529 6.529 1.49911e-05 1.49993e-05
6530 6.53 1.49991e-05 1.49924e-05
6531 6.531 1.498e-05 1.49809e-05
6532 6.532 1.50065e-05 1.50276e-05
6533 6.533 1.49923e-05 1.49971e-05
6534 6.534 1.50077e-05 1.50034e-05
6535 6.535 1.50085e-05 1.50126e-05
6536 6.536 1.50147e-05 1.5e-05
6537 6.537 1.50073e-05 1.50019e-05
6538 6.538 1.50125e-05 1.50038e-05
6539 6.539 1.50176e-05 1.50059e-05
6540 6.54 1.49858e-05 1.49588e-05
6541 6.541 1.50081e-05 1.50011e-05
6542 6.542 1.49902e-05 1.49692e-05
6543 6.543 1.5001e-05 1.49733e-05
6544 6.544 1.50002e-05 1.49906e-05
6545 6.545 1.50369e-05 1.50124e-05
6546 6.546 1.50185e-05 1.49963e-05
6547 6.547 1.50118e-05 1.49904e-05
6548 6.548 1.5019e-05 1.50075e-05
6549 6.549 1.50272e-05 1.50006e-05
6550 6.55 1.50411e-05 1.50227e-05
6551 6.551 1.50262e-05 1.50012e-05
6552 6.552 1.5059e-05 1.50453e-05
6553 6.553 1.50325e-05 1.49933e-05
6554 6.554 1.50348e-05 1.49889e-05
6555 6.555 1.50292e-05 1.50082e-05
6556 6.556 1.50365e-05 1.50024e-05
6557 6.557 1.50545e-05 1.50129e-05
6558 6.558 1.50339e-05 1.50239e-05
6559 6.559 1.50168e-05 1.50007e-05
6560 6.56 1.50177e-05 1.49813e-05
6561 6.561 1.50314e-05 1.49944e-05
6562 6.562 1.50008e-05 1.49719e-05
6563 6.563 1.50224e-05 1.49957e-05
6564 6.564 1.50168e-05 1.49994e-05
6565 6.565 1.49958e-05 1.49833e-05
6566 6.566 1.50094e-05 1.49943e-05
6567 6.567 1.50133e-05 1.49886e-05
6568 6.568 1.50333e-05 1.49935e-05
6569 6.569 1.50189e-05 1.50069e-05
6570 6.57 1.50086e-05 1.50229e-05
6571 6.571 1.50202e-05 1.50087e-05
6572 6.572 1.50287e-05 1.501e-05
6573 6.573 1.5021e-05 1.50261e-05
6574 6.574 1.50061e-05 1.50023e-05
6575 6.575 1.50045e-05 1.50088e-05
6576 6.576 1.50241e-05 1.50248e-05
6577 6.577 1.50134e-05 1.49963e-05
6578 6.578 1.50049e-05 1.50016e-05
6579 6.579 1.50216e-05 1.5021e-05
6580 6.58 1.4992e-05 1.49792e-05
6581 6.581 1.50005e-05 1.50013e-05
6582 6.582 1.50259e-05 1.50151e-05
6583 6.583 1.49951e-05 1.49896e-05
6584 6.584 1.50103e-05 1.50004e-05
6585 6.585 1.49949e-05 1.50052e-05
6586 6.586 1.50134e-05 1.50083e-05
6587 6.587 1.4979e-05 1.49745e-05
6588 6.588 1.49958e-05 1.49897e-05
6589 6.589 1.50061e-05 1.50151e-05
6590 6.59 1.49985e-05 1.49792e-05
6591 6.591 1.50236e-05 1.50184e-05
6592 6.592 1.50031e-05 1.49965e-05
6593 6.593 1.50053e-05 1.49948e-05
6594 6.594 1.50241e-05 1.50098e-05
6595 6.595 1.50218e-05 1.50007e-05
6596 6.596 1.5008e-05 1.49883e-05
6597 6.597 1.50166e-05 1.49876e-05
6598 6.598 1.50499e-05 1.50358e-05
6599 6.599 1.50163e-05 1.50082e-05
6600 6.6 1.50231e-05 1.5001e-05
6601 6.601 1.50328e-05 1.4988e-05
6602 6.602 1.50365e-05 1.50106e-05
6603 6.603 1.5032e-05 1.49982e-05
6604 6.604 1.50149e-05 1.49882e-05
6605 6.605 1.50353e-05 1.50224e-05
6606 6.606 1.50192e-05 1.50067e-05
6607 6.607 1.50308e-05 1.49987e-05
6608 6.608 1.50175e-05 1.49919e-05
6609 6.609 1.50266e-05 1.50094e-05
6610 6.61 1.50179e-05 1.49814e-05
6611 6.611 1.50021e-05 1.49831e-05
6612 6.612 1.50136e-05 1.49977e-05
6613 6.613 1.50242e-05 1.50064e-05
6614 6.614 1.50406e-05 1.50084e-05
6615 6.615 1.50201e-05 1.499e-05
6616 6.616 1.50332e-05 1.50342e-05
6617 6.617 1.50195e-05 1.49959e-05
6618 6.618 1.5013e-05 1.5007e-05
6619 6.619 1.50367e-05 1.50288e-05
6620 6.62 1.50076e-05 1.50078e-05
6621 6.621 1.50144e-05 1.4996e-05
6622 6.622 1.49845e-05 1.49549e-05
6623 6.623 1.49991e-05 1.49945e-05
6624 6.624 1.50114e-05 1.49855e-05
6625 6.625 1.50034e-05 1.49949e-05
6626 6.626 1.50297e-05 1.50287e-05
6627 6.627 1.49986e-05 1.49806e-05
6628 6.628 1.50038e-05 1.49901e-05
6629 6.629 1.49981e-05 1.49998e-05
6630 6.63 1.49927e-05 1.49786e-05
6631 6.631 1.50088e-05 1.50041e-05
6632 6.632 1.50041e-05 1.50036e-05
6633 6.633 1.50172e-05 1.50209e-05
6634 6.634 1.49963e-05 1.50166e-05
6635 6.635 1.50175e-05 1.50175e-05
6636 6.636 1.50045e-05 1.49827e-05
6637 6.637 1.5001e-05 1.4985e-05
6638 6.638 1.50173e-05 1.50176e-05
6639 6.639 1.5013e-05 1.50109e-05
6640 6.64 1.50137e-05 1.49854e-05
6641 6.641 1.49991e-05 1.49739e-05
6642 6.642 1.50068e-05 1.49961e-05
6643 6.643 1.50337e-05 1.50258e-05
6644 6.644 1.49973e-05 1.4969e-05
6645 6.645 1.50199e-05 1.50074e-05
6646 6.646 1.50237e-05 1.49975e-05
6647 6.647 1.50147e-05 1.49813e-05
6648 6.648 1.50124e-05 1.49782e-05
6649 6.649 1.50304e-05 1.49816e-05
6650 6.65 1.50062e-05 1.49881e-05
6651 6.651 1.50168e-05 1.49988e-05
6652 6.652 1.5014e-05 1.49812e-05
6653 6.653 1.50303e-05 1.50193e-05
6654 6.654 1.50122e-05 1.49652e-05
6655 6.655 1.50232e-05 1.49893e-05
6656 6.656 1.50239e-05 1.49876e-05
6657 6.657 1.50338e-05 1.50161e-05
6658 6.658 1.50241e-05 1.49988e-05
6659 6.659 1.50345e-05 1.50111e-05
6660 6.66 1.50405e-05 1.50074e-05
6661 6.661 1.50306e-05 1.50129e-05
6662 6.662 1.50315e-05 1.49867e-05
6663 6.663 1.5023e-05 1.50031e-05
6664 6.664 1.50427e-05 1.50024e-05
6665 6.665 1.50313e-05 1.50179e-05
6666 6.666 1.50182e-05 1.49785e-05
6667 6.667 1.50258e-05 1.49933e-05
6668 6.668 1.50062e-05 1.50058e-05
6669 6.669 1.50192e-05 1.50185e-05
6670 6.67 1.5011e-05 1.4992e-05
6671 6.671 1.50013e-05 1.49762e-05
6672 6.672 1.50085e-05 1.50113e-05
6673 6.673 1.50116e-05 1.50004e-05
6674 6.674 1.50135e-05 1.50099e-05
6675 6.675 1.49896e-05 1.49988e-05
6676 6.676 1.50092e-05 1.50175e-05
6677 6.677 1.50063e-05 1.49893e-05
6678 6.678 1.49977e-05 1.49959e-05
6679 6.679 1.50142e-05 1.50108e-05
6680 6.68 1.50104e-05 1.50047e-05
6681 6.681 1.50107e-05 1.50132e-05
6682 6.682 1.50012e-05 1.50044e-05
6683 6.683 1.49832e-05 1.49791e-05
6684 6.684 1.5008e-05 1.50064e-05
6685 6.685 1.5016e-05 1.50254e-05
6686 6.686 1.50083e-05 1.50154e-05
6687 6.687 1.50375e-05 1.50397e-05
6688 6.688 1.50278e-05 1.50241e-05
6689 6.689 1.50164e-05 1.50231e-05
6690 6.69 1.5041e-05 1.50291e-05
6691 6.691 1.50166e-05 1.50209e-05
6692 6.692 1.5021e-05 1.50039e-05
6693 6.693 1.50102e-05 1.49955e-05
6694 6.694 1.49929e-05 1.49928e-05
6695 6.695 1.50062e-05 1.49862e-05
6696 6.696 1.50306e-05 1.50244e-05
6697 6.697 1.50129e-05 1.50056e-05
6698 6.698 1.50197e-05 1.49899e-05
6699 6.699 1.5008e-05 1.49859e-05
6700 6.7 1.5021e-05 1.49905e-05
6701 6.701 1.50327e-05 1.50015e-05
6702 6.702 1.50282e-05 1.50087e-05
6703 6.703 1.50345e-05 1.50051e-05
6704 6.704 1.5056e-05 1.50324e-05
6705 6.705 1.50477e-05 1.50316e-05
6706 6.706 1.50139e-05 1.49904e-05
6707 6.707 1.50319e-05 1.50017e-05
6708 6.708 1.50384e-05 1.50291e-05
6709 6.709 1.50219e-05 1.50154e-05
6710 6.71 1.50263e-05 1.49958e-05
6711 6.711 1.50208e-05 1.49878e-05
6712 6.712 1.50204e-05 1.50087e-05
6713 6.713 1.5002e-05 1.49652e-05
6714 6.714 1.50123e-05 1.49896e-05
6715 6.715 1.50165e-05 1.49845e-05
6716 6.716 1.50315e-05 1.50252e-05
6717 6.717 1.50096e-05 1.49901e-05
6718 6.718 1.5025e-05 1.50033e-05
6719 6.719 1.50048e-05 1.50018e-05
6720 6.72 1.49844e-05 1.49759e-05
6721 6.721 1.50023e-05 1.49861e-05
6722 6.722 1.50043e-05 1.49744e-05
6723 6.723 1.49997e-05 1.49805e-05
6724 6.724 1.49914e-05 1.49937e-05
6725 6.725 1.49966e-05 1.49935e-05
6726 6.726 1.50079e-05 1.50012e-05
6727 6.727 1.50049e-05 1.4991e-05
6728 6.728 1.49973e-05 1.49922e-05
6729 6.729 1.50044e-05 1.49993e-05
6730 6.73 1.49864e-05 1.49854e-05
6731 6.731 1.49991e-05 1.49891e-05
6732 6.732 1.49941e-05 1.49832e-05
6733 6.733 1.50205e-05 1.50104e-05
6734 6.734 1.49966e-05 1.50002e-05
6735 6.735 1.49849e-05 1.49906e-05
6736 6.736 1.50016e-05 1.50062e-05
6737 6.737 1.50156e-05 1.50083e-05
6738 6.738 1.50375e-05 1.50356e-05
6739 6.739 1.50287e-05 1.50211e-05
6740 6.74 1.50099e-05 1.49973e-05
6741 6.741 1.50093e-05 1.49996e-05
6742 6.742 1.50203e-05 1.50206e-05
6743 6.743 1.50088e-05 1.50127e-05
6744 6.744 1.49898e-05 1.49814e-05
6745 6.745 1.50334e-05 1.50181e-05
6746 6.746 1.5024e-05 1.50052e-05
6747 6.747 1.50289e-05 1.50112e-05
6748 6.748 1.50393e-05 1.50216e-05
6749 6.749 1.50187e-05 1.50152e-05
6750 6.75 1.50357e-05 1.50073e-05
6751 6.751 1.50173e-05 1.49926e-05
6752 6.752 1.50166e-05 1.49884e-05
6753 6.753 1.50123e-05 1.50007e-05
6754 6.754 1.50382e-05 1.50305e-05
6755 6.755 1.50075e-05 1.49857e-05
6756 6.756 1.50185e-05 1.50046e-05
6757 6.757 1.50102e-05 1.49923e-05
6758 6.758 1.50204e-05 1.49916e-05
6759 6.759 1.5027e-05 1.50002e-05
6760 6.76 1.50278e-05 1.49908e-05
6761 6.761 1.50258e-05 1.50035e-05
6762 6.762 1.50165e-05 1.49987e-05
6763 6.763 1.50005e-05 1.49761e-05
6764 6.764 1.50109e-05 1.49933e-05
6765 6.765 1.50286e-05 1.50148e-05
6766 6.766 1.50363e-05 1.50363e-05
6767 6.767 1.50136e-05 1.50006e-05
6768 6.768 1.49855e-05 1.49857e-05
6769 6.769 1.50097e-05 1.50001e-05
6770 6.77 1.50036e-05 1.49951e-05
6771 6.771 1.50113e-05 1.5006e-05
6772 6.772 1.50225e-05 1.50121e-05
6773 6.773 1.50041e-05 1.49856e-05
6774 6.774 1.50098e-05 1.49973e-05
6775 6.775 1.49978e-05 1.49968e-05
6776 6.776 1.50012e-05 1.49912e-05
6777 6.777 1.50178e-05 1.50075e-05
6778 6.778 1.50191e-05 1.50239e-05
6779 6.779 1.50116e-05 1.50286e-05
6780 6.78 1.49982e-05 1.50001e-05
6781 6.781 1.50086e-05 1.50296e-05
6782 6.782 1.49999e-05 1.50178e-05
6783 6.783 1.50288e-05 1.50358e-05
6784 6.784 1.5013e-05 1.50136e-05
6785 6.785 1.50056e-05 1.501e-05
6786 6.786 1.50288e-05 1.50444e-05
6787 6.787 1.50068e-05 1.49949e-05
6788 6.788 1.50116e-05 1.50175e-05
6789 6.789 1.5019e-05 1.50183e-05
6790 6.79 1.5019e-05 1.50237e-05
6791 6.791 1.50148e-05 1.50237e-05
6792 6.792 1.50237e-05 1.50002e-05
6793 6.793 1.50271e-05 1.50349e-05
6794 6.794 1.49928e-05 1.49787e-05
6795 6.795 1.50025e-05 1.49776e-05
6796 6.796 1.50029e-05 1.49927e-05
6797 6.797 1.50191e-05 1.49892e-05
6798 6.798 1.50155e-05 1.50081e-05
6799 6.799 1.50165e-05 1.50009e-05
6800 6.8 1.50248e-05 1.5014e-05
6801 6.801 1.50328e-05 1.5019e-05
6802 6.802 1.50159e-05 1.49934e-05
6803 6.803 1.50058e-05 1.50008e-05
6804 6.804 1.50122e-05 1.49681e-05
6805 6.805 1.50306e-05 1.50085e-05
6806 6.806 1.50263e-05 1.49819e-05
6807 6.807 1.50219e-05 1.4993e-05
6808 6.808 1.50063e-05 1.49733e-05
6809 6.809 1.50334e-05 1.50152e-05
6810 6.81 1.50133e-05 1.50065e-05
6811 6.811 1.50211e-05 1.4998e-05
6812 6.812 1.50163e-05 1.50172e-05
6813 6.813 1.50261e-05 1.49932e-05
6814 6.814 1.50279e-05 1.50081e-05
6815 6.815 1.50207e-05 1.50104e-05
6816 6.816 1.50118e-05 1.50039e-05
6817 6.817 1.50299e-05 1.50044e-05
6818 6.818 1.50011e-05 1.49911e-05
6819 6.819 1.49822e-05 1.49607e-05
6820 6.82 1.50082e-05 1.49958e-05
6821 6.821 1.50058e-05 1.49819e-05
6822 6.822 1.5021e-05 1.50138e-05
6823 6.823 1.49922e-05 1.49931e-05
6824 6.824 1.50059e-05 1.50164e-05
6825 6.825 1.50067e-05 1.49985e-05
6826 6.826 1.50204e-05 1.50194e-05
6827 6.827 1.49966e-05 1.49888e-05
6828 6.828 1.50055e-05 1.50216e-05
6829 6.829 1.50103e-05 1.50306e-05
6830 6.83 1.49851e-05 1.49787e-05
6831 6.831 1.50022e-05 1.50171e-05
6832 6.832 1.50022e-05 1.49916e-05
6833 6.833 1.50074e-05 1.50119e-05
6834 6.834 1.4972e-05 1.49859e-05
6835 6.835 1.49958e-05 1.49872e-05
6836 6.836 1.50105e-05 1.49974e-05
6837 6.837 1.49933e-05 1.4996e-05
6838 6.838 1.49949e-05 1.4988e-05
6839 6.839 1.49914e-05 1.4977e-05
6840 6.84 1.5018e-05 1.50055e-05
6841 6.841 1.50087e-05 1.50012e-05
6842 6.842 1.49906e-05 1.49898e-05
6843 6.843 1.49876e-05 1.49698e-05
6844 6.844 1.5007e-05 1.50046e-05
6845 6.845 1.49978e-05 1.49697e-05
6846 6.846 1.50044e-05 1.49821e-05
6847 6.847 1.5011e-05 1.49842e-05
6848 6.848 1.50141e-05 1.50134e-05
6849 6.849 1.4995e-05 1.49583e-05
6850 6.85 1.49906e-05 1.49656e-05
6851 6.851 1.50369e-05 1.50278e-05
6852 6.852 1.5032e-05 1.49993e-05
6853 6.853 1.50257e-05 1.50175e-05
6854 6.854 1.50016e-05 1.49734e-05
6855 6.855 1.5005e-05 1.4976e-05
6856 6.856 1.50123e-05 1.49983e-05
6857 6.857 1.50211e-05 1.50223e-05
6858 6.858 1.50137e-05 1.49879e-05
6859 6.859 1.50408e-05 1.50044e-05
6860 6.86 1.50415e-05 1.50165e-05
6861 6.861 1.50174e-05 1.50066e-05
6862 6.862 1.50171e-05 1.50017e-05
6863 6.863 1.50088e-05 1.49792e-05
6864 6.864 1.50027e-05 1.49684e-05
6865 6.865 1.50038e-05 1.4965e-05
6866 6.866 1.50359e-05 1.5014e-05
6867 6.867 1.50179e-05 1.50046e-05
6868 6.868 1.50256e-05 1.50189e-05
6869 6.869 1.50301e-05 1.50275e-05
6870 6.87 1.50308e-05 1.50282e-05
6871 6.871 1.50274e-05 1.50039e-05
6872 6.872 1.50179e-05 1.50025e-05
6873 6.873 1.49828e-05 1.49658e-05
6874 6.874 1.50214e-05 1.50047e-05
6875 6.875 1.50064e-05 1.49855e-05
6876 6.876 1.50165e-05 1.50129e-05
6877 6.877 1.50164e-05 1.49966e-05
6878 6.878 1.50148e-05 1.50024e-05
6879 6.879 1.5008e-05 1.49982e-05
6880 6.88 1.50295e-05 1.50516e-05
6881 6.881 1.50107e-05 1.50133e-05
6882 6.882 1.50241e-05 1.50315e-05
6883 6.883 1.49699e-05 1.49721e-05
6884 6.884 1.50137e-05 1.50284e-05
6885 6.885 1.50142e-05 1.49886e-05
6886 6.886 1.49939e-05 1.4985e-05
6887 6.887 1.50191e-05 1.50065e-05
6888 6.888 1.5023e-05 1.50257e-05
6889 6.889 1.50431e-05 1.50473e-05
6890 6.89 1.50005e-05 1.50145e-05
6891 6.891 1.50344e-05 1.50439e-05
6892 6.892 1.50209e-05 1.50228e-05
6893 6.893 1.50108e-05 1.49884e-05
6894 6.894 1.50281e-05 1.50116e-05
6895 6.895 1.50187e-05 1.50029e-05
6896 6.896 1.50212e-05 1.5018e-05
6897 6.897 1.50334e-05 1.49941e-05
6898 6.898 1.50204e-05 1.50153e-05
6899 6.899 1.50411e-05 1.50239e-05
6900 6.9 1.5004e-05 1.497e-05
6901 6.901 1.50198e-05 1.49953e-05
6902 6.902 1.50274e-05 1.4998e-05
6903 6.903 1.50163e-05 1.5015e-05
6904 6.904 1.50177e-05 1.49945e-05
6905 6.905 1.50157e-05 1.50071e-05
6906 6.906 1.50329e-05 1.50363e-05
6907 6.907 1.50183e-05 1.49838e-05
6908 6.908 1.50106e-05 1.50121e-05
6909 6.909 1.50044e-05 1.49785e-05
6910 6.91 1.50199e-05 1.49864e-05
6911 6.911 1.50251e-05 1.50097e-05
6912 6.912 1.50252e-05 1.50193e-05
6913 6.913 1.50034e-05 1.49636e-05
6914 6.914 1.50402e-05 1.50278e-05
6915 6.915 1.5021e-05 1.49918e-05
6916 6.916 1.50221e-05 1.50086e-05
6917 6.917 1.50278e-05 1.50142e-05
6918 6.918 1.50077e-05 1.49751e-05
6919 6.919 1.49923e-05 1.49903e-05
6920 6.92 1.49959e-05 1.49982e-05
6921 6.921 1.49946e-05 1.49946e-05
6922 6.922 1.50031e-05 1.50127e-05
6923 6.923 1.50157e-05 1.49969e-05
6924 6.924 1.50084e-05 1.50021e-05
6925 6.925 1.50107e-05 1.50095e-05
6926 6.926 1.49987e-05 1.50005e-05
6927 6.927 1.5009e-05 1.50114e-05
6928 6.928 1.4998e-05 1.50077e-05
6929 6.929 1.50047e-05 1.49852e-05
6930 6.93 1.50172e-05 1.50178e-05
6931 6.931 1.49979e-05 1.49935e-05
6932 6.932 1.50218e-05 1.50081e-05
6933 6.933 1.49941e-05 1.49918e-05
6934 6.934 1.50062e-05 1.50165e-05
6935 6.935 1.50062e-05 1.50031e-05
6936 6.936 1.50108e-05 1.50153e-05
6937 6.937 1.49755e-05 1.49666e-05
6938 6.938 1.50173e-05 1.50226e-05
6939 6.939 1.49797e-05 1.49679e-05
6940 6.94 1.49903e-05 1.49884e-05
6941 6.941 1.50031e-05 1.4988e-05
6942 6.942 1.49968e-05 1.49903e-05
6943 6.943 1.50016e-05 1.49768e-05
6944 6.944 1.49978e-05 1.49763e-05
6945 6.945 1.49912e-05 1.49655e-05
6946 6.946 1.49967e-05 1.49742e-05
6947 6.947 1.4993e-05 1.4971e-05
6948 6.948 1.49944e-05 1.49747e-05
6949 6.949 1.50049e-05 1.49876e-05
6950 6.95 1.50018e-05 1.49972e-05
6951 6.951 1.50251e-05 1.50154e-05
6952 6.952 1.50147e-05 1.49988e-05
6953 6.953 1.50304e-05 1.50222e-05
6954 6.954 1.50256e-05 1.50105e-05
6955 6.955 1.50421e-05 1.50218e-05
6956 6.956 1.50247e-05 1.4992e-05
6957 6.957 1.50352e-05 1.50181e-05
6958 6.958 1.50096e-05 1.49924e-05
6959 6.959 1.50133e-05 1.4978e-05
6960 6.96 1.50074e-05 1.49887e-05
6961 6.961 1.50173e-05 1.50009e-05
6962 6.962 1.49986e-05 1.49821e-05
6963 6.963 1.49945e-05 1.49739e-05
6964 6.964 1.49995e-05 1.49874e-05
6965 6.965 1.49768e-05 1.49758e-05
6966 6.966 1.50241e-05 1.50091e-05
6967 6.967 1.50269e-05 1.50321e-05
6968 6.968 1.50158e-05 1.50032e-05
6969 6.969 1.50005e-05 1.4979e-05
6970 6.97 1.50293e-05 1.50116e-05
6971 6.971 1.50135e-05 1.501e-05
6972 6.972 1.5011e-05 1.50032e-05
6973 6.973 1.5008e-05 1.49962e-05
6974 6.974 1.50114e-05 1.50178e-05
6975 6.975 1.49997e-05 1.49834e-05
6976 6.976 1.49831e-05 1.49838e-05
6977 6.977 1.50183e-05 1.50143e-05
6978 6.978 1.50088e-05 1.49893e-05
6979 6.979 1.50097e-05 1.50067e-05
6980 6.98 1.50088e-05 1.50128e-05
6981 6.981 1.49955e-05 1.49877e-05
6982 6.982 1.50067e-05 1.50034e-05
6983 6.983 1.49852e-05 1.49776e-05
6984 6.984 1.50114e-05 1.50074e-05
6985 6.985 1.49953e-05 1.49937e-05
6986 6.986 1.49882e-05 1.497e-05
6987 6.987 1.49993e-05 1.50072e-05
6988 6.988 1.50038e-05 1.49977e-05
6989 6.989 1.50256e-05 1.50025e-05
6990 6.99 1.50101e-05 1.49911e-05
6991 6.991 1.50125e-05 1.50205e-05
6992 6.992 1.50048e-05 1.49963e-05
6993 6.993 1.50102e-05 1.50013e-05
6994 6.994 1.50169e-05 1.50106e-05
6995 6.995 1.49908e-05 1.49891e-05
6996 6.996 1.50181e-05 1.50036e-05
6997 6.997 1.50182e-05 1.4995e-05
6998 6.998 1.50344e-05 1.50222e-05
6999 6.999 1.50053e-05 1.49835e-05
7000 7 1.50133e-05 1.4976e-05
7001 7.001 1.50065e-05 1.49871e-05
7002 7.002 1.50099e-05 1.49962e-05
7003 7.003 1.50237e-05 1.49953e-05
7004 7.004 1.50196e-05 1.4994e-05
7005 7.005 1.50111e-05 1.49838e-05
7006 7.006 1.50126e-05 1.49925e-05
7007 7.007 1.5027e-05 1.50261e-05
7008 7.008 1.50221e-05 1.49864e-05
7009 7.009 1.50108e-05 1.499e-05
7010 7.01 1.50211e-05 1.50096e-05
7011 7.011 1.50072e-05 1.49805e-05
7012 7.012 1.50208e-05 1.49981e-05
7013 7.013 1.49899e-05 1.49694e-05
7014 7.014 1.50194e-05 1.503e-05
7015 7.015 1.50119e-05 1.49915e-05
7016 7.016 1.50375e-05 1.50182e-05
7017 7.017 1.50273e-05 1.50001e-05
7018 7.018 1.49815e-05 1.49782e-05
7019 7.019 1.49995e-05 1.49893e-05
7020 7.02 1.50161e-05 1.5003e-05
7021 7.021 1.50241e-05 1.50081e-05
7022 7.022 1.50192e-05 1.50046e-05
7023 7.023 1.50208e-05 1.50086e-05
7024 7.024 1.50275e-05 1.502e-05
7025 7.025 1.50016e-05 1.49939e-05
7026 7.026 1.50118e-05 1.50052e-05
7027 7.027 1.50371e-05 1.50268e-05
7028 7.028 1.50307e-05 1.50374e-05
7029 7.029 1.50469e-05 1.50489e-05
7030 7.03 1.50004e-05 1.49863e-05
7031 7.031 1.50133e-05 1.4994e-05
7032 7.032 1.50279e-05 1.5005e-05
7033 7.033 1.50058e-05 1.49851e-05
7034 7.034 1.50133e-05 1.49922e-05
7035 7.035 1.50013e-05 1.50153e-05
7036 7.036 1.49863e-05 1.49879e-05
7037 7.037 1.50012e-05 1.49875e-05
7038 7.038 1.50216e-05 1.50255e-05
7039 7.039 1.50316e-05 1.50226e-05
7040 7.04 1.50103e-05 1.49907e-05
7041 7.041 1.50338e-05 1.50338e-05
7042 7.042 1.50014e-05 1.49981e-05
7043 7.043 1.50091e-05 1.49965e-05
7044 7.044 1.5012e-05 1.50072e-05
7045 7.045 1.50099e-05 1.49691e-05
7046 7.046 1.50167e-05 1.49921e-05
7047 7.047 1.50177e-05 1.49995e-05
7048 7.048 1.49911e-05 1.49539e-05
7049 7.049 1.50132e-05 1.49923e-05
7050 7.05 1.50057e-05 1.50038e-05
7051 7.051 1.50194e-05 1.4993e-05
7052 7.052 1.50366e-05 1.50237e-05
7053 7.053 1.50265e-05 1.50105e-05
7054 7.054 1.50322e-05 1.50263e-05
7055 7.055 1.50122e-05 1.50022e-05
7056 7.056 1.50119e-05 1.50022e-05
7057 7.057 1.50373e-05 1.50179e-05
7058 7.058 1.50264e-05 1.49961e-05
7059 7.059 1.49996e-05 1.5e-05
7060 7.06 1.50231e-05 1.5015e-05
7061 7.061 1.50364e-05 1.5019e-05
7062 7.062 1.50077e-05 1.50183e-05
7063 7.063 1.50291e-05 1.50168e-05
7064 7.064 1.50039e-05 1.49991e-05
7065 7.065 1.50235e-05 1.50176e-05
7066 7.066 1.502e-05 1.50276e-05
7067 7.067 1.50219e-05 1.50214e-05
7068 7.068 1.50076e-05 1.49897e-05
7069 7.069 1.50236e-05 1.50105e-05
7070 7.07 1.50107e-05 1.50168e-05
7071 7.071 1.50066e-05 1.4984e-05
7072 7.072 1.50194e-05 1.50159e-05
7073 7.073 1.50065e-05 1.50001e-05
7074 7.074 1.50261e-05 1.50195e-05
7075 7.075 1.50303e-05 1.50278e-05
7076 7.076 1.50187e-05 1.50174e-05
7077 7.077 1.50068e-05 1.50109e-05
7078 7.078 1.50031e-05 1.49986e-05
7079 7.079 1.49971e-05 1.49895e-05
7080 7.08 1.49936e-05 1.4996e-05
7081 7.081 1.49948e-05 1.49913e-05
7082 7.082 1.50151e-05 1.50196e-05
7083 7.083 1.49939e-05 1.49972e-05
7084 7.084 1.50102e-05 1.49952e-05
7085 7.085 1.49918e-05 1.49799e-05
7086 7.086 1.49828e-05 1.49627e-05
7087 7.087 1.50026e-05 1.49868e-05
7088 7.088 1.49969e-05 1.49655e-05
7089 7.089 1.50028e-05 1.49991e-05
7090 7.09 1.49928e-05 1.49737e-05
7091 7.091 1.49995e-05 1.4972e-05
7092 7.092 1.50123e-05 1.49935e-05
7093 7.093 1.49951e-05 1.49953e-05
7094 7.094 1.50156e-05 1.50126e-05
7095 7.095 1.49987e-05 1.49698e-05
7096 7.096 1.50105e-05 1.49945e-05
7097 7.097 1.49987e-05 1.50028e-05
7098 7.098 1.50105e-05 1.50002e-05
7099 7.099 1.50243e-05 1.50261e-05
7100 7.1 1.50091e-05 1.49817e-05
7101 7.101 1.50138e-05 1.49896e-05
7102 7.102 1.49932e-05 1.49721e-05
7103 7.103 1.49918e-05 1.49634e-05
7104 7.104 1.50158e-05 1.49791e-05
7105 7.105 1.50234e-05 1.49875e-05
7106 7.106 1.49999e-05 1.49875e-05
7107 7.107 1.49901e-05 1.49798e-05
7108 7.108 1.50001e-05 1.49746e-05
7109 7.109 1.50144e-05 1.49978e-05
7110 7.11 1.50115e-05 1.49966e-05
7111 7.111 1.50113e-05 1.49978e-05
7112 7.112 1.50101e-05 1.5003e-05
7113 7.113 1.50178e-05 1.50258e-05
7114 7.114 1.50056e-05 1.49941e-05
7115 7.115 1.5033e-05 1.50252e-05
7116 7.116 1.50165e-05 1.50087e-05
7117 7.117 1.50182e-05 1.50092e-05
7118 7.118 1.50154e-05 1.5007e-05
7119 7.119 1.50171e-05 1.50211e-05
7120 7.12 1.50188e-05 1.49987e-05
7121 7.121 1.50185e-05 1.50371e-05
7122 7.122 1.50114e-05 1.50117e-05
7123 7.123 1.50402e-05 1.50359e-05
7124 7.124 1.50164e-05 1.50016e-05
7125 7.125 1.49859e-05 1.49882e-05
7126 7.126 1.50135e-05 1.50086e-05
7127 7.127 1.50224e-05 1.50268e-05
7128 7.128 1.50206e-05 1.50139e-05
7129 7.129 1.5e-05 1.50182e-05
7130 7.13 1.5011e-05 1.50195e-05
7131 7.131 1.50232e-05 1.50328e-05
7132 7.132 1.50068e-05 1.50081e-05
7133 7.133 1.50017e-05 1.50008e-05
7134 7.134 1.50164e-05 1.50177e-05
7135 7.135 1.50122e-05 1.50105e-05
7136 7.136 1.50002e-05 1.49961e-05
7137 7.137 1.49962e-05 1.49824e-05
7138 7.138 1.50185e-05 1.50323e-05
7139 7.139 1.50147e-05 1.50163e-05
7140 7.14 1.50196e-05 1.50137e-05
7141 7.141 1.49966e-05 1.49867e-05
7142 7.142 1.50173e-05 1.4993e-05
7143 7.143 1.50107e-05 1.50098e-05
7144 7.144 1.50008e-05 1.49904e-05
7145 7.145 1.50031e-05 1.49753e-05
7146 7.146 1.50092e-05 1.49895e-05
7147 7.147 1.50192e-05 1.50173e-05
7148 7.148 1.50151e-05 1.50125e-05
7149 7.149 1.5015e-05 1.50027e-05
7150 7.15 1.50133e-05 1.4983e-05
7151 7.151 1.49942e-05 1.49795e-05
7152 7.152 1.50163e-05 1.50059e-05
7153 7.153 1.50125e-05 1.49812e-05
7154 7.154 1.50042e-05 1.49965e-05
7155 7.155 1.50192e-05 1.50076e-05
7156 7.156 1.50205e-05 1.49893e-05
7157 7.157 1.49938e-05 1.49808e-05
7158 7.158 1.5011e-05 1.50058e-05
7159 7.159 1.50158e-05 1.49914e-05
7160 7.16 1.5018e-05 1.50109e-05
7161 7.161 1.50046e-05 1.49887e-05
7162 7.162 1.50256e-05 1.50064e-05
7163 7.163 1.50047e-05 1.49992e-05
7164 7.164 1.50047e-05 1.49991e-05
7165 7.165 1.50163e-05 1.50192e-05
7166 7.166 1.49941e-05 1.49914e-05
7167 7.167 1.50079e-05 1.49948e-05
7168 7.168 1.4974e-05 1.49695e-05
7169 7.169 1.50023e-05 1.49968e-05
7170 7.17 1.50081e-05 1.50013e-05
7171 7.171 1.49974e-05 1.49829e-05
7172 7.172 1.49847e-05 1.49808e-05
7173 7.173 1.50007e-05 1.50022e-05
7174 7.174 1.49908e-05 1.49852e-05
7175 7.175 1.50265e-05 1.50276e-05
7176 7.176 1.49934e-05 1.49848e-05
7177 7.177 1.49939e-05 1.49879e-05
7178 7.178 1.49975e-05 1.49972e-05
7179 7.179 1.50132e-05 1.49965e-05
7180 7.18 1.50091e-05 1.5014e-05
7181 7.181 1.49954e-05 1.49934e-05
7182 7.182 1.50307e-05 1.50128e-05
7183 7.183 1.49966e-05 1.49847e-05
7184 7.184 1.50025e-05 1.49993e-05
7185 7.185 1.50037e-05 1.49891e-05
7186 7.186 1.49893e-05 1.49947e-05
7187 7.187 1.50013e-05 1.50194e-05
7188 7.188 1.49955e-05 1.50005e-05
7189 7.189 1.49939e-05 1.49827e-05
7190 7.19 1.50098e-05 1.50113e-05
7191 7.191 1.50077e-05 1.50024e-05
7192 7.192 1.50063e-05 1.49985e-05
7193 7.193 1.50191e-05 1.49974e-05
7194 7.194 1.50144e-05 1.49795e-05
7195 7.195 1.49961e-05 1.49883e-05
7196 7.196 1.50145e-05 1.50251e-05
7197 7.197 1.50056e-05 1.50158e-05
7198 7.198 1.50062e-05 1.49963e-05
7199 7.199 1.50104e-05 1.49841e-05
7200 7.2 1.50189e-05 1.50243e-05
7201 7.201 1.5006e-05 1.49958e-05
7202 7.202 1.50232e-05 1.50305e-05
7203 7.203 1.49993e-05 1.499e-05
7204 7.204 1.50419e-05 1.50199e-05
7205 7.205 1.502e-05 1.50042e-05
7206 7.206 1.49943e-05 1.49774e-05
7207 7.207 1.50233e-05 1.49936e-05
7208 7.208 1.5016e-05 1.50002e-05
7209 7.209 1.50044e-05 1.49602e-05
7210 7.21 1.50022e-05 1.49816e-05
7211 7.211 1.50274e-05 1.50011e-05
7212 7.212 1.50403e-05 1.50486e-05
7213 7.213 1.49926e-05 1.49844e-05
7214 7.214 1.50138e-05 1.49944e-05
7215 7.215 1.50031e-05 1.49738e-05
7216 7.216 1.49853e-05 1.49639e-05
7217 7.217 1.50027e-05 1.49719e-05
7218 7.218 1.50081e-05 1.5006e-05
7219 7.219 1.49972e-05 1.49877e-05
7220 7.22 1.50033e-05 1.49832e-05
7221 7.221 1.50153e-05 1.50087e-05
7222 7.222 1.50177e-05 1.50136e-05
7223 7.223 1.49988e-05 1.50052e-05
7224 7.224 1.50158e-05 1.50133e-05
7225 7.225 1.49898e-05 1.49923e-05
7226 7.226 1.49865e-05 1.49812e-05
7227 7.227 1.5009e-05 1.50057e-05
7228 7.228 1.49883e-05 1.49838e-05
7229 7.229 1.4984e-05 1.49724e-05
7230 7.23 1.50017e-05 1.49948e-05
7231 7.231 1.50065e-05 1.50132e-05
7232 7.232 1.50039e-05 1.50034e-05
7233 7.233 1.50033e-05 1.50046e-05
7234 7.234 1.50091e-05 1.50117e-05
7235 7.235 1.50124e-05 1.50081e-05
7236 7.236 1.50103e-05 1.50184e-05
7237 7.237 1.49994e-05 1.50063e-05
7238 7.238 1.50115e-05 1.50042e-05
7239 7.239 1.4994e-05 1.49775e-05
7240 7.24 1.50276e-05 1.50165e-05
7241 7.241 1.50167e-05 1.50262e-05
7242 7.242 1.50001e-05 1.50044e-05
7243 7.243 1.5009e-05 1.50085e-05
7244 7.244 1.49999e-05 1.49893e-05
7245 7.245 1.50148e-05 1.50241e-05
7246 7.246 1.50181e-05 1.49932e-05
7247 7.247 1.50175e-05 1.50022e-05
7248 7.248 1.49981e-05 1.49821e-05
7249 7.249 1.5025e-05 1.50131e-05
7250 7.25 1.50164e-05 1.50002e-05
7251 7.251 1.49968e-05 1.49786e-05
7252 7.252 1.50086e-05 1.49913e-05
7253 7.253 1.50176e-05 1.50137e-05
7254 7.254 1.50148e-05 1.49918e-05
7255 7.255 1.50308e-05 1.50217e-05
7256 7.256 1.50113e-05 1.4995e-05
7257 7.257 1.50151e-05 1.50142e-05
7258 7.258 1.50203e-05 1.50081e-05
7259 7.259 1.50251e-05 1.50132e-05
7260 7.26 1.50102e-05 1.49884e-05
7261 7.261 1.501e-05 1.50006e-05
7262 7.262 1.50102e-05 1.50051e-05
7263 7.263 1.49957e-05 1.49639e-05
7264 7.264 1.501e-05 1.50023e-05
7265 7.265 1.49982e-05 1.50028e-05
7266 7.266 1.50201e-05 1.50255e-05
7267 7.267 1.5006e-05 1.4982e-05
7268 7.268 1.5001e-05 1.49954e-05
7269 7.269 1.50185e-05 1.50365e-05
7270 7.27 1.49968e-05 1.50099e-05
7271 7.271 1.5003e-05 1.50183e-05
7272 7.272 1.50062e-05 1.50152e-05
7273 7.273 1.50089e-05 1.50039e-05
7274 7.274 1.50025e-05 1.49956e-05
7275 7.275 1.50103e-05 1.50061e-05
7276 7.276 1.49908e-05 1.50003e-05
7277 7.277 1.5e-05 1.49948e-05
7278 7.278 1.50072e-05 1.50109e-05
7279 7.279 1.49934e-05 1.50063e-05
7280 7.28 1.50084e-05 1.50197e-05
7281 7.281 1.50111e-05 1.5008e-05
7282 7.282 1.5004e-05 1.50201e-05
7283 7.283 1.5009e-05 1.50135e-05
7284 7.284 1.50072e-05 1.50045e-05
7285 7.285 1.50053e-05 1.50069e-05
7286 7.286 1.50242e-05 1.50149e-05
7287 7.287 1.50032e-05 1.49943e-05
7288 7.288 1.49897e-05 1.49776e-05
7289 7.289 1.50061e-05 1.5015e-05
7290 7.29 1.49959e-05 1.49805e-05
7291 7.291 1.49932e-05 1.4996e-05
7292 7.292 1.49976e-05 1.49928e-05
7293 7.293 1.49859e-05 1.49575e-05
7294 7.294 1.49904e-05 1.49768e-05
7295 7.295 1.50092e-05 1.49953e-05
7296 7.296 1.50136e-05 1.50074e-05
7297 7.297 1.49956e-05 1.5e-05
7298 7.298 1.50028e-05 1.49717e-05
7299 7.299 1.50187e-05 1.4997e-05
7300 7.3 1.50061e-05 1.50061e-05
7301 7.301 1.50029e-05 1.49855e-05
7302 7.302 1.50325e-05 1.5004e-05
7303 7.303 1.50235e-05 1.50115e-05
7304 7.304 1.50042e-05 1.49962e-05
7305 7.305 1.50093e-05 1.49872e-05
7306 7.306 1.5025e-05 1.50189e-05
7307 7.307 1.50137e-05 1.50265e-05
7308 7.308 1.49931e-05 1.49867e-05
7309 7.309 1.50016e-05 1.49716e-05
7310 7.31 1.50085e-05 1.50059e-05
7311 7.311 1.50063e-05 1.4996e-05
7312 7.312 1.50342e-05 1.5019e-05
7313 7.313 1.50218e-05 1.50234e-05
7314 7.314 1.50115e-05 1.50013e-05
7315 7.315 1.50035e-05 1.49855e-05
7316 7.316 1.49868e-05 1.49717e-05
7317 7.317 1.50192e-05 1.50123e-05
7318 7.318 1.50193e-05 1.50133e-05
7319 7.319 1.50108e-05 1.49881e-05
7320 7.32 1.49953e-05 1.49864e-05
7321 7.321 1.49771e-05 1.49719e-05
7322 7.322 1.50027e-05 1.4989e-05
7323 7.323 1.49955e-05 1.49757e-05
7324 7.324 1.5004e-05 1.50145e-05
7325 7.325 1.50106e-05 1.50196e-05
7326 7.326 1.49856e-05 1.49922e-05
7327 7.327 1.50027e-05 1.50002e-05
7328 7.328 1.49748e-05 1.49672e-05
7329 7.329 1.49934e-05 1.49958e-05
7330 7.33 1.50076e-05 1.50049e-05
7331 7.331 1.4981e-05 1.497e-05
7332 7.332 1.50038e-05 1.50056e-05
7333 7.333 1.50021e-05 1.49996e-05
7334 7.334 1.50047e-05 1.50062e-05
7335 7.335 1.4988e-05 1.50068e-05
7336 7.336 1.50103e-05 1.50126e-05
7337 7.337 1.49934e-05 1.5017e-05
7338 7.338 1.49722e-05 1.4981e-05
7339 7.339 1.50145e-05 1.50131e-05
7340 7.34 1.50159e-05 1.5016e-05
7341 7.341 1.49759e-05 1.49661e-05
7342 7.342 1.50003e-05 1.49843e-05
7343 7.343 1.50078e-05 1.49928e-05
7344 7.344 1.50214e-05 1.50285e-05
7345 7.345 1.50065e-05 1.50045e-05
7346 7.346 1.499e-05 1.49909e-05
7347 7.347 1.50261e-05 1.50136e-05
7348 7.348 1.49967e-05 1.49878e-05
7349 7.349 1.50233e-05 1.50091e-05
7350 7.35 1.49948e-05 1.49805e-05
7351 7.351 1.50233e-05 1.5009e-05
7352 7.352 1.5016e-05 1.50076e-05
7353 7.353 1.50386e-05 1.50073e-05
7354 7.354 1.50135e-05 1.49918e-05
7355 7.355 1.5015e-05 1.49958e-05
7356 7.356 1.50241e-05 1.50144e-05
7357 7.357 1.50081e-05 1.4995e-05
7358 7.358 1.5028e-05 1.50141e-05
7359 7.359 1.49951e-05 1.49725e-05
7360 7.36 1.50164e-05 1.49971e-05
7361 7.361 1.50103e-05 1.50029e-05
7362 7.362 1.50078e-05 1.50025e-05
7363 7.363 1.49988e-05 1.49833e-05
7364 7.364 1.50109e-05 1.50081e-05
7365 7.365 1.49868e-05 1.49783e-05
7366 7.366 1.4999e-05 1.50133e-05
7367 7.367 1.49913e-05 1.49988e-05
7368 7.368 1.49827e-05 1.49791e-05
7369 7.369 1.50058e-05 1.50035e-05
7370 7.37 1.50173e-05 1.50095e-05
7371 7.371 1.49865e-05 1.49604e-05
7372 7.372 1.50037e-05 1.50084e-05
7373 7.373 1.4992e-05 1.49931e-05
7374 7.374 1.49935e-05 1.49923e-05
7375 7.375 1.49958e-05 1.49936e-05
7376 7.376 1.50088e-05 1.49997e-05
7377 7.377 1.49915e-05 1.49628e-05
7378 7.378 1.50127e-05 1.50024e-05
7379 7.379 1.49952e-05 1.49997e-05
7380 7.38 1.50026e-05 1.49865e-05
7381 7.381 1.5009e-05 1.50078e-05
7382 7.382 1.49826e-05 1.49815e-05
7383 7.383 1.50085e-05 1.49949e-05
7384 7.384 1.50015e-05 1.49877e-05
7385 7.385 1.49927e-05 1.49991e-05
7386 7.386 1.50021e-05 1.49839e-05
7387 7.387 1.49895e-05 1.49811e-05
7388 7.388 1.49947e-05 1.49651e-05
7389 7.389 1.5005e-05 1.49923e-05
7390 7.39 1.50009e-05 1.49895e-05
7391 7.391 1.50042e-05 1.50073e-05
7392 7.392 1.49954e-05 1.49885e-05
7393 7.393 1.49952e-05 1.50044e-05
7394 7.394 1.49932e-05 1.49938e-05
7395 7.395 1.50095e-05 1.4998e-05
7396 7.396 1.50126e-05 1.50253e-05
7397 7.397 1.50085e-05 1.50173e-05
7398 7.398 1.50149e-05 1.49884e-05
7399 7.399 1.50182e-05 1.50129e-05
7400 7.4 1.50278e-05 1.50302e-05
7401 7.401 1.50187e-05 1.50017e-05
7402 7.402 1.50032e-05 1.49745e-05
7403 7.403 1.50091e-05 1.50043e-05
7404 7.404 1.5009e-05 1.49881e-05
7405 7.405 1.50122e-05 1.49861e-05
7406 7.406 1.50187e-05 1.50013e-05
7407 7.407 1.50037e-05 1.49912e-05
7408 7.408 1.50207e-05 1.50042e-05
7409 7.409 1.50104e-05 1.49853e-05
7410 7.41 1.50071e-05 1.49783e-05
7411 7.411 1.50019e-05 1.49783e-05
7412 7.412 1.50069e-05 1.4994e-05
7413 7.413 1.50063e-05 1.49921e-05
7414 7.414 1.50214e-05 1.50053e-05
7415 7.415 1.50065e-05 1.4988e-05
7416 7.416 1.49954e-05 1.49928e-05
7417 7.417 1.50159e-05 1.49937e-05
7418 7.418 1.49905e-05 1.49752e-05
7419 7.419 1.50183e-05 1.5024e-05
7420 7.42 1.50013e-05 1.49948e-05
7421 7.421 1.50128e-05 1.50272e-05
7422 7.422 1.50094e-05 1.50015e-05
7423 7.423 1.50175e-05 1.50132e-05
7424 7.424 1.4995e-05 1.49997e-05
7425 7.425 1.50111e-05 1.50053e-05
7426 7.426 1.49902e-05 1.4974e-05
7427 7.427 1.50143e-05 1.49978e-05
7428 7.428 1.5021e-05 1.50113e-05
7429 7.429 1.49971e-05 1.50065e-05
7430 7.43 1.49962e-05 1.49886e-05
7431 7.431 1.49895e-05 1.50021e-05
7432 7.432 1.50088e-05 1.501e-05
7433 7.433 1.50199e-05 1.5018e-05
7434 7.434 1.50084e-05 1.49952e-05
7435 7.435 1.49865e-05 1.49932e-05
7436 7.436 1.49906e-05 1.4979e-05
7437 7.437 1.50114e-05 1.50012e-05
7438 7.438 1.50122e-05 1.50168e-05
7439 7.439 1.49989e-05 1.49898e-05
7440 7.44 1.4997e-05 1.49876e-05
7441 7.441 1.50015e-05 1.49836e-05
7442 7.442 1.50106e-05 1.50106e-05
7443 7.443 1.50072e-05 1.50032e-05
7444 7.444 1.50081e-05 1.49732e-05
7445 7.445 1.50079e-05 1.50027e-05
7446 7.446 1.50002e-05 1.49843e-05
7447 7.447 1.5014e-05 1.50087e-05
7448 7.448 1.50317e-05 1.50239e-05
7449 7.449 1.50081e-05 1.49993e-05
7450 7.45 1.49876e-05 1.49681e-05
7451 7.451 1.49999e-05 1.49693e-05
7452 7.452 1.50171e-05 1.50116e-05
7453 7.453 1.50101e-05 1.49964e-05
7454 7.454 1.50149e-05 1.50072e-05
7455 7.455 1.50011e-05 1.50053e-05
7456 7.456 1.50192e-05 1.49971e-05
7457 7.457 1.5022e-05 1.50177e-05
7458 7.458 1.50231e-05 1.50267e-05
7459 7.459 1.50251e-05 1.50099e-05
7460 7.46 1.50093e-05 1.49926e-05
7461 7.461 1.50232e-05 1.50073e-05
7462 7.462 1.50197e-05 1.50098e-05
7463 7.463 1.50152e-05 1.50055e-05
7464 7.464 1.49786e-05 1.49648e-05
7465 7.465 1.49934e-05 1.49696e-05
7466 7.466 1.50185e-05 1.50037e-05
7467 7.467 1.50127e-05 1.49851e-05
7468 7.468 1.50261e-05 1.50283e-05
7469 7.469 1.49948e-05 1.49913e-05
7470 7.47 1.50072e-05 1.50042e-05
7471 7.471 1.50126e-05 1.5015e-05
7472 7.472 1.4973e-05 1.49797e-05
7473 7.473 1.49971e-05 1.49894e-05
7474 7.474 1.50165e-05 1.50152e-05
7475 7.475 1.50108e-05 1.49892e-05
7476 7.476 1.50202e-05 1.50076e-05
7477 7.477 1.50148e-05 1.50123e-05
7478 7.478 1.50017e-05 1.5e-05
7479 7.479 1.50187e-05 1.50217e-05
7480 7.48 1.50143e-05 1.49948e-05
7481 7.481 1.50153e-05 1.4998e-05
7482 7.482 1.4999e-05 1.49917e-05
7483 7.483 1.50248e-05 1.50111e-05
7484 7.484 1.5016e-05 1.50365e-05
7485 7.485 1.49941e-05 1.49839e-05
7486 7.486 1.50002e-05 1.49994e-05
7487 7.487 1.49951e-05 1.49902e-05
7488 7.488 1.49927e-05 1.49777e-05
7489 7.489 1.50026e-05 1.50092e-05
7490 7.49 1.49985e-05 1.49888e-05
7491 7.491 1.50026e-05 1.49849e-05
7492 7.492 1.50169e-05 1.5005e-05
7493 7.493 1.49923e-05 1.49726e-05
7494 7.494 1.50128e-05 1.50151e-05
7495 7.495 1.50081e-05 1.49946e-05
7496 7.496 1.5024e-05 1.50194e-05
7497 7.497 1.5008e-05 1.4997e-05
7498 7.498 1.50119e-05 1.49963e-05
7499 7.499 1.50155e-05 1.49938e-05
7500 7.5 1.50317e-05 1.50465e-05
7501 7.501 1.50313e-05 1.50329e-05
7502 7.502 1.50062e-05 1.49776e-05
7503 7.503 1.5012e-05 1.50002e-05
7504 7.504 1.50012e-05 1.49945e-05
7505 7.505 1.5031e-05 1.50241e-05
7506 7.506 1.50241e-05 1.50131e-05
7507 7.507 1.50243e-05 1.50207e-05
7508 7.508 1.50258e-05 1.5015e-05
7509 7.509 1.50162e-05 1.50128e-05
7510 7.51 1.49787e-05 1.4957e-05
7511 7.511 1.5014e-05 1.49953e-05
7512 7.512 1.50104e-05 1.49991e-05
7513 7.513 1.50169e-05 1.50012e-05
7514 7.514 1.50086e-05 1.49942e-05
7515 7.515 1.49941e-05 1.49732e-05
7516 7.516 1.49923e-05 1.49808e-05
7517 7.517 1.50055e-05 1.49956e-05
7518 7.518 1.50157e-05 1.50097e-05
7519 7.519 1.50134e-05 1.49993e-05
7520 7.52 1.50042e-05 1.49914e-05
7521 7.521 1.50256e-05 1.50319e-05
7522 7.522 1.50053e-05 1.50176e-05
7523 7.523 1.49883e-05 1.49883e-05
7524 7.524 1.49988e-05 1.49937e-05
7525 7.525 1.50053e-05 1.50007e-05
7526 7.526 1.50258e-05 1.50284e-05
7527 7.527 1.4985e-05 1.49937e-05
7528 7.528 1.50298e-05 1.50238e-05
7529 7.529 1.50069e-05 1.50008e-05
7530 7.53 1.50042e-05 1.50058e-05
7531 7.531 1.50083e-05 1.50103e-05
7532 7.532 1.50006e-05 1.49816e-05
7533 7.533 1.49834e-05 1.49748e-05
7534 7.534 1.50062e-05 1.5009e-05
7535 7.535 1.50005e-05 1.50022e-05
7536 7.536 1.49933e-05 1.49902e-05
7537 7.537 1.50153e-05 1.50253e-05
7538 7.538 1.49938e-05 1.50026e-05
7539 7.539 1.49921e-05 1.49646e-05
7540 7.54 1.49949e-05 1.50125e-05
7541 7.541 1.49945e-05 1.49949e-05
7542 7.542 1.5007e-05 1.49908e-05
7543 7.543 1.5013e-05 1.49979e-05
7544 7.544 1.50389e-05 1.50372e-05
7545 7.545 1.50138e-05 1.50245e-05
7546 7.546 1.5013e-05 1.50215e-05
7547 7.547 1.50133e-05 1.50071e-05
7548 7.548 1.50142e-05 1.5001e-05
7549 7.549 1.49909e-05 1.49828e-05
7550 7.55 1.50068e-05 1.50031e-05
7551 7.551 1.50157e-05 1.5002e-05
7552 7.552 1.50057e-05 1.49962e-05
7553 7.553 1.49976e-05 1.49948e-05
7554 7.554 1.50035e-05 1.50036e-05
7555 7.555 1.50226e-05 1.50053e-05
7556 7.556 1.50241e-05 1.50206e-05
7557 7.557 1.5016e-05 1.50083e-05
7558 7.558 1.502e-05 1.50075e-05
7559 7.559 1.5003e-05 1.49846e-05
7560 7.56 1.50025e-05 1.49926e-05
7561 7.561 1.50279e-05 1.50155e-05
7562 7.562 1.50053e-05 1.49979e-05
7563 7.563 1.50177e-05 1.50106e-05
7564 7.564 1.5003e-05 1.49977e-05
7565 7.565 1.50054e-05 1.49872e-05
7566 7.566 1.49879e-05 1.49665e-05
7567 7.567 1.50063e-05 1.49987e-05
7568 7.568 1.5022e-05 1.5023e-05
7569 7.569 1.49913e-05 1.49828e-05
7570 7.57 1.49972e-05 1.4992e-05
7571 7.571 1.4991e-05 1.4994e-05
7572 7.572 1.49907e-05 1.49836e-05
7573 7.573 1.49942e-05 1.49786e-05
7574 7.574 1.50042e-05 1.49971e-05
7575 7.575 1.49875e-05 1.49723e-05
7576 7.576 1.50169e-05 1.50243e-05
7577 7.577 1.50034e-05 1.49992e-05
7578 7.578 1.50037e-05 1.50004e-05
7579 7.579 1.49869e-05 1.4986e-05
7580 7.58 1.49864e-05 1.49749e-05
7581 7.581 1.50019e-05 1.50093e-05
7582 7.582 1.49719e-05 1.49755e-05
7583 7.583 1.49974e-05 1.49902e-05
7584 7.584 1.49865e-05 1.49716e-05
7585 7.585 1.49854e-05 1.49952e-05
7586 7.586 1.50077e-05 1.50047e-05
7587 7.587 1.49891e-05 1.49846e-05
7588 7.588 1.49786e-05 1.49855e-05
7589 7.589 1.50068e-05 1.5021e-05
7590 7.59 1.50033e-05 1.49923e-05
7591 7.591 1.50013e-05 1.49954e-05
7592 7.592 1.4998e-05 1.50002e-05
7593 7.593 1.50278e-05 1.50179e-05
7594 7.594 1.50069e-05 1.49993e-05
7595 7.595 1.50052e-05 1.49999e-05
7596 7.596 1.50252e-05 1.5025e-05
7597 7.597 1.50094e-05 1.49839e-05
7598 7.598 1.50112e-05 1.49957e-05
7599 7.599 1.50082e-05 1.4986e-05
7600 7.6 1.49948e-05 1.49878e-05
7601 7.601 1.49973e-05 1.49958e-05
7602 7.602 1.50082e-05 1.50051e-05
7603 7.603 1.49994e-05 1.49743e-05
7604 7.604 1.49968e-05 1.49819e-05
7605 7.605 1.50122e-05 1.49875e-05
7606 7.606 1.49876e-05 1.49669e-05
7607 7.607 1.49955e-05 1.49903e-05
7608 7.608 1.50012e-05 1.49796e-05
7609 7.609 1.4986e-05 1.49762e-05
7610 7.61 1.49769e-05 1.497e-05
7611 7.611 1.50335e-05 1.50307e-05
7612 7.612 1.5002e-05 1.50003e-05
7613 7.613 1.50292e-05 1.50109e-05
7614 7.614 1.50047e-05 1.49915e-05
7615 7.615 1.49814e-05 1.49656e-05
7616 7.616 1.50066e-05 1.49804e-05
7617 7.617 1.50025e-05 1.49879e-05
7618 7.618 1.50244e-05 1.49896e-05
7619 7.619 1.50034e-05 1.49851e-05
7620 7.62 1.50044e-05 1.50089e-05
7621 7.621 1.5019e-05 1.50324e-05
7622 7.622 1.49934e-05 1.49882e-05
7623 7.623 1.50043e-05 1.49994e-05
7624 7.624 1.50162e-05 1.50144e-05
7625 7.625 1.50158e-05 1.50266e-05
7626 7.626 1.5007e-05 1.50098e-05
7627 7.627 1.49938e-05 1.49998e-05
7628 7.628 1.50066e-05 1.50159e-05
7629 7.629 1.49972e-05 1.49932e-05
7630 7.63 1.50065e-05 1.4987e-05
7631 7.631 1.49777e-05 1.49795e-05
7632 7.632 1.50225e-05 1.5018e-05
7633 7.633 1.50212e-05 1.50113e-05
7634 7.634 1.50126e-05 1.50081e-05
7635 7.635 1.50098e-05 1.50076e-05
7636 7.636 1.4991e-05 1.49844e-05
7637 7.637 1.50049e-05 1.49853e-05
7638 7.638 1.50046e-05 1.49986e-05
7639 7.639 1.50159e-05 1.4995e-05
7640 7.64 1.50029e-05 1.49856e-05
7641 7.641 1.50041e-05 1.49997e-05
7642 7.642 1.50048e-05 1.49927e-05
7643 7.643 1.5009e-05 1.49976e-05
7644 7.644 1.49978e-05 1.4992e-05
7645 7.645 1.50094e-05 1.50087e-05
7646 7.646 1.49841e-05 1.4973e-05
7647 7.647 1.50031e-05 1.49933e-05
7648 7.648 1.50216e-05 1.50259e-05
7649 7.649 1.50256e-05 1.50292e-05
7650 7.65 1.50164e-05 1.50216e-05
7651 7.651 1.50183e-05 1.50136e-05
7652 7.652 1.50095e-05 1.501e-05
7653 7.653 1.50259e-05 1.50065e-05
7654 7.654 1.50193e-05 1.50207e-05
7655 7.655 1.5008e-05 1.49933e-05
7656 7.656 1.50089e-05 1.49987e-05
7657 7.657 1.50195e-05 1.50212e-05
7658 7.658 1.50107e-05 1.50192e-05
7659 7.659 1.50151e-05 1.50011e-05
7660 7.66 1.49928e-05 1.49691e-05
7661 7.661 1.50065e-05 1.50151e-05
7662 7.662 1.50051e-05 1.49975e-05
7663 7.663 1.49789e-05 1.49858e-05
7664 7.664 1.50006e-05 1.50195e-05
7665 7.665 1.5e-05 1.49938e-05
7666 7.666 1.50055e-05 1.49928e-05
7667 7.667 1.49995e-05 1.49761e-05
7668 7.668 1.50045e-05 1.50014e-05
7669 7.669 1.49974e-05 1.50044e-05
7670 7.67 1.50052e-05 1.50193e-05
7671 7.671 1.49867e-05 1.49856e-05
7672 7.672 1.49996e-05 1.49809e-05
7673 7.673 1.50004e-05 1.4991e-05
7674 7.674 1.50004e-05 1.49747e-05
7675 7.675 1.50068e-05 1.50098e-05
7676 7.676 1.50124e-05 1.50128e-05
7677 7.677 1.49936e-05 1.50006e-05
7678 7.678 1.50009e-05 1.49963e-05
7679 7.679 1.4996e-05 1.49826e-05
7680 7.68 1.50226e-05 1.5016e-05
7681 7.681 1.49831e-05 1.49725e-05
7682 7.682 1.50184e-05 1.50271e-05
7683 7.683 1.50038e-05 1.50001e-05
7684 7.684 1.5003e-05 1.50077e-05
7685 7.685 1.49923e-05 1.49759e-05
7686 7.686 1.49989e-05 1.50026e-05
7687 7.687 1.49838e-05 1.4983e-05
7688 7.688 1.50124e-05 1.5021e-05
7689 7.689 1.50045e-05 1.49968e-05
7690 7.69 1.49958e-05 1.49833e-05
7691 7.691 1.50001e-05 1.49906e-05
7692 7.692 1.49992e-05 1.50063e-05
7693 7.693 1.50049e-05 1.49974e-05
7694 7.694 1.50025e-05 1.4989e-05
7695 7.695 1.49941e-05 1.50079e-05
7696 7.696 1.50064e-05 1.50119e-05
7697 7.697 1.49946e-05 1.49988e-05
7698 7.698 1.50145e-05 1.50229e-05
7699 7.699 1.49961e-05 1.49874e-05
7700 7.7 1.50174e-05 1.50166e-05
7701 7.701 1.50171e-05 1.50114e-05
7702 7.702 1.49876e-05 1.49871e-05
7703 7.703 1.49937e-05 1.49783e-05
7704 7.704 1.49915e-05 1.49809e-05
7705 7.705 1.49945e-05 1.49953e-05
7706 7.706 1.50145e-05 1.50056e-05
7707 7.707 1.5005e-05 1.4991e-05
7708 7.708 1.49885e-05 1.49857e-05
7709 7.709 1.50047e-05 1.49844e-05
7710 7.71 1.49905e-05 1.49771e-05
7711 7.711 1.5019e-05 1.50104e-05
7712 7.712 1.49984e-05 1.49829e-05
7713 7.713 1.50244e-05 1.50229e-05
7714 7.714 1.50131e-05 1.50127e-05
7715 7.715 1.50174e-05 1.50253e-05
7716 7.716 1.49971e-05 1.50123e-05
7717 7.717 1.5004e-05 1.49887e-05
7718 7.718 1.49855e-05 1.49835e-05
7719 7.719 1.49949e-05 1.49915e-05
7720 7.72 1.49927e-05 1.49944e-05
7721 7.721 1.49983e-05 1.49863e-05
7722 7.722 1.50137e-05 1.49984e-05
7723 7.723 1.50043e-05 1.49988e-05
7724 7.724 1.49993e-05 1.4989e-05
7725 7.725 1.50087e-05 1.50052e-05
7726 7.726 1.50103e-05 1.49988e-05
7727 7.727 1.50085e-05 1.49997e-05
7728 7.728 1.49992e-05 1.49906e-05
7729 7.729 1.50118e-05 1.49883e-05
7730 7.73 1.50111e-05 1.50031e-05
7731 7.731 1.50207e-05 1.50173e-05
7732 7.732 1.50108e-05 1.4998e-05
7733 7.733 1.50151e-05 1.50197e-05
7734 7.734 1.49809e-05 1.49831e-05
7735 7.735 1.50104e-05 1.49959e-05
7736 7.736 1.49945e-05 1.49908e-05
7737 7.737 1.50219e-05 1.50285e-05
7738 7.738 1.50177e-05 1.50241e-05
7739 7.739 1.50059e-05 1.49999e-05
7740 7.74 1.49978e-05 1.5001e-05
7741 7.741 1.50029e-05 1.50048e-05
7742 7.742 1.4995e-05 1.49859e-05
7743 7.743 1.49925e-05 1.49886e-05
7744 7.744 1.49969e-05 1.49758e-05
7745 7.745 1.50198e-05 1.50074e-05
7746 7.746 1.50104e-05 1.5016e-05
7747 7.747 1.50119e-05 1.4997e-05
7748 7.748 1.49906e-05 1.49806e-05
7749 7.749 1.50221e-05 1.50269e-05
7750 7.75 1.50152e-05 1.50012e-05
7751 7.751 1.50146e-05 1.50022e-05
7752 7.752 1.50219e-05 1.50193e-05
7753 7.753 1.49876e-05 1.49698e-05
7754 7.754 1.50124e-05 1.49998e-05
7755 7.755 1.50225e-05 1.50023e-05
7756 7.756 1.50322e-05 1.50345e-05
7757 7.757 1.5013e-05 1.50116e-05
7758 7.758 1.50207e-05 1.50099e-05
7759 7.759 1.50105e-05 1.50089e-05
7760 7.76 1.50298e-05 1.50168e-05
7761 7.761 1.50298e-05 1.50312e-05
7762 7.762 1.50134e-05 1.50147e-05
7763 7.763 1.49977e-05 1.49938e-05
7764 7.764 1.49997e-05 1.50057e-05
7765 7.765 1.50141e-05 1.5014e-05
7766 7.766 1.49968e-05 1.49869e-05
7767 7.767 1.50085e-05 1.49973e-05
7768 7.768 1.50109e-05 1.5001e-05
7769 7.769 1.50232e-05 1.50068e-05
7770 7.77 1.50148e-05 1.49961e-05
7771 7.771 1.50155e-05 1.50147e-05
7772 7.772 1.50208e-05 1.49981e-05
7773 7.773 1.50039e-05 1.50003e-05
7774 7.774 1.50281e-05 1.50179e-05
7775 7.775 1.50126e-05 1.50027e-05
7776 7.776 1.50219e-05 1.50233e-05
7777 7.777 1.50166e-05 1.50117e-05
7778 7.778 1.50039e-05 1.49859e-05
7779 7.779 1.50203e-05 1.50196e-05
7780 7.78 1.50168e-05 1.50037e-05
7781 7.781 1.50149e-05 1.50132e-05
7782 7.782 1.50387e-05 1.50469e-05
7783 7.783 1.50459e-05 1.50362e-05
7784 7.784 1.50063e-05 1.49879e-05
7785 7.785 1.50145e-05 1.50171e-05
7786 7.786 1.49895e-05 1.49981e-05
7787 7.787 1.49968e-05 1.49931e-05
7788 7.788 1.50045e-05 1.49905e-05
7789 7.789 1.50095e-05 1.50197e-05
7790 7.79 1.50191e-05 1.50053e-05
7791 7.791 1.50103e-05 1.49886e-05
7792 7.792 1.49948e-05 1.49929e-05
7793 7.793 1.50116e-05 1.50152e-05
7794 7.794 1.50222e-05 1.50345e-05
7795 7.795 1.49892e-05 1.49763e-05
7796 7.796 1.50134e-05 1.49849e-05
7797 7.797 1.49997e-05 1.49885e-05
7798 7.798 1.49988e-05 1.49825e-05
7799 7.799 1.5005e-05 1.50018e-05
7800 7.8 1.50276e-05 1.50084e-05
7801 7.801 1.50101e-05 1.5009e-05
7802 7.802 1.49959e-05 1.49837e-05
7803 7.803 1.50118e-05 1.49902e-05
7804 7.804 1.50212e-05 1.49984e-05
7805 7.805 1.5002e-05 1.49831e-05
7806 7.806 1.4994e-05 1.4978e-05
7807 7.807 1.50203e-05 1.50287e-05
7808 7.808 1.5019e-05 1.50177e-05
7809 7.809 1.50217e-05 1.50198e-05
7810 7.81 1.49971e-05 1.49908e-05
7811 7.811 1.50048e-05 1.50001e-05
7812 7.812 1.50267e-05 1.50199e-05
7813 7.813 1.50224e-05 1.501e-05
7814 7.814 1.50198e-05 1.50128e-05
7815 7.815 1.50035e-05 1.5004e-05
7816 7.816 1.50296e-05 1.50285e-05
7817 7.817 1.5043e-05 1.50288e-05
7818 7.818 1.50077e-05 1.49994e-05
7819 7.819 1.50139e-05 1.50042e-05
7820 7.82 1.50008e-05 1.50095e-05
7821 7.821 1.50118e-05 1.50255e-05
7822 7.822 1.49956e-05 1.49943e-05
7823 7.823 1.49854e-05 1.49857e-05
7824 7.824 1.50083e-05 1.50165e-05
7825 7.825 1.5019e-05 1.50043e-05
7826 7.826 1.50082e-05 1.50095e-05
7827 7.827 1.49929e-05 1.49908e-05
7828 7.828 1.49919e-05 1.50018e-05
7829 7.829 1.49906e-05 1.49866e-05
7830 7.83 1.49981e-05 1.49891e-05
7831 7.831 1.49948e-05 1.49945e-05
7832 7.832 1.4986e-05 1.49817e-05
7833 7.833 1.50234e-05 1.5007e-05
7834 7.834 1.50089e-05 1.50112e-05
7835 7.835 1.49999e-05 1.49828e-05
7836 7.836 1.4995e-05 1.50046e-05
7837 7.837 1.5021e-05 1.50262e-05
7838 7.838 1.49876e-05 1.49828e-05
7839 7.839 1.50141e-05 1.50253e-05
7840 7.84 1.49921e-05 1.49742e-05
7841 7.841 1.50274e-05 1.50293e-05
7842 7.842 1.50187e-05 1.49874e-05
7843 7.843 1.50152e-05 1.50171e-05
7844 7.844 1.50043e-05 1.49775e-05
7845 7.845 1.49995e-05 1.4986e-05
7846 7.846 1.50127e-05 1.50018e-05
7847 7.847 1.49987e-05 1.49783e-05
7848 7.848 1.4996e-05 1.49949e-05
7849 7.849 1.49989e-05 1.4985e-05
7850 7.85 1.50085e-05 1.50096e-05
7851 7.851 1.50314e-05 1.50186e-05
7852 7.852 1.50225e-05 1.50283e-05
7853 7.853 1.50116e-05 1.50132e-05
7854 7.854 1.50269e-05 1.50052e-05
7855 7.855 1.50106e-05 1.49866e-05
7856 7.856 1.50167e-05 1.50116e-05
7857 7.857 1.50204e-05 1.50183e-05
7858 7.858 1.49888e-05 1.498e-05
7859 7.859 1.50112e-05 1.49959e-05
7860 7.86 1.50133e-05 1.50119e-05
7861 7.861 1.50107e-05 1.50009e-05
7862 7.862 1.50238e-05 1.50228e-05
7863 7.863 1.50128e-05 1.50051e-05
7864 7.864 1.50317e-05 1.50248e-05
7865 7.865 1.50084e-05 1.50239e-05
7866 7.866 1.50119e-05 1.50082e-05
7867 7.867 1.50305e-05 1.5034e-05
7868 7.868 1.50048e-05 1.49929e-05
7869 7.869 1.49982e-05 1.49942e-05
7870 7.87 1.50026e-05 1.50083e-05
7871 7.871 1.49972e-05 1.50042e-05
7872 7.872 1.50046e-05 1.4994e-05
7873 7.873 1.50187e-05 1.49997e-05
7874 7.874 1.50129e-05 1.49841e-05
7875 7.875 1.49949e-05 1.49863e-05
7876 7.876 1.50068e-05 1.50081e-05
7877 7.877 1.50243e-05 1.50275e-05
7878 7.878 1.49939e-05 1.49893e-05
7879 7.879 1.49949e-05 1.50077e-05
7880 7.88 1.5005e-05 1.4994e-05
7881 7.881 1.50054e-05 1.50003e-05
7882 7.882 1.50204e-05 1.50207e-05
7883 7.883 1.50007e-05 1.49674e-05
7884 7.884 1.5004e-05 1.49987e-05
7885 7.885 1.50044e-05 1.49968e-05
7886 7.886 1.49989e-05 1.50013e-05
7887 7.887 1.49857e-05 1.49882e-05
7888 7.888 1.49909e-05 1.49963e-05
7889 7.889 1.50239e-05 1.50258e-05
7890 7.89 1.49948e-05 1.49691e-05
7891 7.891 1.4993e-05 1.49634e-05
7892 7.892 1.50207e-05 1.50043e-05
7893 7.893 1.49968e-05 1.4981e-05
7894 7.894 1.50034e-05 1.49954e-05
7895 7.895 1.49879e-05 1.49854e-05
7896 7.896 1.50119e-05 1.50077e-05
7897 7.897 1.49952e-05 1.49976e-05
7898 7.898 1.49895e-05 1.49574e-05
7899 7.899 1.5003e-05 1.50102e-05
7900 7.9 1.5004e-05 1.50041e-05
7901 7.901 1.50012e-05 1.4999e-05
7902 7.902 1.50071e-05 1.50051e-05
7903 7.903 1.50094e-05 1.50025e-05
7904 7.904 1.5008e-05 1.50024e-05
7905 7.905 1.50006e-05 1.49733e-05
7906 7.906 1.49975e-05 1.4981e-05
7907 7.907 1.50119e-05 1.50058e-05
7908 7.908 1.50207e-05 1.50201e-05
7909 7.909 1.49887e-05 1.49664e-05
7910 7.91 1.50164e-05 1.50047e-05
7911 7.911 1.49982e-05 1.4999e-05
7912 7.912 1.50004e-05 1.49923e-05
7913 7.913 1.50089e-05 1.5011e-05
7914 7.914 1.50123e-05 1.50025e-05
7915 7.915 1.50165e-05 1.50075e-05
7916 7.916 1.50109e-05 1.50085e-05
7917 7.917 1.50307e-05 1.50534e-05
7918 7.918 1.50298e-05 1.50037e-05
7919 7.919 1.49947e-05 1.50078e-05
7920 7.92 1.49852e-05 1.49721e-05
7921 7.921 1.50129e-05 1.50024e-05
7922 7.922 1.5006e-05 1.49828e-05
7923 7.923 1.50019e-05 1.50088e-05
7924 7.924 1.50063e-05 1.50046e-05
7925 7.925 1.5008e-05 1.50011e-05
7926 7.926 1.50039e-05 1.49972e-05
7927 7.927 1.50051e-05 1.50006e-05
7928 7.928 1.50019e-05 1.49987e-05
7929 7.929 1.50022e-05 1.50023e-05
7930 7.93 1.50039e-05 1.50117e-05
7931 7.931 1.50097e-05 1.50035e-05
7932 7.932 1.50296e-05 1.50103e-05
7933 7.933 1.49995e-05 1.50022e-05
7934 7.934 1.50209e-05 1.50118e-05
7935 7.935 1.49995e-05 1.5014e-05
7936 7.936 1.50137e-05 1.50131e-05
7937 7.937 1.50197e-05 1.50264e-05
7938 7.938 1.50034e-05 1.50198e-05
7939 7.939 1.50109e-05 1.50205e-05
7940 7.94 1.49993e-05 1.49957e-05
7941 7.941 1.50137e-05 1.50133e-05
7942 7.942 1.49946e-05 1.49893e-05
7943 7.943 1.49971e-05 1.49991e-05
7944 7.944 1.49806e-05 1.49713e-05
7945 7.945 1.50053e-05 1.49957e-05
7946 7.946 1.50109e-05 1.49948e-05
7947 7.947 1.49716e-05 1.49545e-05
7948 7.948 1.50001e-05 1.5003e-05
7949 7.949 1.49891e-05 1.49836e-05
7950 7.95 1.50002e-05 1.49883e-05
7951 7.951 1.50202e-05 1.50124e-05
7952 7.952 1.50207e-05 1.50178e-05
7953 7.953 1.5013e-05 1.50248e-05
7954 7.954 1.49991e-05 1.50118e-05
7955 7.955 1.50059e-05 1.50042e-05
7956 7.956 1.50177e-05 1.49928e-05
7957 7.957 1.49986e-05 1.49874e-05
7958 7.958 1.49994e-05 1.49903e-05
7959 7.959 1.50071e-05 1.49836e-05
7960 7.96 1.49832e-05 1.49564e-05
7961 7.961 1.5011e-05 1.49922e-05
7962 7.962 1.5013e-05 1.49925e-05
7963 7.963 1.49898e-05 1.498e-05
7964 7.964 1.4995e-05 1.49861e-05
7965 7.965 1.49877e-05 1.49825e-05
7966 7.966 1.50127e-05 1.50085e-05
7967 7.967 1.50218e-05 1.50098e-05
7968 7.968 1.50277e-05 1.50071e-05
7969 7.969 1.50054e-05 1.49851e-05
7970 7.97 1.50156e-05 1.50113e-05
7971 7.971 1.50196e-05 1.49991e-05
7972 7.972 1.49829e-05 1.49862e-05
7973 7.973 1.5001e-05 1.49992e-05
7974 7.974 1.49982e-05 1.49997e-05
7975 7.975 1.50024e-05 1.49819e-05
7976 7.976 1.50113e-05 1.50082e-05
7977 7.977 1.4987e-05 1.49607e-05
7978 7.978 1.5005e-05 1.50016e-05
7979 7.979 1.49852e-05 1.4986e-05
7980 7.98 1.49891e-05 1.49863e-05
7981 7.981 1.50292e-05 1.50155e-05
7982 7.982 1.50113e-05 1.49989e-05
7983 7.983 1.49996e-05 1.49973e-05
7984 7.984 1.49875e-05 1.49706e-05
7985 7.985 1.49842e-05 1.498e-05
7986 7.986 1.4999e-05 1.49927e-05
7987 7.987 1.49998e-05 1.49876e-05
7988 7.988 1.50123e-05 1.50019e-05
7989 7.989 1.49923e-05 1.50159e-05
7990 7.99 1.50043e-05 1.49873e-05
7991 7.991 1.49851e-05 1.49723e-05
7992 7.992 1.4985e-05 1.49897e-05
7993 7.993 1.5015e-05 1.50079e-05
7994 7.994 1.4985e-05 1.49742e-05
7995 7.995 1.50165e-05 1.5022e-05
7996 7.996 1.50082e-05 1.49988e-05
7997 7.997 1.50193e-05 1.50269e-05
7998 7.998 1.50148e-05 1.50172e-05
7999 7.999 1.50193e-05 1.5013e-05
8000 8 1.50157e-05 1.50184e-05
8001 8.001 1.50267e-05 1.5004e-05
8002 8.002 1.50142e-05 1.50175e-05
8003 8.003 1.50068e-05 1.49966e-05
8004 8.004 1.50261e-05 1.50146e-05
8005 8.005 1.49986e-05 1.49951e-05
8006 8.006 1.49936e-05 1.4997e-05
8007 8.007 1.49819e-05 1.49843e-05
8008 8.008 1.50072e-05 1.50013e-05
8009 8.009 1.50069e-05 1.50003e-05
8010 8.01 1.50111e-05 1.5017e-05
8011 8.011 1.50254e-05 1.50023e-05
8012 8.012 1.50103e-05 1.50154e-05
8013 8.013 1.50135e-05 1.50003e-05
8014 8.014 1.5005e-05 1.50127e-05
8015 8.015 1.50043e-05 1.49984e-05
8016 8.016 1.50221e-05 1.50121e-05
8017 8.017 1.50016e-05 1.49918e-05
8018 8.018 1.50184e-05 1.5023e-05
8019 8.019 1.50068e-05 1.49919e-05
8020 8.02 1.50139e-05 1.5016e-05
8021 8.021 1.5009e-05 1.50193e-05
8022 8.022 1.50028e-05 1.50158e-05
8023 8.023 1.50067e-05 1.50289e-05
8024 8.024 1.5024e-05 1.50258e-05
8025 8.025 1.50077e-05 1.50036e-05
8026 8.026 1.50187e-05 1.50164e-05
8027 8.027 1.50155e-05 1.5001e-05
8028 8.028 1.49941e-05 1.50008e-05
8029 8.029 1.49934e-05 1.49785e-05
8030 8.03 1.50174e-05 1.5009e-05
8031 8.031 1.50046e-05 1.49847e-05
8032 8.032 1.5015e-05 1.49775e-05
8033 8.033 1.5016e-05 1.50225e-05
8034 8.034 1.50012e-05 1.49943e-05
8035 8.035 1.49978e-05 1.49833e-05
8036 8.036 1.50099e-05 1.50084e-05
8037 8.037 1.49795e-05 1.49885e-05
8038 8.038 1.49922e-05 1.49891e-05
8039 8.039 1.50104e-05 1.50153e-05
8040 8.04 1.49897e-05 1.4986e-05
8041 8.041 1.50078e-05 1.50046e-05
8042 8.042 1.50053e-05 1.49961e-05
8043 8.043 1.49898e-05 1.50085e-05
8044 8.044 1.50025e-05 1.49944e-05
8045 8.045 1.50053e-05 1.50219e-05
8046 8.046 1.50025e-05 1.49933e-05
8047 8.047 1.50104e-05 1.50086e-05
8048 8.048 1.49969e-05 1.49964e-05
8049 8.049 1.49751e-05 1.49713e-05
8050 8.05 1.49981e-05 1.49969e-05
8051 8.051 1.49902e-05 1.50028e-05
8052 8.052 1.49824e-05 1.4977e-05
8053 8.053 1.50068e-05 1.50019e-05
8054 8.054 1.49975e-05 1.50196e-05
8055 8.055 1.50109e-05 1.5009e-05
8056 8.056 1.50246e-05 1.49887e-05
8057 8.057 1.4986e-05 1.49843e-05
8058 8.058 1.49986e-05 1.50071e-05
8059 8.059 1.50071e-05 1.49887e-05
8060 8.06 1.49856e-05 1.49783e-05
8061 8.061 1.49837e-05 1.49868e-05
8062 8.062 1.49834e-05 1.49886e-05
8063 8.063 1.49729e-05 1.49832e-05
8064 8.064 1.50256e-05 1.5034e-05
8065 8.065 1.50147e-05 1.50129e-05
8066 8.066 1.49978e-05 1.50137e-05
8067 8.067 1.50079e-05 1.50202e-05
8068 8.068 1.49965e-05 1.49985e-05
8069 8.069 1.49895e-05 1.49896e-05
8070 8.07 1.50017e-05 1.50223e-05
8071 8.071 1.49984e-05 1.50062e-05
8072 8.072 1.50136e-05 1.50173e-05
8073 8.073 1.49882e-05 1.49795e-05
8074 8.074 1.50049e-05 1.50133e-05
8075 8.075 1.49966e-05 1.5007e-05
8076 8.076 1.50045e-05 1.50102e-05
8077 8.077 1.50136e-05 1.50118e-05
8078 8.078 1.49894e-05 1.49995e-05
8079 8.079 1.50074e-05 1.50128e-05
8080 8.08 1.49982e-05 1.50231e-05
8081 8.081 1.50091e-05 1.50096e-05
8082 8.082 1.50022e-05 1.49968e-05
8083 8.083 1.49932e-05 1.49939e-05
8084 8.084 1.49943e-05 1.49757e-05
8085 8.085 1.49873e-05 1.49828e-05
8086 8.086 1.49876e-05 1.49978e-05
8087 8.087 1.50021e-05 1.49945e-05
8088 8.088 1.49882e-05 1.50005e-05
8089 8.089 1.49953e-05 1.4981e-05
8090 8.09 1.50111e-05 1.50179e-05
8091 8.091 1.50205e-05 1.50264e-05
8092 8.092 1.50129e-05 1.50169e-05
8093 8.093 1.50231e-05 1.50121e-05
8094 8.094 1.50193e-05 1.50246e-05
8095 8.095 1.49999e-05 1.49917e-05
8096 8.096 1.50118e-05 1.50185e-05
8097 8.097 1.49967e-05 1.49902e-05
8098 8.098 1.49871e-05 1.49812e-05
8099 8.099 1.50013e-05 1.49912e-05
8100 8.1 1.49755e-05 1.49637e-05
8101 8.101 1.49822e-05 1.49701e-05
8102 8.102 1.50003e-05 1.50099e-05
8103 8.103 1.49977e-05 1.49906e-05
8104 8.104 1.5006e-05 1.49957e-05
8105 8.105 1.50098e-05 1.49808e-05
8106 8.106 1.50082e-05 1.50028e-05
8107 8.107 1.49978e-05 1.50042e-05
8108 8.108 1.49924e-05 1.49763e-05
8109 8.109 1.50197e-05 1.50155e-05
8110 8.11 1.49986e-05 1.5e-05
8111 8.111 1.49957e-05 1.49945e-05
8112 8.112 1.50087e-05 1.50022e-05
8113 8.113 1.49921e-05 1.49986e-05
8114 8.114 1.50048e-05 1.49883e-05
8115 8.115 1.49962e-05 1.49833e-05
8116 8.116 1.49927e-05 1.49765e-05
8117 8.117 1.4996e-05 1.49767e-05
8118 8.118 1.50073e-05 1.49942e-05
8119 8.119 1.50066e-05 1.5003e-05
8120 8.12 1.50088e-05 1.50169e-05
8121 8.121 1.50141e-05 1.50076e-05
8122 8.122 1.49953e-05 1.50079e-05
8123 8.123 1.49912e-05 1.4997e-05
8124 8.124 1.50135e-05 1.50231e-05
8125 8.125 1.50093e-05 1.49984e-05
8126 8.126 1.5001e-05 1.49977e-05
8127 8.127 1.50107e-05 1.50104e-05
8128 8.128 1.50213e-05 1.50228e-05
8129 8.129 1.4993e-05 1.5006e-05
8130 8.13 1.50029e-05 1.50169e-05
8131 8.131 1.49989e-05 1.49899e-05
8132 8.132 1.4986e-05 1.50067e-05
8133 8.133 1.50039e-05 1.50071e-05
8134 8.134 1.50116e-05 1.50093e-05
8135 8.135 1.50138e-05 1.50292e-05
8136 8.136 1.49673e-05 1.4964e-05
8137 8.137 1.50021e-05 1.49969e-05
8138 8.138 1.50151e-05 1.50261e-05
8139 8.139 1.50074e-05 1.49978e-05
8140 8.14 1.50165e-05 1.50258e-05
8141 8.141 1.50163e-05 1.50187e-05
8142 8.142 1.50137e-05 1.49974e-05
8143 8.143 1.50144e-05 1.50022e-05
8144 8.144 1.49926e-05 1.50107e-05
8145 8.145 1.49993e-05 1.49971e-05
8146 8.146 1.49895e-05 1.49892e-05
8147 8.147 1.50075e-05 1.50174e-05
8148 8.148 1.50007e-05 1.50231e-05
8149 8.149 1.4994e-05 1.50035e-05
8150 8.15 1.49897e-05 1.50034e-05
8151 8.151 1.49985e-05 1.5014e-05
8152 8.152 1.50124e-05 1.50282e-05
8153 8.153 1.49968e-05 1.49882e-05
8154 8.154 1.50002e-05 1.50083e-05
8155 8.155 1.50151e-05 1.50034e-05
8156 8.156 1.5025e-05 1.50043e-05
8157 8.157 1.50039e-05 1.49896e-05
8158 8.158 1.50091e-05 1.49891e-05
8159 8.159 1.5021e-05 1.5025e-05
8160 8.16 1.50053e-05 1.49997e-05
8161 8.161 1.5009e-05 1.50166e-05
8162 8.162 1.50239e-05 1.50206e-05
8163 8.163 1.49994e-05 1.50051e-05
8164 8.164 1.49999e-05 1.50353e-05
8165 8.165 1.49974e-05 1.49959e-05
8166 8.166 1.49969e-05 1.49908e-05
8167 8.167 1.50131e-05 1.50181e-05
8168 8.168 1.50046e-05 1.50022e-05
8169 8.169 1.50092e-05 1.50167e-05
8170 8.17 1.50019e-05 1.49803e-05
8171 8.171 1.50033e-05 1.50142e-05
8172 8.172 1.50055e-05 1.50022e-05
8173 8.173 1.50093e-05 1.50222e-05
8174 8.174 1.50116e-05 1.50254e-05
8175 8.175 1.50058e-05 1.50199e-05
8176 8.176 1.50065e-05 1.50018e-05
8177 8.177 1.49832e-05 1.49783e-05
8178 8.178 1.50028e-05 1.50082e-05
8179 8.179 1.50204e-05 1.50192e-05
8180 8.18 1.50039e-05 1.49871e-05
8181 8.181 1.50058e-05 1.5003e-05
8182 8.182 1.49937e-05 1.50089e-05
8183 8.183 1.50056e-05 1.50033e-05
8184 8.184 1.49947e-05 1.49936e-05
8185 8.185 1.49921e-05 1.50069e-05
8186 8.186 1.49967e-05 1.50185e-05
8187 8.187 1.49944e-05 1.50034e-05
8188 8.188 1.49856e-05 1.49723e-05
8189 8.189 1.5011e-05 1.50175e-05
8190 8.19 1.50037e-05 1.50158e-05
8191 8.191 1.50278e-05 1.50314e-05
8192 8.192 1.50095e-05 1.50166e-05
8193 8.193 1.50106e-05 1.50186e-05
8194 8.194 1.50022e-05 1.49941e-05
8195 8.195 1.50116e-05 1.50196e-05
8196 8.196 1.49972e-05 1.49912e-05
8197 8.197 1.50079e-05 1.50166e-05
8198 8.198 1.50021e-05 1.5011e-05
8199 8.199 1.50082e-05 1.50171e-05
8200 8.2 1.50107e-05 1.50104e-05
8201 8.201 1.50284e-05 1.50151e-05
8202 8.202 1.50164e-05 1.50077e-05
8203 8.203 1.49905e-05 1.49707e-05
8204 8.204 1.50012e-05 1.4992e-05
8205 8.205 1.50287e-05 1.50431e-05
8206 8.206 1.5003e-05 1.49867e-05
8207 8.207 1.50023e-05 1.50204e-05
8208 8.208 1.50053e-05 1.50043e-05
8209 8.209 1.50188e-05 1.5018e-05
8210 8.21 1.5028e-05 1.50215e-05
8211 8.211 1.50242e-05 1.50059e-05
8212 8.212 1.4996e-05 1.49854e-05
8213 8.213 1.50107e-05 1.50063e-05
8214 8.214 1.50165e-05 1.50062e-05
8215 8.215 1.50247e-05 1.50232e-05
8216 8.216 1.50035e-05 1.49843e-05
8217 8.217 1.50155e-05 1.50236e-05
8218 8.218 1.50159e-05 1.50055e-05
8219 8.219 1.50096e-05 1.50106e-05
8220 8.22 1.50279e-05 1.50151e-05
8221 8.221 1.50179e-05 1.50399e-05
8222 8.222 1.50112e-05 1.49932e-05
8223 8.223 1.50165e-05 1.50329e-05
8224 8.224 1.50225e-05 1.50111e-05
8225 8.225 1.49993e-05 1.50169e-05
8226 8.226 1.5e-05 1.49945e-05
8227 8.227 1.50009e-05 1.49761e-05
8228 8.228 1.50199e-05 1.50283e-05
8229 8.229 1.49965e-05 1.49854e-05
8230 8.23 1.49942e-05 1.50007e-05
8231 8.231 1.50273e-05 1.50171e-05
8232 8.232 1.49975e-05 1.49864e-05
8233 8.233 1.50264e-05 1.50162e-05
8234 8.234 1.50032e-05 1.49965e-05
8235 8.235 1.49791e-05 1.49858e-05
8236 8.236 1.50001e-05 1.50108e-05
8237 8.237 1.50075e-05 1.49984e-05
8238 8.238 1.49896e-05 1.49805e-05
8239 8.239 1.50055e-05 1.5004e-05
8240 8.24 1.50092e-05 1.50112e-05
8241 8.241 1.50202e-05 1.50296e-05
8242 8.242 1.50076e-05 1.50089e-05
8243 8.243 1.5013e-05 1.5021e-05
8244 8.244 1.49933e-05 1.49798e-05
8245 8.245 1.50195e-05 1.50256e-05
8246 8.246 1.49953e-05 1.49737e-05
8247 8.247 1.50112e-05 1.49994e-05
8248 8.248 1.49918e-05 1.50008e-05
8249 8.249 1.49867e-05 1.49795e-05
8250 8.25 1.49904e-05 1.49905e-05
8251 8.251 1.5012e-05 1.4994e-05
8252 8.252 1.50128e-05 1.50115e-05
8253 8.253 1.50004e-05 1.50044e-05
8254 8.254 1.49979e-05 1.49858e-05
8255 8.255 1.49899e-05 1.49918e-05
8256 8.256 1.50069e-05 1.50222e-05
8257 8.257 1.5009e-05 1.50078e-05
8258 8.258 1.50082e-05 1.50051e-05
8259 8.259 1.5009e-05 1.49869e-05
8260 8.26 1.49986e-05 1.50096e-05
8261 8.261 1.50048e-05 1.50079e-05
8262 8.262 1.50055e-05 1.49799e-05
8263 8.263 1.50067e-05 1.50063e-05
8264 8.264 1.50092e-05 1.50038e-05
8265 8.265 1.50196e-05 1.50274e-05
8266 8.266 1.49852e-05 1.4986e-05
8267 8.267 1.50212e-05 1.50066e-05
8268 8.268 1.50223e-05 1.49906e-05
8269 8.269 1.50184e-05 1.50063e-05
8270 8.27 1.50138e-05 1.50152e-05
8271 8.271 1.49983e-05 1.50005e-05
8272 8.272 1.50014e-05 1.49892e-05
8273 8.273 1.49988e-05 1.50122e-05
8274 8.274 1.50166e-05 1.50137e-05
8275 8.275 1.50145e-05 1.50129e-05
8276 8.276 1.50209e-05 1.50419e-05
8277 8.277 1.49852e-05 1.49805e-05
8278 8.278 1.50065e-05 1.49939e-05
8279 8.279 1.5012e-05 1.50218e-05
8280 8.28 1.50134e-05 1.50173e-05
8281 8.281 1.50108e-05 1.50019e-05
8282 8.282 1.50014e-05 1.49911e-05
8283 8.283 1.49844e-05 1.49847e-05
8284 8.284 1.49933e-05 1.49963e-05
8285 8.285 1.49986e-05 1.50145e-05
8286 8.286 1.50043e-05 1.50067e-05
8287 8.287 1.50152e-05 1.50224e-05
8288 8.288 1.5013e-05 1.50143e-05
8289 8.289 1.49924e-05 1.50046e-05
8290 8.29 1.50159e-05 1.50031e-05
8291 8.291 1.50106e-05 1.49948e-05
8292 8.292 1.50119e-05 1.49951e-05
8293 8.293 1.49956e-05 1.49904e-05
8294 8.294 1.50022e-05 1.50154e-05
8295 8.295 1.49978e-05 1.50068e-05
8296 8.296 1.50063e-05 1.50155e-05
8297 8.297 1.49997e-05 1.50007e-05
8298 8.298 1.50157e-05 1.50018e-05
8299 8.299 1.50016e-05 1.50044e-05
8300 8.3 1.49896e-05 1.49877e-05
8301 8.301 1.50196e-05 1.5017e-05
8302 8.302 1.50126e-05 1.50032e-05
8303 8.303 1.50222e-05 1.50343e-05
8304 8.304 1.50028e-05 1.50109e-05
8305 8.305 1.50179e-05 1.50242e-05
8306 8.306 1.50227e-05 1.50082e-05
8307 8.307 1.50412e-05 1.50436e-05
8308 8.308 1.50186e-05 1.50361e-05
8309 8.309 1.5017e-05 1.50132e-05
8310 8.31 1.4999e-05 1.49927e-05
8311 8.311 1.50189e-05 1.49904e-05
8312 8.312 1.5016e-05 1.50113e-05
8313 8.313 1.49892e-05 1.49834e-05
8314 8.314 1.49926e-05 1.49783e-05
8315 8.315 1.50022e-05 1.49805e-05
8316 8.316 1.50003e-05 1.50063e-05
8317 8.317 1.50119e-05 1.50198e-05
8318 8.318 1.50015e-05 1.49975e-05
8319 8.319 1.49941e-05 1.49795e-05
8320 8.32 1.50103e-05 1.50061e-05
8321 8.321 1.50138e-05 1.50133e-05
8322 8.322 1.50006e-05 1.49992e-05
8323 8.323 1.50082e-05 1.50174e-05
8324 8.324 1.499e-05 1.49924e-05
8325 8.325 1.50084e-05 1.50221e-05
8326 8.326 1.50065e-05 1.49972e-05
8327 8.327 1.49999e-05 1.49943e-05
8328 8.328 1.49882e-05 1.49701e-05
8329 8.329 1.50026e-05 1.49999e-05
8330 8.33 1.49927e-05 1.49861e-05
8331 8.331 1.50033e-05 1.50065e-05
8332 8.332 1.50053e-05 1.50054e-05
8333 8.333 1.49892e-05 1.4994e-05
8334 8.334 1.50192e-05 1.50204e-05
8335 8.335 1.50063e-05 1.50116e-05
8336 8.336 1.50139e-05 1.50168e-05
8337 8.337 1.49994e-05 1.50068e-05
8338 8.338 1.50109e-05 1.50112e-05
8339 8.339 1.50227e-05 1.50166e-05
8340 8.34 1.50161e-05 1.50165e-05
8341 8.341 1.49949e-05 1.50029e-05
8342 8.342 1.50143e-05 1.50152e-05
8343 8.343 1.50103e-05 1.50236e-05
8344 8.344 1.50053e-05 1.5021e-05
8345 8.345 1.50292e-05 1.50293e-05
8346 8.346 1.50162e-05 1.49939e-05
8347 8.347 1.49883e-05 1.49539e-05
8348 8.348 1.50193e-05 1.50168e-05
8349 8.349 1.50123e-05 1.49922e-05
8350 8.35 1.50138e-05 1.50086e-05
8351 8.351 1.50089e-05 1.50093e-05
8352 8.352 1.50179e-05 1.50241e-05
8353 8.353 1.50132e-05 1.501e-05
8354 8.354 1.5004e-05 1.49959e-05
8355 8.355 1.50259e-05 1.5038e-05
8356 8.356 1.49962e-05 1.497e-05
8357 8.357 1.49998e-05 1.49988e-05
8358 8.358 1.50075e-05 1.50087e-05
8359 8.359 1.50049e-05 1.50129e-05
8360 8.36 1.50099e-05 1.49935e-05
8361 8.361 1.50035e-05 1.4988e-05
8362 8.362 1.50026e-05 1.50084e-05
8363 8.363 1.49923e-05 1.49803e-05
8364 8.364 1.50128e-05 1.50094e-05
8365 8.365 1.50158e-05 1.5002e-05
8366 8.366 1.50057e-05 1.49999e-05
8367 8.367 1.49986e-05 1.50112e-05
8368 8.368 1.50026e-05 1.49847e-05
8369 8.369 1.49955e-05 1.49882e-05
8370 8.37 1.50058e-05 1.50083e-05
8371 8.371 1.50046e-05 1.50132e-05
8372 8.372 1.50305e-05 1.50328e-05
8373 8.373 1.50128e-05 1.50075e-05
8374 8.374 1.5008e-05 1.50177e-05
8375 8.375 1.49951e-05 1.49945e-05
8376 8.376 1.49834e-05 1.49993e-05
8377 8.377 1.49935e-05 1.50009e-05
8378 8.378 1.50013e-05 1.49938e-05
8379 8.379 1.49899e-05 1.50049e-05
8380 8.38 1.50004e-05 1.4995e-05
8381 8.381 1.49815e-05 1.49695e-05
8382 8.382 1.4985e-05 1.49856e-05
8383 8.383 1.49964e-05 1.50046e-05
8384 8.384 1.50091e-05 1.50039e-05
8385 8.385 1.50202e-05 1.50183e-05
8386 8.386 1.50165e-05 1.50247e-05
8387 8.387 1.49906e-05 1.49782e-05
8388 8.388 1.50052e-05 1.5001e-05
8389 8.389 1.49954e-05 1.50007e-05
8390 8.39 1.50084e-05 1.50005e-05
8391 8.391 1.5005e-05 1.50025e-05
8392 8.392 1.49954e-05 1.49889e-05
8393 8.393 1.50134e-05 1.50169e-05
8394 8.394 1.50074e-05 1.49952e-05
8395 8.395 1.50049e-05 1.49962e-05
8396 8.396 1.50098e-05 1.50278e-05
8397 8.397 1.5021e-05 1.49969e-05
8398 8.398 1.49865e-05 1.4987e-05
8399 8.399 1.50094e-05 1.49986e-05
8400 8.4 1.50092e-05 1.50006e-05
8401 8.401 1.5017e-05 1.49997e-05
8402 8.402 1.50272e-05 1.50197e-05
8403 8.403 1.50169e-05 1.50217e-05
8404 8.404 1.49948e-05 1.49841e-05
8405 8.405 1.50012e-05 1.49861e-05
8406 8.406 1.50181e-05 1.50255e-05
8407 8.407 1.5018e-05 1.50107e-05
8408 8.408 1.50101e-05 1.50046e-05
8409 8.409 1.50166e-05 1.50144e-05
8410 8.41 1.49822e-05 1.49977e-05
8411 8.411 1.49953e-05 1.49965e-05
8412 8.412 1.49943e-05 1.4993e-05
8413 8.413 1.49834e-05 1.49699e-05
8414 8.414 1.50085e-05 1.49972e-05
8415 8.415 1.50013e-05 1.49879e-05
8416 8.416 1.49944e-05 1.49795e-05
8417 8.417 1.49974e-05 1.49967e-05
8418 8.418 1.49958e-05 1.50045e-05
8419 8.419 1.49918e-05 1.49607e-05
8420 8.42 1.49799e-05 1.49925e-05
8421 8.421 1.49902e-05 1.49937e-05
8422 8.422 1.50044e-05 1.49814e-05
8423 8.423 1.49964e-05 1.50013e-05
8424 8.424 1.4985e-05 1.49701e-05
8425 8.425 1.49886e-05 1.49847e-05
8426 8.426 1.49786e-05 1.4964e-05
8427 8.427 1.49795e-05 1.49804e-05
8428 8.428 1.50138e-05 1.50158e-05
8429 8.429 1.5002e-05 1.49826e-05
8430 8.43 1.49961e-05 1.49816e-05
8431 8.431 1.50028e-05 1.49891e-05
8432 8.432 1.50064e-05 1.49915e-05
8433 8.433 1.49892e-05 1.50064e-05
8434 8.434 1.50069e-05 1.50273e-05
8435 8.435 1.50006e-05 1.49971e-05
8436 8.436 1.50137e-05 1.50137e-05
8437 8.437 1.50172e-05 1.50107e-05
8438 8.438 1.50074e-05 1.5015e-05
8439 8.439 1.49991e-05 1.49821e-05
8440 8.44 1.5001e-05 1.49985e-05
8441 8.441 1.5021e-05 1.50139e-05
8442 8.442 1.50061e-05 1.49924e-05
8443 8.443 1.50019e-05 1.50078e-05
8444 8.444 1.50078e-05 1.50066e-05
8445 8.445 1.49947e-05 1.49852e-05
8446 8.446 1.4999e-05 1.50097e-05
8447 8.447 1.50194e-05 1.5021e-05
8448 8.448 1.49935e-05 1.4981e-05
8449 8.449 1.50128e-05 1.50181e-05
8450 8.45 1.49944e-05 1.4986e-05
8451 8.451 1.49883e-05 1.49898e-05
8452 8.452 1.50102e-05 1.49915e-05
8453 8.453 1.50175e-05 1.50117e-05
8454 8.454 1.49975e-05 1.50199e-05
8455 8.455 1.49796e-05 1.49737e-05
8456 8.456 1.50014e-05 1.50017e-05
8457 8.457 1.49939e-05 1.49813e-05
8458 8.458 1.49967e-05 1.50075e-05
8459 8.459 1.50099e-05 1.50001e-05
8460 8.46 1.50032e-05 1.49875e-05
8461 8.461 1.49923e-05 1.49945e-05
8462 8.462 1.50074e-05 1.50061e-05
8463 8.463 1.50229e-05 1.50132e-05
8464 8.464 1.50152e-05 1.50063e-05
8465 8.465 1.50004e-05 1.49851e-05
8466 8.466 1.50083e-05 1.49832e-05
8467 8.467 1.50138e-05 1.49882e-05
8468 8.468 1.5003e-05 1.50083e-05
8469 8.469 1.49947e-05 1.49819e-05
8470 8.47 1.49829e-05 1.49745e-05
8471 8.471 1.49924e-05 1.49827e-05
8472 8.472 1.50088e-05 1.49822e-05
8473 8.473 1.50001e-05 1.49948e-05
8474 8.474 1.49881e-05 1.49709e-05
8475 8.475 1.50019e-05 1.49927e-05
8476 8.476 1.49922e-05 1.49969e-05
8477 8.477 1.49838e-05 1.4974e-05
8478 8.478 1.49929e-05 1.5003e-05
8479 8.479 1.50008e-05 1.49972e-05
8480 8.48 1.49958e-05 1.49821e-05
8481 8.481 1.49898e-05 1.49939e-05
8482 8.482 1.49966e-05 1.4976e-05
8483 8.483 1.50087e-05 1.49985e-05
8484 8.484 1.49948e-05 1.50045e-05
8485 8.485 1.4995e-05 1.49952e-05
8486 8.486 1.50099e-05 1.50027e-05
8487 8.487 1.50144e-05 1.50265e-05
8488 8.488 1.50088e-05 1.50076e-05
8489 8.489 1.49965e-05 1.50132e-05
8490 8.49 1.50032e-05 1.49919e-05
8491 8.491 1.50154e-05 1.50185e-05
8492 8.492 1.50359e-05 1.5038e-05
8493 8.493 1.50102e-05 1.4977e-05
8494 8.494 1.49974e-05 1.49906e-05
8495 8.495 1.50141e-05 1.50263e-05
8496 8.496 1.50041e-05 1.50008e-05
8497 8.497 1.50053e-05 1.49927e-05
8498 8.498 1.49907e-05 1.49778e-05
8499 8.499 1.49882e-05 1.49832e-05
8500 8.5 1.49952e-05 1.49878e-05
8501 8.501 1.50166e-05 1.50035e-05
8502 8.502 1.5025e-05 1.50195e-05
8503 8.503 1.50099e-05 1.5018e-05
8504 8.504 1.50044e-05 1.50085e-05
8505 8.505 1.50218e-05 1.50092e-05
8506 8.506 1.5027e-05 1.50196e-05
8507 8.507 1.50182e-05 1.50047e-05
8508 8.508 1.49935e-05 1.49951e-05
8509 8.509 1.50176e-05 1.501e-05
8510 8.51 1.49863e-05 1.4956e-05
8511 8.511 1.50087e-05 1.49879e-05
8512 8.512 1.49958e-05 1.49919e-05
8513 8.513 1.50115e-05 1.49937e-05
8514 8.514 1.50085e-05 1.5018e-05
8515 8.515 1.5013e-05 1.50055e-05
8516 8.516 1.49912e-05 1.49884e-05
8517 8.517 1.49982e-05 1.49817e-05
8518 8.518 1.5e-05 1.49961e-05
8519 8.519 1.49984e-05 1.49794e-05
8520 8.52 1.50023e-05 1.49939e-05
8521 8.521 1.50054e-05 1.49874e-05
8522 8.522 1.50078e-05 1.49856e-05
8523 8.523 1.49879e-05 1.49779e-05
8524 8.524 1.49865e-05 1.49809e-05
8525 8.525 1.49999e-05 1.49853e-05
8526 8.526 1.50261e-05 1.50179e-05
8527 8.527 1.49971e-05 1.49981e-05
8528 8.528 1.50137e-05 1.50094e-05
8529 8.529 1.50134e-05 1.50228e-05
8530 8.53 1.50206e-05 1.50184e-05
8531 8.531 1.50213e-05 1.50328e-05
8532 8.532 1.5025e-05 1.50316e-05
8533 8.533 1.4986e-05 1.49952e-05
8534 8.534 1.50154e-05 1.50273e-05
8535 8.535 1.49829e-05 1.49977e-05
8536 8.536 1.50029e-05 1.50016e-05
8537 8.537 1.49913e-05 1.49731e-05
8538 8.538 1.50128e-05 1.50066e-05
8539 8.539 1.49989e-05 1.49789e-05
8540 8.54 1.50213e-05 1.50353e-05
8541 8.541 1.49934e-05 1.50075e-05
8542 8.542 1.50154e-05 1.50275e-05
8543 8.543 1.50088e-05 1.49967e-05
8544 8.544 1.50196e-05 1.50263e-05
8545 8.545 1.50067e-05 1.50219e-05
8546 8.546 1.50186e-05 1.50131e-05
8547 8.547 1.50103e-05 1.50116e-05
8548 8.548 1.5013e-05 1.50285e-05
8549 8.549 1.50098e-05 1.50046e-05
8550 8.55 1.50132e-05 1.5028e-05
8551 8.551 1.50221e-05 1.50365e-05
8552 8.552 1.50186e-05 1.50109e-05
8553 8.553 1.50193e-05 1.50116e-05
8554 8.554 1.50246e-05 1.50426e-05
8555 8.555 1.50195e-05 1.50161e-05
8556 8.556 1.50158e-05 1.50191e-05
8557 8.557 1.50089e-05 1.50049e-05
8558 8.558 1.50236e-05 1.50228e-05
8559 8.559 1.5006e-05 1.49975e-05
8560 8.56 1.50114e-05 1.50178e-05
8561 8.561 1.50108e-05 1.50181e-05
8562 8.562 1.49901e-05 1.49756e-05
8563 8.563 1.50044e-05 1.50049e-05
8564 8.564 1.50112e-05 1.50138e-05
8565 8.565 1.50164e-05 1.50183e-05
8566 8.566 1.49892e-05 1.49739e-05
8567 8.567 1.50115e-05 1.50117e-05
8568 8.568 1.49925e-05 1.49881e-05
8569 8.569 1.50002e-05 1.50086e-05
8570 8.57 1.50092e-05 1.50012e-05
8571 8.571 1.5005e-05 1.50104e-05
8572 8.572 1.50189e-05 1.50304e-05
8573 8.573 1.5017e-05 1.50207e-05
8574 8.574 1.49923e-05 1.49971e-05
8575 8.575 1.50153e-05 1.50268e-05
8576 8.576 1.50118e-05 1.50145e-05
8577 8.577 1.50012e-05 1.50074e-05
8578 8.578 1.50242e-05 1.50082e-05
8579 8.579 1.50102e-05 1.50019e-05
8580 8.58 1.5003e-05 1.50016e-05
8581 8.581 1.50061e-05 1.4999e-05
8582 8.582 1.50007e-05 1.49958e-05
8583 8.583 1.50075e-05 1.50176e-05
8584 8.584 1.50131e-05 1.50225e-05
8585 8.585 1.4987e-05 1.49944e-05
8586 8.586 1.5008e-05 1.50195e-05
8587 8.587 1.49865e-05 1.49803e-05
8588 8.588 1.50122e-05 1.50087e-05
8589 8.589 1.49949e-05 1.49941e-05
8590 8.59 1.50106e-05 1.50024e-05
8591 8.591 1.50277e-05 1.50292e-05
8592 8.592 1.50095e-05 1.49987e-05
8593 8.593 1.50098e-05 1.5009e-05
8594 8.594 1.5023e-05 1.50187e-05
8595 8.595 1.50047e-05 1.50322e-05
8596 8.596 1.49844e-05 1.4984e-05
8597 8.597 1.50155e-05 1.50129e-05
8598 8.598 1.49946e-05 1.49858e-05
8599 8.599 1.49878e-05 1.4979e-05
8600 8.6 1.50162e-05 1.50254e-05
8601 8.601 1.50046e-05 1.50057e-05
8602 8.602 1.50022e-05 1.49962e-05
8603 8.603 1.50004e-05 1.49906e-05
8604 8.604 1.50229e-05 1.50352e-05
8605 8.605 1.50097e-05 1.50107e-05
8606 8.606 1.50101e-05 1.50022e-05
8607 8.607 1.50192e-05 1.50003e-05
8608 8.608 1.50424e-05 1.50415e-05
8609 8.609 1.49953e-05 1.49851e-05
8610 8.61 1.50222e-05 1.49963e-05
8611 8.611 1.4999e-05 1.50092e-05
8612 8.612 1.50069e-05 1.49992e-05
8613 8.613 1.50126e-05 1.50259e-05
8614 8.614 1.50127e-05 1.50117e-05
8615 8.615 1.49993e-05 1.50025e-05
8616 8.616 1.49912e-05 1.49762e-05
8617 8.617 1.5011e-05 1.50158e-05
8618 8.618 1.50186e-05 1.50232e-05
8619 8.619 1.50219e-05 1.50259e-05
8620 8.62 1.50218e-05 1.50331e-05
8621 8.621 1.49946e-05 1.49898e-05
8622 8.622 1.50119e-05 1.5005e-05
8623 8.623 1.49863e-05 1.49962e-05
8624 8.624 1.49987e-05 1.50028e-05
8625 8.625 1.49853e-05 1.49976e-05
8626 8.626 1.49885e-05 1.49839e-05
8627 8.627 1.50032e-05 1.49994e-05
8628 8.628 1.50012e-05 1.50064e-05
8629 8.629 1.49889e-05 1.49843e-05
8630 8.63 1.49855e-05 1.49661e-05
8631 8.631 1.50119e-05 1.49784e-05
8632 8.632 1.50053e-05 1.50153e-05
8633 8.633 1.50062e-05 1.50206e-05
8634 8.634 1.49999e-05 1.49969e-05
8635 8.635 1.50209e-05 1.50233e-05
8636 8.636 1.49758e-05 1.49857e-05
8637 8.637 1.4995e-05 1.50115e-05
8638 8.638 1.50216e-05 1.50192e-05
8639 8.639 1.4999e-05 1.49846e-05
8640 8.64 1.50012e-05 1.49816e-05
8641 8.641 1.50012e-05 1.4992e-05
8642 8.642 1.49891e-05 1.49643e-05
8643 8.643 1.49816e-05 1.49924e-05
8644 8.644 1.49836e-05 1.49859e-05
8645 8.645 1.50068e-05 1.50003e-05
8646 8.646 1.49909e-05 1.49931e-05
8647 8.647 1.50172e-05 1.50271e-05
8648 8.648 1.50026e-05 1.50343e-05
8649 8.649 1.49909e-05 1.50181e-05
8650 8.65 1.50057e-05 1.50136e-05
8651 8.651 1.5009e-05 1.50168e-05
8652 8.652 1.50014e-05 1.50036e-05
8653 8.653 1.49928e-05 1.49991e-05
8654 8.654 1.49828e-05 1.49626e-05
8655 8.655 1.5009e-05 1.50078e-05
8656 8.656 1.49992e-05 1.49972e-05
8657 8.657 1.4992e-05 1.49845e-05
8658 8.658 1.50206e-05 1.50195e-05
8659 8.659 1.50179e-05 1.50191e-05
8660 8.66 1.49894e-05 1.50004e-05
8661 8.661 1.50297e-05 1.50413e-05
8662 8.662 1.50068e-05 1.49934e-05
8663 8.663 1.49995e-05 1.50022e-05
8664 8.664 1.49766e-05 1.49605e-05
8665 8.665 1.50164e-05 1.50127e-05
8666 8.666 1.49892e-05 1.49756e-05
8667 8.667 1.50092e-05 1.50164e-05
8668 8.668 1.49955e-05 1.49775e-05
8669 8.669 1.50181e-05 1.50153e-05
8670 8.67 1.50034e-05 1.50027e-05
8671 8.671 1.50185e-05 1.50231e-05
8672 8.672 1.50062e-05 1.50201e-05
8673 8.673 1.50044e-05 1.50265e-05
8674 8.674 1.49832e-05 1.49798e-05
8675 8.675 1.50073e-05 1.50114e-05
8676 8.676 1.50006e-05 1.49939e-05
8677 8.677 1.49861e-05 1.49886e-05
8678 8.678 1.49971e-05 1.50052e-05
8679 8.679 1.49834e-05 1.49737e-05
8680 8.68 1.50017e-05 1.5014e-05
8681 8.681 1.5005e-05 1.50131e-05
8682 8.682 1.4991e-05 1.49909e-05
8683 8.683 1.4997e-05 1.50025e-05
8684 8.684 1.49769e-05 1.49572e-05
8685 8.685 1.49979e-05 1.49978e-05
8686 8.686 1.49998e-05 1.4996e-05
8687 8.687 1.49999e-05 1.5007e-05
8688 8.688 1.49827e-05 1.49857e-05
8689 8.689 1.50096e-05 1.50144e-05
8690 8.69 1.50017e-05 1.49888e-05
8691 8.691 1.50079e-05 1.50035e-05
8692 8.692 1.5009e-05 1.50148e-05
8693 8.693 1.50028e-05 1.49901e-05
8694 8.694 1.50093e-05 1.50113e-05
8695 8.695 1.50081e-05 1.50178e-05
8696 8.696 1.50031e-05 1.49976e-05
8697 8.697 1.501e-05 1.50098e-05
8698 8.698 1.50021e-05 1.50043e-05
8699 8.699 1.50071e-05 1.49998e-05
8700 8.7 1.50042e-05 1.49953e-05
8701 8.701 1.49809e-05 1.49793e-05
8702 8.702 1.50154e-05 1.5001e-05
8703 8.703 1.49925e-05 1.49894e-05
8704 8.704 1.50192e-05 1.501e-05
8705 8.705 1.49858e-05 1.49834e-05
8706 8.706 1.49981e-05 1.49867e-05
8707 8.707 1.50226e-05 1.50213e-05
8708 8.708 1.4997e-05 1.49958e-05
8709 8.709 1.50139e-05 1.5014e-05
8710 8.71 1.50059e-05 1.49947e-05
8711 8.711 1.4998e-05 1.49885e-05
8712 8.712 1.50093e-05 1.50081e-05
8713 8.713 1.49956e-05 1.49743e-05
8714 8.714 1.49902e-05 1.49939e-05
8715 8.715 1.49994e-05 1.4988e-05
8716 8.716 1.49942e-05 1.49977e-05
8717 8.717 1.49893e-05 1.4968e-05
8718 8.718 1.49942e-05 1.50027e-05
8719 8.719 1.50191e-05 1.50075e-05
8720 8.72 1.50351e-05 1.50405e-05
8721 8.721 1.50022e-05 1.50227e-05
8722 8.722 1.50195e-05 1.50194e-05
8723 8.723 1.49977e-05 1.49907e-05
8724 8.724 1.50135e-05 1.50065e-05
8725 8.725 1.50066e-05 1.49905e-05
8726 8.726 1.50079e-05 1.50102e-05
8727 8.727 1.50331e-05 1.50292e-05
8728 8.728 1.50153e-05 1.50178e-05
8729 8.729 1.5e-05 1.4996e-05
8730 8.73 1.49842e-05 1.49791e-05
8731 8.731 1.50048e-05 1.49856e-05
8732 8.732 1.50128e-05 1.50067e-05
8733 8.733 1.50001e-05 1.49894e-05
8734 8.734 1.50105e-05 1.50154e-05
8735 8.735 1.50195e-05 1.50264e-05
8736 8.736 1.50156e-05 1.50165e-05
8737 8.737 1.50227e-05 1.5029e-05
8738 8.738 1.49993e-05 1.50018e-05
8739 8.739 1.5007e-05 1.49858e-05
8740 8.74 1.50268e-05 1.50311e-05
8741 8.741 1.50312e-05 1.50477e-05
8742 8.742 1.50058e-05 1.50194e-05
8743 8.743 1.50118e-05 1.50009e-05
8744 8.744 1.50295e-05 1.50049e-05
8745 8.745 1.50265e-05 1.50194e-05
8746 8.746 1.50156e-05 1.50148e-05
8747 8.747 1.50118e-05 1.50197e-05
8748 8.748 1.50099e-05 1.50182e-05
8749 8.749 1.50195e-05 1.50095e-05
8750 8.75 1.49994e-05 1.49936e-05
8751 8.751 1.50058e-05 1.50075e-05
8752 8.752 1.50028e-05 1.49904e-05
8753 8.753 1.50029e-05 1.50051e-05
8754 8.754 1.49901e-05 1.49832e-05
8755 8.755 1.49827e-05 1.4973e-05
8756 8.756 1.5014e-05 1.50142e-05
8757 8.757 1.49783e-05 1.49788e-05
8758 8.758 1.49906e-05 1.49789e-05
8759 8.759 1.49999e-05 1.49998e-05
8760 8.76 1.50166e-05 1.50217e-05
8761 8.761 1.50006e-05 1.49801e-05
8762 8.762 1.49955e-05 1.49894e-05
8763 8.763 1.49997e-05 1.50021e-05
8764 8.764 1.49924e-05 1.49917e-05
8765 8.765 1.5012e-05 1.50013e-05
8766 8.766 1.49919e-05 1.49916e-05
8767 8.767 1.50074e-05 1.50103e-05
8768 8.768 1.49969e-05 1.50068e-05
8769 8.769 1.49895e-05 1.4985e-05
8770 8.77 1.49952e-05 1.4989e-05
8771 8.771 1.50029e-05 1.49724e-05
8772 8.772 1.49937e-05 1.49849e-05
8773 8.773 1.49692e-05 1.4951e-05
8774 8.774 1.49919e-05 1.50105e-05
8775 8.775 1.50171e-05 1.50206e-05
8776 8.776 1.50199e-05 1.50095e-05
8777 8.777 1.49925e-05 1.49876e-05
8778 8.778 1.50104e-05 1.5015e-05
8779 8.779 1.49945e-05 1.49866e-05
8780 8.78 1.50036e-05 1.501e-05
8781 8.781 1.50006e-05 1.50181e-05
8782 8.782 1.49998e-05 1.50048e-05
8783 8.783 1.50019e-05 1.50065e-05
8784 8.784 1.50071e-05 1.50027e-05
8785 8.785 1.49913e-05 1.49991e-05
8786 8.786 1.49962e-05 1.49903e-05
8787 8.787 1.4995e-05 1.49895e-05
8788 8.788 1.50057e-05 1.49953e-05
8789 8.789 1.49926e-05 1.49974e-05
8790 8.79 1.49908e-05 1.50026e-05
8791 8.791 1.49836e-05 1.49929e-05
8792 8.792 1.49985e-05 1.49906e-05
8793 8.793 1.50118e-05 1.50048e-05
8794 8.794 1.50093e-05 1.50068e-05
8795 8.795 1.50018e-05 1.50062e-05
8796 8.796 1.50149e-05 1.50029e-05
8797 8.797 1.49943e-05 1.49929e-05
8798 8.798 1.50033e-05 1.49936e-05
8799 8.799 1.50007e-05 1.49884e-05
8800 8.8 1.499e-05 1.49877e-05
8801 8.801 1.50181e-05 1.50113e-05
8802 8.802 1.49927e-05 1.498e-05
8803 8.803 1.49929e-05 1.49991e-05
8804 8.804 1.50007e-05 1.49888e-05
8805 8.805 1.50008e-05 1.49958e-05
8806 8.806 1.49924e-05 1.4988e-05
8807 8.807 1.49884e-05 1.49865e-05
8808 8.808 1.49893e-05 1.49781e-05
8809 8.809 1.49945e-05 1.49893e-05
8810 8.81 1.4989e-05 1.49872e-05
8811 8.811 1.49811e-05 1.49742e-05
8812 8.812 1.49905e-05 1.49955e-05
8813 8.813 1.49859e-05 1.49901e-05
8814 8.814 1.49909e-05 1.50075e-05
8815 8.815 1.50097e-05 1.50182e-05
8816 8.816 1.49846e-05 1.49782e-05
8817 8.817 1.50043e-05 1.50057e-05
8818 8.818 1.50108e-05 1.50226e-05
8819 8.819 1.49782e-05 1.49782e-05
8820 8.82 1.5008e-05 1.49865e-05
8821 8.821 1.50061e-05 1.50196e-05
8822 8.822 1.49923e-05 1.49994e-05
8823 8.823 1.50133e-05 1.50035e-05
8824 8.824 1.49972e-05 1.49997e-05
8825 8.825 1.50077e-05 1.50084e-05
8826 8.826 1.49994e-05 1.50043e-05
8827 8.827 1.50025e-05 1.49989e-05
8828 8.828 1.50059e-05 1.49967e-05
8829 8.829 1.50251e-05 1.49999e-05
8830 8.83 1.49995e-05 1.50127e-05
8831 8.831 1.49918e-05 1.50013e-05
8832 8.832 1.50145e-05 1.50141e-05
8833 8.833 1.50374e-05 1.50353e-05
8834 8.834 1.50268e-05 1.50357e-05
8835 8.835 1.50264e-05 1.50059e-05
8836 8.836 1.50254e-05 1.50205e-05
8837 8.837 1.50116e-05 1.49982e-05
8838 8.838 1.50284e-05 1.50188e-05
8839 8.839 1.50044e-05 1.50061e-05
8840 8.84 1.50367e-05 1.50455e-05
8841 8.841 1.49868e-05 1.49682e-05
8842 8.842 1.49956e-05 1.50087e-05
8843 8.843 1.49846e-05 1.49981e-05
8844 8.844 1.49957e-05 1.49925e-05
8845 8.845 1.49926e-05 1.49912e-05
8846 8.846 1.4999e-05 1.50102e-05
8847 8.847 1.50081e-05 1.50124e-05
8848 8.848 1.50199e-05 1.49918e-05
8849 8.849 1.49899e-05 1.50016e-05
8850 8.85 1.49956e-05 1.49985e-05
8851 8.851 1.49793e-05 1.4971e-05
8852 8.852 1.50095e-05 1.49984e-05
8853 8.853 1.50184e-05 1.50273e-05
8854 8.854 1.49932e-05 1.49946e-05
8855 8.855 1.50079e-05 1.50127e-05
8856 8.856 1.50004e-05 1.49978e-05
8857 8.857 1.50069e-05 1.50097e-05
8858 8.858 1.5008e-05 1.50045e-05
8859 8.859 1.49944e-05 1.49797e-05
8860 8.86 1.50006e-05 1.50084e-05
8861 8.861 1.50134e-05 1.50119e-05
8862 8.862 1.50108e-05 1.50164e-05
8863 8.863 1.50097e-05 1.50107e-05
8864 8.864 1.50269e-05 1.50412e-05
8865 8.865 1.50011e-05 1.50162e-05
8866 8.866 1.50167e-05 1.50175e-05
8867 8.867 1.50029e-05 1.50059e-05
8868 8.868 1.49935e-05 1.49832e-05
8869 8.869 1.50164e-05 1.50116e-05
8870 8.87 1.50046e-05 1.50237e-05
8871 8.871 1.50054e-05 1.50174e-05
8872 8.872 1.50043e-05 1.5004e-05
8873 8.873 1.50194e-05 1.50125e-05
8874 8.874 1.50083e-05 1.50017e-05
8875 8.875 1.50267e-05 1.50216e-05
8876 8.876 1.49889e-05 1.49813e-05
8877 8.877 1.50117e-05 1.50076e-05
8878 8.878 1.50055e-05 1.50065e-05
8879 8.879 1.49957e-05 1.49897e-05
8880 8.88 1.50067e-05 1.50004e-05
8881 8.881 1.50034e-05 1.49998e-05
8882 8.882 1.50054e-05 1.50027e-05
8883 8.883 1.49975e-05 1.4995e-05
8884 8.884 1.50283e-05 1.50129e-05
8885 8.885 1.49999e-05 1.4997e-05
8886 8.886 1.50072e-05 1.50001e-05
8887 8.887 1.50084e-05 1.5005e-05
8888 8.888 1.49947e-05 1.49945e-05
8889 8.889 1.50014e-05 1.49935e-05
8890 8.89 1.50241e-05 1.50223e-05
8891 8.891 1.50121e-05 1.50123e-05
8892 8.892 1.49998e-05 1.49865e-05
8893 8.893 1.5001e-05 1.49972e-05
8894 8.894 1.50013e-05 1.49906e-05
8895 8.895 1.50169e-05 1.5015e-05
8896 8.896 1.50146e-05 1.50172e-05
8897 8.897 1.4996e-05 1.49942e-05
8898 8.898 1.50106e-05 1.50192e-05
8899 8.899 1.49939e-05 1.50278e-05
8900 8.9 1.49972e-05 1.49878e-05
8901 8.901 1.49974e-05 1.50066e-05
8902 8.902 1.50118e-05 1.50195e-05
8903 8.903 1.50027e-05 1.50056e-05
8904 8.904 1.50026e-05 1.49968e-05
8905 8.905 1.50093e-05 1.50234e-05
8906 8.906 1.50262e-05 1.50292e-05
8907 8.907 1.50208e-05 1.50145e-05
8908 8.908 1.50094e-05 1.50063e-05
8909 8.909 1.50144e-05 1.50127e-05
8910 8.91 1.49968e-05 1.49836e-05
8911 8.911 1.49992e-05 1.49969e-05
8912 8.912 1.50076e-05 1.49822e-05
8913 8.913 1.50067e-05 1.49985e-05
8914 8.914 1.5006e-05 1.50025e-05
8915 8.915 1.50099e-05 1.49969e-05
8916 8.916 1.50184e-05 1.50107e-05
8917 8.917 1.50061e-05 1.49886e-05
8918 8.918 1.50025e-05 1.49816e-05
8919 8.919 1.49966e-05 1.49772e-05
8920 8.92 1.50027e-05 1.49985e-05
8921 8.921 1.50222e-05 1.50259e-05
8922 8.922 1.49918e-05 1.49908e-05
8923 8.923 1.5012e-05 1.50071e-05
8924 8.924 1.50102e-05 1.50132e-05
8925 8.925 1.50068e-05 1.50265e-05
8926 8.926 1.50176e-05 1.50344e-05
8927 8.927 1.50262e-05 1.50277e-05
8928 8.928 1.5032e-05 1.50407e-05
8929 8.929 1.50028e-05 1.50005e-05
8930 8.93 1.50067e-05 1.50049e-05
8931 8.931 1.50047e-05 1.50157e-05
8932 8.932 1.50054e-05 1.49913e-05
8933 8.933 1.5004e-05 1.50104e-05
8934 8.934 1.50184e-05 1.50108e-05
8935 8.935 1.50069e-05 1.50009e-05
8936 8.936 1.49983e-05 1.49847e-05
8937 8.937 1.50087e-05 1.49829e-05
8938 8.938 1.49886e-05 1.50023e-05
8939 8.939 1.49984e-05 1.49931e-05
8940 8.94 1.50014e-05 1.50013e-05
8941 8.941 1.50198e-05 1.50169e-05
8942 8.942 1.50205e-05 1.50143e-05
8943 8.943 1.50161e-05 1.50196e-05
8944 8.944 1.50038e-05 1.50014e-05
8945 8.945 1.50098e-05 1.50229e-05
8946 8.946 1.50167e-05 1.50209e-05
8947 8.947 1.50163e-05 1.50094e-05
8948 8.948 1.50226e-05 1.50304e-05
8949 8.949 1.49843e-05 1.49663e-05
8950 8.95 1.50242e-05 1.50175e-05
8951 8.951 1.50023e-05 1.49901e-05
8952 8.952 1.49976e-05 1.49952e-05
8953 8.953 1.50147e-05 1.50224e-05
8954 8.954 1.50027e-05 1.49844e-05
8955 8.955 1.49951e-05 1.49876e-05
8956 8.956 1.50119e-05 1.50072e-05
8957 8.957 1.50239e-05 1.5023e-05
8958 8.958 1.50149e-05 1.50079e-05
8959 8.959 1.50214e-05 1.50168e-05
8960 8.96 1.50168e-05 1.49876e-05
8961 8.961 1.50016e-05 1.49934e-05
8962 8.962 1.49911e-05 1.49776e-05
8963 8.963 1.50121e-05 1.50198e-05
8964 8.964 1.5019e-05 1.50307e-05
8965 8.965 1.50186e-05 1.5021e-05
8966 8.966 1.50159e-05 1.49968e-05
8967 8.967 1.49824e-05 1.49708e-05
8968 8.968 1.50303e-05 1.50156e-05
8969 8.969 1.49972e-05 1.49988e-05
8970 8.97 1.50058e-05 1.50074e-05
8971 8.971 1.49963e-05 1.49964e-05
8972 8.972 1.50313e-05 1.50042e-05
8973 8.973 1.50088e-05 1.50005e-05
8974 8.974 1.50159e-05 1.50055e-05
8975 8.975 1.50002e-05 1.49953e-05
8976 8.976 1.501e-05 1.5016e-05
8977 8.977 1.50054e-05 1.49983e-05
8978 8.978 1.50094e-05 1.50157e-05
8979 8.979 1.4985e-05 1.49774e-05
8980 8.98 1.50034e-05 1.50245e-05
8981 8.981 1.49946e-05 1.49996e-05
8982 8.982 1.50004e-05 1.50163e-05
8983 8.983 1.49972e-05 1.49945e-05
8984 8.984 1.49993e-05 1.50006e-05
8985 8.985 1.49925e-05 1.49909e-05
8986 8.986 1.50002e-05 1.49875e-05
8987 8.987 1.50226e-05 1.50323e-05
8988 8.988 1.49946e-05 1.49858e-05
8989 8.989 1.50057e-05 1.49986e-05
8990 8.99 1.50002e-05 1.49978e-05
8991 8.991 1.50014e-05 1.49872e-05
8992 8.992 1.49886e-05 1.49698e-05
8993 8.993 1.50045e-05 1.50042e-05
8994 8.994 1.50032e-05 1.50049e-05
8995 8.995 1.50055e-05 1.49926e-05
8996 8.996 1.49932e-05 1.50017e-05
8997 8.997 1.5021e-05 1.50076e-05
8998 8.998 1.50038e-05 1.50104e-05
8999 8.999 1.50073e-05 1.49846e-05
9000 9 1.501e-05 1.50074e-05
9001 9.001 1.50188e-05 1.50287e-05
9002 9.002 1.50027e-05 1.50031e-05
9003 9.003 1.50207e-05 1.50125e-05
9004 9.004 1.50142e-05 1.501e-05
9005 9.005 1.50062e-05 1.50025e-05
9006 9.006 1.4996e-05 1.49793e-05
9007 9.007 1.50261e-05 1.50406e-05
9008 9.008 1.5016e-05 1.50181e-05
9009 9.009 1.50158e-05 1.49995e-05
9010 9.01 1.50219e-05 1.50302e-05
9011 9.011 1.50065e-05 1.50133e-05
9012 9.012 1.49929e-05 1.4981e-05
9013 9.013 1.49977e-05 1.49902e-05
9014 9.014 1.50087e-05 1.50199e-05
9015 9.015 1.50129e-05 1.50208e-05
9016 9.016 1.50004e-05 1.50005e-05
9017 9.017 1.50072e-05 1.49916e-05
9018 9.018 1.49964e-05 1.49848e-05
9019 9.019 1.50088e-05 1.49986e-05
9020 9.02 1.4988e-05 1.49726e-05
9021 9.021 1.49982e-05 1.5003e-05
9022 9.022 1.4999e-05 1.49707e-05
9023 9.023 1.50117e-05 1.50077e-05
9024 9.024 1.50258e-05 1.50283e-05
9025 9.025 1.49967e-05 1.49865e-05
9026 9.026 1.50175e-05 1.50147e-05
9027 9.027 1.5e-05 1.49932e-05
9028 9.028 1.50122e-05 1.5023e-05
9029 9.029 1.50248e-05 1.50309e-05
9030 9.03 1.49988e-05 1.50034e-05
9031 9.031 1.50077e-05 1.50175e-05
9032 9.032 1.50179e-05 1.50083e-05
9033 9.033 1.50127e-05 1.50191e-05
9034 9.034 1.50062e-05 1.50064e-05
9035 9.035 1.50063e-05 1.49863e-05
9036 9.036 1.50058e-05 1.50056e-05
9037 9.037 1.49812e-05 1.49673e-05
9038 9.038 1.49968e-05 1.49894e-05
9039 9.039 1.50137e-05 1.49925e-05
9040 9.04 1.50341e-05 1.50148e-05
9041 9.041 1.49796e-05 1.5007e-05
9042 9.042 1.50085e-05 1.49961e-05
9043 9.043 1.50042e-05 1.50038e-05
9044 9.044 1.49893e-05 1.49859e-05
9045 9.045 1.50025e-05 1.5011e-05
9046 9.046 1.5009e-05 1.5014e-05
9047 9.047 1.50038e-05 1.50001e-05
9048 9.048 1.49986e-05 1.49775e-05
9049 9.049 1.50076e-05 1.49922e-05
9050 9.05 1.50067e-05 1.49925e-05
9051 9.051 1.49869e-05 1.49855e-05
9052 9.052 1.49836e-05 1.49857e-05
9053 9.053 1.499e-05 1.49695e-05
9054 9.054 1.49903e-05 1.50027e-05
9055 9.055 1.4982e-05 1.49872e-05
9056 9.056 1.50068e-05 1.49868e-05
9057 9.057 1.49907e-05 1.4984e-05
9058 9.058 1.50003e-05 1.50038e-05
9059 9.059 1.50057e-05 1.50132e-05
9060 9.06 1.49991e-05 1.50127e-05
9061 9.061 1.50225e-05 1.50266e-05
9062 9.062 1.50047e-05 1.49893e-05
9063 9.063 1.50172e-05 1.50327e-05
9064 9.064 1.50084e-05 1.50107e-05
9065 9.065 1.50061e-05 1.49898e-05
9066 9.066 1.50092e-05 1.501e-05
9067 9.067 1.5005e-05 1.50109e-05
9068 9.068 1.49951e-05 1.49907e-05
9069 9.069 1.50215e-05 1.50071e-05
9070 9.07 1.50113e-05 1.50016e-05
9071 9.071 1.50054e-05 1.5008e-05
9072 9.072 1.50075e-05 1.50144e-05
9073 9.073 1.50068e-05 1.50012e-05
9074 9.074 1.50035e-05 1.5004e-05
9075 9.075 1.50372e-05 1.50328e-05
9076 9.076 1.50162e-05 1.5022e-05
9077 9.077 1.49902e-05 1.49752e-05
9078 9.078 1.49899e-05 1.49809e-05
9079 9.079 1.50126e-05 1.50165e-05
9080 9.08 1.50023e-05 1.50024e-05
9081 9.081 1.50136e-05 1.50198e-05
9082 9.082 1.49934e-05 1.5002e-05
9083 9.083 1.50043e-05 1.50155e-05
9084 9.084 1.50144e-05 1.50233e-05
9085 9.085 1.50085e-05 1.50216e-05
9086 9.086 1.50072e-05 1.5014e-05
9087 9.087 1.49959e-05 1.50097e-05
9088 9.088 1.50177e-05 1.50201e-05
9089 9.089 1.49914e-05 1.49839e-05
9090 9.09 1.50081e-05 1.50232e-05
9091 9.091 1.50204e-05 1.50137e-05
9092 9.092 1.49999e-05 1.49997e-05
9093 9.093 1.50004e-05 1.50054e-05
9094 9.094 1.49862e-05 1.49993e-05
9095 9.095 1.50023e-05 1.49877e-05
9096 9.096 1.50006e-05 1.49998e-05
9097 9.097 1.50011e-05 1.49905e-05
9098 9.098 1.50041e-05 1.49964e-05
9099 9.099 1.50016e-05 1.4993e-05
9100 9.1 1.50046e-05 1.49981e-05
9101 9.101 1.49976e-05 1.50044e-05
9102 9.102 1.49909e-05 1.49802e-05
9103 9.103 1.49889e-05 1.49937e-05
9104 9.104 1.50115e-05 1.50103e-05
9105 9.105 1.50181e-05 1.50126e-05
9106 9.106 1.49987e-05 1.50043e-05
9107 9.107 1.50177e-05 1.50196e-05
9108 9.108 1.5e-05 1.49885e-05
9109 9.109 1.50125e-05 1.49852e-05
9110 9.11 1.50017e-05 1.49862e-05
9111 9.111 1.50131e-05 1.50333e-05
9112 9.112 1.50053e-05 1.50064e-05
9113 9.113 1.50115e-05 1.50038e-05
9114 9.114 1.50284e-05 1.50494e-05
9115 9.115 1.49779e-05 1.49827e-05
9116 9.116 1.50016e-05 1.49953e-05
9117 9.117 1.49907e-05 1.49923e-05
9118 9.118 1.4993e-05 1.49909e-05
9119 9.119 1.50108e-05 1.50189e-05
9120 9.12 1.50089e-05 1.50046e-05
9121 9.121 1.50232e-05 1.50403e-05
9122 9.122 1.50259e-05 1.50228e-05
9123 9.123 1.50301e-05 1.50296e-05
9124 9.124 1.49962e-05 1.49987e-05
9125 9.125 1.4995e-05 1.50032e-05
9126 9.126 1.49949e-05 1.5015e-05
9127 9.127 1.49968e-05 1.49935e-05
9128 9.128 1.49974e-05 1.49891e-05
9129 9.129 1.50002e-05 1.49969e-05
9130 9.13 1.50012e-05 1.50075e-05
9131 9.131 1.50094e-05 1.50028e-05
9132 9.132 1.50065e-05 1.49964e-05
9133 9.133 1.50036e-05 1.50032e-05
9134 9.134 1.5008e-05 1.49978e-05
9135 9.135 1.50115e-05 1.49997e-05
9136 9.136 1.50078e-05 1.50072e-05
9137 9.137 1.49994e-05 1.49818e-05
9138 9.138 1.49959e-05 1.50008e-05
9139 9.139 1.50079e-05 1.50078e-05
9140 9.14 1.50236e-05 1.50364e-05
9141 9.141 1.50034e-05 1.50021e-05
9142 9.142 1.50101e-05 1.5008e-05
9143 9.143 1.49906e-05 1.49738e-05
9144 9.144 1.50013e-05 1.49996e-05
9145 9.145 1.50046e-05 1.50076e-05
9146 9.146 1.50129e-05 1.50197e-05
9147 9.147 1.49964e-05 1.4982e-05
9148 9.148 1.50073e-05 1.49954e-05
9149 9.149 1.49887e-05 1.49818e-05
9150 9.15 1.50103e-05 1.50014e-05
9151 9.151 1.49984e-05 1.49934e-05
9152 9.152 1.50146e-05 1.50229e-05
9153 9.153 1.50319e-05 1.50259e-05
9154 9.154 1.49995e-05 1.50033e-05
9155 9.155 1.50057e-05 1.50167e-05
9156 9.156 1.49949e-05 1.49969e-05
9157 9.157 1.50005e-05 1.49955e-05
9158 9.158 1.50006e-05 1.50065e-05
9159 9.159 1.50026e-05 1.50096e-05
9160 9.16 1.49948e-05 1.50097e-05
9161 9.161 1.49806e-05 1.49977e-05
9162 9.162 1.49992e-05 1.50131e-05
9163 9.163 1.49901e-05 1.49868e-05
9164 9.164 1.50031e-05 1.50112e-05
9165 9.165 1.49902e-05 1.4986e-05
9166 9.166 1.50098e-05 1.50032e-05
9167 9.167 1.50038e-05 1.50084e-05
9168 9.168 1.50105e-05 1.50174e-05
9169 9.169 1.50218e-05 1.50239e-05
9170 9.17 1.50109e-05 1.50129e-05
9171 9.171 1.49948e-05 1.50003e-05
9172 9.172 1.49835e-05 1.49905e-05
9173 9.173 1.50011e-05 1.49923e-05
9174 9.174 1.50141e-05 1.50092e-05
9175 9.175 1.49929e-05 1.49794e-05
9176 9.176 1.49958e-05 1.49854e-05
9177 9.177 1.49717e-05 1.49753e-05
9178 9.178 1.49906e-05 1.50003e-05
9179 9.179 1.49792e-05 1.49741e-05
9180 9.18 1.50108e-05 1.5007e-05
9181 9.181 1.49962e-05 1.49999e-05
9182 9.182 1.49977e-05 1.50191e-05
9183 9.183 1.50048e-05 1.50186e-05
9184 9.184 1.49926e-05 1.49817e-05
9185 9.185 1.4983e-05 1.49941e-05
9186 9.186 1.49977e-05 1.50197e-05
9187 9.187 1.50106e-05 1.50044e-05
9188 9.188 1.501e-05 1.50156e-05
9189 9.189 1.50009e-05 1.49939e-05
9190 9.19 1.50226e-05 1.49997e-05
9191 9.191 1.5006e-05 1.50038e-05
9192 9.192 1.50019e-05 1.49983e-05
9193 9.193 1.49875e-05 1.49961e-05
9194 9.194 1.49985e-05 1.49941e-05
9195 9.195 1.49973e-05 1.50049e-05
9196 9.196 1.50088e-05 1.50107e-05
9197 9.197 1.49984e-05 1.49897e-05
9198 9.198 1.49831e-05 1.49774e-05
9199 9.199 1.4987e-05 1.49754e-05
9200 9.2 1.49856e-05 1.49683e-05
9201 9.201 1.49984e-05 1.4986e-05
9202 9.202 1.50124e-05 1.50152e-05
9203 9.203 1.50116e-05 1.50078e-05
9204 9.204 1.50072e-05 1.50076e-05
9205 9.205 1.49897e-05 1.49997e-05
9206 9.206 1.49918e-05 1.50112e-05
9207 9.207 1.5003e-05 1.49946e-05
9208 9.208 1.50058e-05 1.49814e-05
9209 9.209 1.49841e-05 1.49734e-05
9210 9.21 1.50173e-05 1.50067e-05
9211 9.211 1.50159e-05 1.50342e-05
9212 9.212 1.50081e-05 1.50181e-05
9213 9.213 1.50025e-05 1.50116e-05
9214 9.214 1.50119e-05 1.50111e-05
9215 9.215 1.50035e-05 1.50151e-05
9216 9.216 1.50105e-05 1.50072e-05
9217 9.217 1.50064e-05 1.49903e-05
9218 9.218 1.50095e-05 1.50121e-05
9219 9.219 1.49931e-05 1.49892e-05
9220 9.22 1.50105e-05 1.50204e-05
9221 9.221 1.49976e-05 1.50106e-05
9222 9.222 1.50013e-05 1.50153e-05
9223 9.223 1.49819e-05 1.49726e-05
9224 9.224 1.50082e-05 1.49933e-05
9225 9.225 1.49886e-05 1.49987e-05
9226 9.226 1.49834e-05 1.49895e-05
9227 9.227 1.50098e-05 1.49922e-05
9228 9.228 1.49808e-05 1.49731e-05
9229 9.229 1.49944e-05 1.49812e-05
9230 9.23 1.50098e-05 1.50017e-05
9231 9.231 1.50132e-05 1.50116e-05
9232 9.232 1.49992e-05 1.50104e-05
9233 9.233 1.5005e-05 1.49994e-05
9234 9.234 1.49963e-05 1.4996e-05
9235 9.235 1.50113e-05 1.50211e-05
9236 9.236 1.49863e-05 1.49986e-05
9237 9.237 1.50078e-05 1.50095e-05
9238 9.238 1.50126e-05 1.5024e-05
9239 9.239 1.50102e-05 1.50118e-05
9240 9.24 1.50073e-05 1.49965e-05
9241 9.241 1.49991e-05 1.50029e-05
9242 9.242 1.50186e-05 1.50122e-05
9243 9.243 1.50006e-05 1.49901e-05
9244 9.244 1.50062e-05 1.50066e-05
9245 9.245 1.49976e-05 1.50072e-05
9246 9.246 1.49833e-05 1.49694e-05
9247 9.247 1.50259e-05 1.50248e-05
9248 9.248 1.49907e-05 1.49835e-05
9249 9.249 1.50042e-05 1.50155e-05
9250 9.25 1.50026e-05 1.50001e-05
9251 9.251 1.50085e-05 1.49992e-05
9252 9.252 1.50122e-05 1.50132e-05
9253 9.253 1.50072e-05 1.50178e-05
9254 9.254 1.50068e-05 1.50098e-05
9255 9.255 1.49995e-05 1.49968e-05
9256 9.256 1.49935e-05 1.5001e-05
9257 9.257 1.49985e-05 1.49878e-05
9258 9.258 1.49885e-05 1.49886e-05
9259 9.259 1.50062e-05 1.5011e-05
9260 9.26 1.50061e-05 1.50058e-05
9261 9.261 1.50005e-05 1.50019e-05
9262 9.262 1.50266e-05 1.50353e-05
9263 9.263 1.49951e-05 1.50052e-05
9264 9.264 1.49968e-05 1.49749e-05
9265 9.265 1.50145e-05 1.49886e-05
9266 9.266 1.5005e-05 1.49977e-05
9267 9.267 1.50115e-05 1.50183e-05
9268 9.268 1.5014e-05 1.50051e-05
9269 9.269 1.49941e-05 1.49814e-05
9270 9.27 1.50101e-05 1.5021e-05
9271 9.271 1.50107e-05 1.50129e-05
9272 9.272 1.50025e-05 1.49939e-05
9273 9.273 1.50195e-05 1.50074e-05
9274 9.274 1.49994e-05 1.49883e-05
9275 9.275 1.50197e-05 1.50023e-05
9276 9.276 1.50203e-05 1.50103e-05
9277 9.277 1.50087e-05 1.50032e-05
9278 9.278 1.49957e-05 1.49872e-05
9279 9.279 1.50041e-05 1.50023e-05
9280 9.28 1.49795e-05 1.49711e-05
9281 9.281 1.50034e-05 1.49897e-05
9282 9.282 1.50106e-05 1.50069e-05
9283 9.283 1.50072e-05 1.49965e-05
9284 9.284 1.50102e-05 1.49867e-05
9285 9.285 1.50147e-05 1.50263e-05
9286 9.286 1.50197e-05 1.50291e-05
9287 9.287 1.50092e-05 1.4998e-05
9288 9.288 1.50291e-05 1.50171e-05
9289 9.289 1.50179e-05 1.50143e-05
9290 9.29 1.50121e-05 1.50104e-05
9291 9.291 1.50191e-05 1.50242e-05
9292 9.292 1.5019e-05 1.5024e-05
9293 9.293 1.49926e-05 1.49867e-05
9294 9.294 1.49884e-05 1.49962e-05
9295 9.295 1.49998e-05 1.4999e-05
9296 9.296 1.50037e-05 1.5009e-05
9297 9.297 1.49925e-05 1.49946e-05
9298 9.298 1.5003e-05 1.49947e-05
9299 9.299 1.50117e-05 1.50029e-05
9300 9.3 1.50126e-05 1.50179e-05
9301 9.301 1.50055e-05 1.50054e-05
9302 9.302 1.49994e-05 1.49796e-05
9303 9.303 1.49995e-05 1.50199e-05
9304 9.304 1.50122e-05 1.50112e-05
9305 9.305 1.50117e-05 1.50059e-05
9306 9.306 1.50149e-05 1.50213e-05
9307 9.307 1.49979e-05 1.50084e-05
9308 9.308 1.49809e-05 1.49835e-05
9309 9.309 1.49776e-05 1.4967e-05
9310 9.31 1.50097e-05 1.49925e-05
9311 9.311 1.49769e-05 1.49828e-05
9312 9.312 1.50065e-05 1.49991e-05
9313 9.313 1.498e-05 1.49782e-05
9314 9.314 1.50095e-05 1.49936e-05
9315 9.315 1.50251e-05 1.50148e-05
9316 9.316 1.49884e-05 1.49893e-05
9317 9.317 1.4991e-05 1.50018e-05
9318 9.318 1.50238e-05 1.50293e-05
9319 9.319 1.49846e-05 1.49767e-05
9320 9.32 1.49879e-05 1.49776e-05
9321 9.321 1.5018e-05 1.50229e-05
9322 9.322 1.50281e-05 1.50253e-05
9323 9.323 1.50209e-05 1.5024e-05
9324 9.324 1.49751e-05 1.49815e-05
9325 9.325 1.49831e-05 1.49763e-05
9326 9.326 1.50017e-05 1.49931e-05
9327 9.327 1.49996e-05 1.49979e-05
9328 9.328 1.50256e-05 1.503e-05
9329 9.329 1.50009e-05 1.50066e-05
9330 9.33 1.50108e-05 1.50176e-05
9331 9.331 1.4986e-05 1.49885e-05
9332 9.332 1.5002e-05 1.49955e-05
9333 9.333 1.50104e-05 1.50055e-05
9334 9.334 1.5002e-05 1.49836e-05
9335 9.335 1.50047e-05 1.49991e-05
9336 9.336 1.50211e-05 1.50198e-05
9337 9.337 1.49859e-05 1.49903e-05
9338 9.338 1.50048e-05 1.50171e-05
9339 9.339 1.50169e-05 1.50121e-05
9340 9.34 1.50068e-05 1.50049e-05
9341 9.341 1.49905e-05 1.49756e-05
9342 9.342 1.50118e-05 1.50048e-05
9343 9.343 1.50096e-05 1.50027e-05
9344 9.344 1.50029e-05 1.50039e-05
9345 9.345 1.50001e-05 1.49939e-05
9346 9.346 1.49893e-05 1.49593e-05
9347 9.347 1.50105e-05 1.5004e-05
9348 9.348 1.50114e-05 1.50037e-05
9349 9.349 1.5005e-05 1.50156e-05
9350 9.35 1.50115e-05 1.50205e-05
9351 9.351 1.50397e-05 1.50431e-05
9352 9.352 1.50164e-05 1.50101e-05
9353 9.353 1.50272e-05 1.50281e-05
9354 9.354 1.50258e-05 1.50175e-05
9355 9.355 1.50124e-05 1.50228e-05
9356 9.356 1.50188e-05 1.50016e-05
9357 9.357 1.50332e-05 1.50118e-05
9358 9.358 1.50339e-05 1.50342e-05
9359 9.359 1.50023e-05 1.49953e-05
9360 9.36 1.50302e-05 1.5041e-05
9361 9.361 1.49969e-05 1.49781e-05
9362 9.362 1.49924e-05 1.49875e-05
9363 9.363 1.5e-05 1.50223e-05
9364 9.364 1.49816e-05 1.49869e-05
9365 9.365 1.49918e-05 1.49825e-05
9366 9.366 1.50027e-05 1.50021e-05
9367 9.367 1.50088e-05 1.50303e-05
9368 9.368 1.49974e-05 1.49802e-05
9369 9.369 1.49936e-05 1.50018e-05
9370 9.37 1.50112e-05 1.50273e-05
9371 9.371 1.4998e-05 1.5005e-05
9372 9.372 1.49957e-05 1.50067e-05
9373 9.373 1.50176e-05 1.50379e-05
9374 9.374 1.50167e-05 1.50253e-05
9375 9.375 1.49962e-05 1.49879e-05
9376 9.376 1.50189e-05 1.5006e-05
9377 9.377 1.50173e-05 1.50124e-05
9378 9.378 1.50142e-05 1.50054e-05
9379 9.379 1.501e-05 1.49943e-05
9380 9.38 1.50174e-05 1.50403e-05
9381 9.381 1.49866e-05 1.49907e-05
9382 9.382 1.49879e-05 1.50013e-05
9383 9.383 1.50014e-05 1.50075e-05
9384 9.384 1.49908e-05 1.49772e-05
9385 9.385 1.50198e-05 1.50429e-05
9386 9.386 1.50015e-05 1.50134e-05
9387 9.387 1.50194e-05 1.50171e-05
9388 9.388 1.50239e-05 1.50301e-05
9389 9.389 1.50054e-05 1.50241e-05
9390 9.39 1.50004e-05 1.50121e-05
9391 9.391 1.49994e-05 1.49998e-05
9392 9.392 1.4995e-05 1.49908e-05
9393 9.393 1.50032e-05 1.49946e-05
9394 9.394 1.49843e-05 1.4971e-05
9395 9.395 1.49993e-05 1.49989e-05
9396 9.396 1.50096e-05 1.49975e-05
9397 9.397 1.50132e-05 1.50086e-05
9398 9.398 1.49976e-05 1.4981e-05
9399 9.399 1.50121e-05 1.50112e-05
9400 9.4 1.49998e-05 1.49963e-05
9401 9.401 1.50047e-05 1.49905e-05
9402 9.402 1.49896e-05 1.50014e-05
9403 9.403 1.49808e-05 1.49883e-05
9404 9.404 1.50085e-05 1.49924e-05
9405 9.405 1.49957e-05 1.49946e-05
9406 9.406 1.50259e-05 1.50375e-05
9407 9.407 1.4989e-05 1.49993e-05
9408 9.408 1.50139e-05 1.50064e-05
9409 9.409 1.50093e-05 1.50062e-05
9410 9.41 1.49881e-05 1.4996e-05
9411 9.411 1.50067e-05 1.50195e-05
9412 9.412 1.49954e-05 1.49808e-05
9413 9.413 1.49928e-05 1.49746e-05
9414 9.414 1.50083e-05 1.49898e-05
9415 9.415 1.50211e-05 1.50223e-05
9416 9.416 1.49915e-05 1.49845e-05
9417 9.417 1.50139e-05 1.503e-05
9418 9.418 1.50038e-05 1.50048e-05
9419 9.419 1.49873e-05 1.49887e-05
9420 9.42 1.49924e-05 1.50139e-05
9421 9.421 1.50105e-05 1.50104e-05
9422 9.422 1.4984e-05 1.49973e-05
9423 9.423 1.49803e-05 1.498e-05
9424 9.424 1.50182e-05 1.50428e-05
9425 9.425 1.5015e-05 1.50146e-05
9426 9.426 1.502e-05 1.50021e-05
9427 9.427 1.50094e-05 1.50207e-05
9428 9.428 1.50077e-05 1.50068e-05
9429 9.429 1.50154e-05 1.50157e-05
9430 9.43 1.50006e-05 1.50099e-05
9431 9.431 1.50146e-05 1.50107e-05
9432 9.432 1.50203e-05 1.50182e-05
9433 9.433 1.5001e-05 1.50016e-05
9434 9.434 1.49801e-05 1.49862e-05
9435 9.435 1.49865e-05 1.49875e-05
9436 9.436 1.50227e-05 1.50091e-05
9437 9.437 1.50246e-05 1.5023e-05
9438 9.438 1.50163e-05 1.50196e-05
9439 9.439 1.50093e-05 1.50086e-05
9440 9.44 1.50122e-05 1.50131e-05
9441 9.441 1.50089e-05 1.50017e-05
9442 9.442 1.50027e-05 1.49973e-05
9443 9.443 1.50031e-05 1.50071e-05
9444 9.444 1.49957e-05 1.4973e-05
9445 9.445 1.50267e-05 1.5022e-05
9446 9.446 1.50305e-05 1.50376e-05
9447 9.447 1.50084e-05 1.50172e-05
9448 9.448 1.49981e-05 1.50117e-05
9449 9.449 1.50131e-05 1.501e-05
9450 9.45 1.5008e-05 1.5e-05
9451 9.451 1.50105e-05 1.49952e-05
9452 9.452 1.50165e-05 1.50123e-05
9453 9.453 1.49976e-05 1.49833e-05
9454 9.454 1.50175e-05 1.50122e-05
9455 9.455 1.5016e-05 1.50071e-05
9456 9.456 1.49875e-05 1.49777e-05
9457 9.457 1.502e-05 1.50155e-05
9458 9.458 1.50167e-05 1.50142e-05
9459 9.459 1.49973e-05 1.49937e-05
9460 9.46 1.50066e-05 1.49961e-05
9461 9.461 1.50132e-05 1.50133e-05
9462 9.462 1.50131e-05 1.5002e-05
9463 9.463 1.50038e-05 1.49908e-05
9464 9.464 1.50259e-05 1.50066e-05
9465 9.465 1.50155e-05 1.50114e-05
9466 9.466 1.50197e-05 1.50284e-05
9467 9.467 1.501e-05 1.49976e-05
9468 9.468 1.50149e-05 1.50082e-05
9469 9.469 1.49999e-05 1.5e-05
9470 9.47 1.5004e-05 1.502e-05
9471 9.471 1.50106e-05 1.50062e-05
9472 9.472 1.50036e-05 1.50055e-05
9473 9.473 1.5012e-05 1.50103e-05
9474 9.474 1.49951e-05 1.4983e-05
9475 9.475 1.50047e-05 1.49806e-05
9476 9.476 1.50047e-05 1.49975e-05
9477 9.477 1.49971e-05 1.50052e-05
9478 9.478 1.49878e-05 1.49806e-05
9479 9.479 1.50036e-05 1.50083e-05
9480 9.48 1.49926e-05 1.49881e-05
9481 9.481 1.49802e-05 1.49732e-05
9482 9.482 1.49854e-05 1.49917e-05
9483 9.483 1.5011e-05 1.49961e-05
9484 9.484 1.49865e-05 1.49768e-05
9485 9.485 1.49998e-05 1.49981e-05
9486 9.486 1.49906e-05 1.49827e-05
9487 9.487 1.4998e-05 1.49949e-05
9488 9.488 1.50228e-05 1.50287e-05
9489 9.489 1.49933e-05 1.4995e-05
9490 9.49 1.50014e-05 1.49887e-05
9491 9.491 1.4996e-05 1.49865e-05
9492 9.492 1.49817e-05 1.49927e-05
9493 9.493 1.50121e-05 1.50128e-05
9494 9.494 1.49974e-05 1.50149e-05
9495 9.495 1.50195e-05 1.5046e-05
9496 9.496 1.49909e-05 1.49875e-05
9497 9.497 1.50066e-05 1.50041e-05
9498 9.498 1.50236e-05 1.50273e-05
9499 9.499 1.50077e-05 1.49991e-05
9500 9.5 1.49977e-05 1.50092e-05
9501 9.501 1.49981e-05 1.499e-05
9502 9.502 1.49897e-05 1.49835e-05
9503 9.503 1.501e-05 1.50112e-05
9504 9.504 1.50133e-05 1.50049e-05
9505 9.505 1.50155e-05 1.50206e-05
9506 9.506 1.49862e-05 1.49888e-05
9507 9.507 1.5004e-05 1.49947e-05
9508 9.508 1.50001e-05 1.50118e-05
9509 9.509 1.50014e-05 1.50091e-05
9510 9.51 1.50119e-05 1.50202e-05
9511 9.511 1.49946e-05 1.49965e-05
9512 9.512 1.50034e-05 1.49983e-05
9513 9.513 1.50055e-05 1.49955e-05
9514 9.514 1.50088e-05 1.50026e-05
9515 9.515 1.50085e-05 1.50135e-05
9516 9.516 1.50021e-05 1.50108e-05
9517 9.517 1.49876e-05 1.50073e-05
9518 9.518 1.49916e-05 1.49854e-05
9519 9.519 1.49864e-05 1.50016e-05
9520 9.52 1.50051e-05 1.50119e-05
9521 9.521 1.50111e-05 1.5029e-05
9522 9.522 1.50169e-05 1.50232e-05
9523 9.523 1.4996e-05 1.50004e-05
9524 9.524 1.50083e-05 1.50069e-05
9525 9.525 1.50056e-05 1.49984e-05
9526 9.526 1.50033e-05 1.50045e-05
9527 9.527 1.49928e-05 1.50092e-05
9528 9.528 1.50027e-05 1.49886e-05
9529 9.529 1.50038e-05 1.49944e-05
9530 9.53 1.50084e-05 1.50076e-05
9531 9.531 1.50174e-05 1.50179e-05
9532 9.532 1.49931e-05 1.49773e-05
9533 9.533 1.49879e-05 1.49851e-05
9534 9.534 1.49902e-05 1.49917e-05
9535 9.535 1.50096e-05 1.50167e-05
9536 9.536 1.50141e-05 1.50219e-05
9537 9.537 1.50045e-05 1.49961e-05
9538 9.538 1.50162e-05 1.50011e-05
9539 9.539 1.50126e-05 1.50078e-05
9540 9.54 1.50094e-05 1.50213e-05
9541 9.541 1.50199e-05 1.50168e-05
9542 9.542 1.50037e-05 1.50028e-05
9543 9.543 1.50049e-05 1.50003e-05
9544 9.544 1.49997e-05 1.50039e-05
9545 9.545 1.49963e-05 1.49962e-05
9546 9.546 1.49813e-05 1.49881e-05
9547 9.547 1.50111e-05 1.49983e-05
9548 9.548 1.49907e-05 1.49903e-05
9549 9.549 1.49977e-05 1.49972e-05
9550 9.55 1.49745e-05 1.49755e-05
9551 9.551 1.49939e-05 1.49893e-05
9552 9.552 1.49817e-05 1.49817e-05
9553 9.553 1.49855e-05 1.499e-05
9554 9.554 1.49958e-05 1.50193e-05
9555 9.555 1.4989e-05 1.49751e-05
9556 9.556 1.4998e-05 1.49889e-05
9557 9.557 1.50184e-05 1.50338e-05
9558 9.558 1.49969e-05 1.49982e-05
9559 9.559 1.5002e-05 1.50061e-05
9560 9.56 1.49932e-05 1.49932e-05
9561 9.561 1.49875e-05 1.50007e-05
9562 9.562 1.50094e-05 1.50121e-05
9563 9.563 1.49938e-05 1.4989e-05
9564 9.564 1.49951e-05 1.49918e-05
9565 9.565 1.50047e-05 1.49778e-05
9566 9.566 1.50008e-05 1.50064e-05
9567 9.567 1.49954e-05 1.49843e-05
9568 9.568 1.50194e-05 1.50242e-05
9569 9.569 1.50113e-05 1.50044e-05
9570 9.57 1.50152e-05 1.50125e-05
9571 9.571 1.49928e-05 1.49832e-05
9572 9.572 1.49997e-05 1.4995e-05
9573 9.573 1.50075e-05 1.49927e-05
9574 9.574 1.50048e-05 1.49948e-05
9575 9.575 1.50176e-05 1.5017e-05
9576 9.576 1.49992e-05 1.50003e-05
9577 9.577 1.50169e-05 1.50201e-05
9578 9.578 1.49978e-05 1.49883e-05
9579 9.579 1.50154e-05 1.50028e-05
9580 9.58 1.50116e-05 1.49955e-05
9581 9.581 1.50098e-05 1.50011e-05
9582 9.582 1.50031e-05 1.49862e-05
9583 9.583 1.50144e-05 1.50211e-05
9584 9.584 1.50212e-05 1.50303e-05
9585 9.585 1.50184e-05 1.50268e-05
9586 9.586 1.49857e-05 1.50014e-05
9587 9.587 1.50125e-05 1.50033e-05
9588 9.588 1.50162e-05 1.50205e-05
9589 9.589 1.5025e-05 1.50187e-05
9590 9.59 1.50111e-05 1.50145e-05
9591 9.591 1.4996e-05 1.50076e-05
9592 9.592 1.50225e-05 1.50005e-05
9593 9.593 1.50129e-05 1.50215e-05
9594 9.594 1.50187e-05 1.50119e-05
9595 9.595 1.49977e-05 1.50058e-05
9596 9.596 1.50043e-05 1.50083e-05
9597 9.597 1.49978e-05 1.49894e-05
9598 9.598 1.50114e-05 1.50121e-05
9599 9.599 1.49823e-05 1.49812e-05
9600 9.6 1.50006e-05 1.50096e-05
9601 9.601 1.50033e-05 1.49811e-05
9602 9.602 1.49945e-05 1.49747e-05
9603 9.603 1.49935e-05 1.49933e-05
9604 9.604 1.49942e-05 1.49784e-05
9605 9.605 1.50011e-05 1.4986e-05
9606 9.606 1.50219e-05 1.50125e-05
9607 9.607 1.49823e-05 1.49904e-05
9608 9.608 1.49914e-05 1.50007e-05
9609 9.609 1.50091e-05 1.50321e-05
9610 9.61 1.50038e-05 1.50029e-05
9611 9.611 1.50095e-05 1.50125e-05
9612 9.612 1.50218e-05 1.50057e-05
9613 9.613 1.50145e-05 1.50274e-05
9614 9.614 1.50043e-05 1.50063e-05
9615 9.615 1.50087e-05 1.49987e-05
9616 9.616 1.50187e-05 1.50058e-05
9617 9.617 1.50182e-05 1.49914e-05
9618 9.618 1.50062e-05 1.50063e-05
9619 9.619 1.50042e-05 1.5002e-05
9620 9.62 1.50338e-05 1.50357e-05
9621 9.621 1.50172e-05 1.50259e-05
9622 9.622 1.50279e-05 1.50157e-05
9623 9.623 1.49928e-05 1.49834e-05
9624 9.624 1.50183e-05 1.50134e-05
9625 9.625 1.50149e-05 1.49969e-05
9626 9.626 1.50064e-05 1.49937e-05
9627 9.627 1.50036e-05 1.50012e-05
9628 9.628 1.49927e-05 1.49926e-05
9629 9.629 1.5001e-05 1.50011e-05
9630 9.63 1.50046e-05 1.50145e-05
9631 9.631 1.4987e-05 1.49744e-05
9632 9.632 1.50109e-05 1.50176e-05
9633 9.633 1.50217e-05 1.50281e-05
9634 9.634 1.50059e-05 1.49966e-05
9635 9.635 1.50166e-05 1.50041e-05
9636 9.636 1.49903e-05 1.49809e-05
9637 9.637 1.50117e-05 1.50173e-05
9638 9.638 1.50088e-05 1.49848e-05
9639 9.639 1.50044e-05 1.50033e-05
9640 9.64 1.49951e-05 1.50115e-05
9641 9.641 1.49952e-05 1.50008e-05
9642 9.642 1.50003e-05 1.50026e-05
9643 9.643 1.49954e-05 1.49929e-05
9644 9.644 1.49919e-05 1.49857e-05
9645 9.645 1.49949e-05 1.49891e-05
9646 9.646 1.49989e-05 1.50032e-05
9647 9.647 1.49934e-05 1.4992e-05
9648 9.648 1.49952e-05 1.49853e-05
9649 9.649 1.49933e-05 1.49882e-05
9650 9.65 1.50185e-05 1.50232e-05
9651 9.651 1.49951e-05 1.49913e-05
9652 9.652 1.49913e-05 1.49906e-05
9653 9.653 1.49928e-05 1.50033e-05
9654 9.654 1.50175e-05 1.50213e-05
9655 9.655 1.50164e-05 1.50192e-05
9656 9.656 1.49803e-05 1.49725e-05
9657 9.657 1.49988e-05 1.49981e-05
9658 9.658 1.49981e-05 1.49872e-05
9659 9.659 1.49881e-05 1.49806e-05
9660 9.66 1.49992e-05 1.50072e-05
9661 9.661 1.50153e-05 1.5024e-05
9662 9.662 1.49978e-05 1.49834e-05
9663 9.663 1.49964e-05 1.49974e-05
9664 9.664 1.50069e-05 1.50154e-05
9665 9.665 1.50009e-05 1.50141e-05
9666 9.666 1.50128e-05 1.50194e-05
9667 9.667 1.4985e-05 1.49737e-05
9668 9.668 1.49986e-05 1.49889e-05
9669 9.669 1.50038e-05 1.49994e-05
9670 9.67 1.49993e-05 1.49959e-05
9671 9.671 1.49961e-05 1.49805e-05
9672 9.672 1.50013e-05 1.50174e-05
9673 9.673 1.4985e-05 1.49955e-05
9674 9.674 1.49948e-05 1.49903e-05
9675 9.675 1.49921e-05 1.50029e-05
9676 9.676 1.49936e-05 1.49881e-05
9677 9.677 1.49698e-05 1.4976e-05
9678 9.678 1.50093e-05 1.50157e-05
9679 9.679 1.49873e-05 1.50077e-05
9680 9.68 1.49961e-05 1.49869e-05
9681 9.681 1.49969e-05 1.50025e-05
9682 9.682 1.50101e-05 1.50016e-05
9683 9.683 1.50076e-05 1.49928e-05
9684 9.684 1.50107e-05 1.50077e-05
9685 9.685 1.50028e-05 1.50228e-05
9686 9.686 1.50111e-05 1.4995e-05
9687 9.687 1.4993e-05 1.49901e-05
9688 9.688 1.5002e-05 1.49888e-05
9689 9.689 1.50166e-05 1.50147e-05
9690 9.69 1.5e-05 1.49865e-05
9691 9.691 1.50007e-05 1.50033e-05
9692 9.692 1.50109e-05 1.50076e-05
9693 9.693 1.50053e-05 1.50096e-05
9694 9.694 1.50018e-05 1.49924e-05
9695 9.695 1.4994e-05 1.49876e-05
9696 9.696 1.50044e-05 1.50056e-05
9697 9.697 1.49916e-05 1.49908e-05
9698 9.698 1.49958e-05 1.49836e-05
9699 9.699 1.49932e-05 1.50043e-05
9700 9.7 1.50042e-05 1.50019e-05
9701 9.701 1.50095e-05 1.49968e-05
9702 9.702 1.49799e-05 1.49829e-05
9703 9.703 1.49929e-05 1.50104e-05
9704 9.704 1.49925e-05 1.49956e-05
9705 9.705 1.49883e-05 1.50004e-05
9706 9.706 1.50017e-05 1.50072e-05
9707 9.707 1.49992e-05 1.49948e-05
9708 9.708 1.49836e-05 1.50018e-05
9709 9.709 1.49908e-05 1.49759e-05
9710 9.71 1.49912e-05 1.49921e-05
9711 9.711 1.499e-05 1.4985e-05
9712 9.712 1.49816e-05 1.49884e-05
9713 9.713 1.49865e-05 1.50037e-05
9714 9.714 1.50177e-05 1.50249e-05
9715 9.715 1.50126e-05 1.49997e-05
9716 9.716 1.50003e-05 1.49999e-05
9717 9.717 1.50137e-05 1.49979e-05
9718 9.718 1.50075e-05 1.50069e-05
9719 9.719 1.50145e-05 1.50064e-05
9720 9.72 1.50215e-05 1.50231e-05
9721 9.721 1.49926e-05 1.50071e-05
9722 9.722 1.49951e-05 1.50027e-05
9723 9.723 1.50055e-05 1.50061e-05
9724 9.724 1.50054e-05 1.50205e-05
9725 9.725 1.4996e-05 1.49744e-05
9726 9.726 1.50035e-05 1.49959e-05
9727 9.727 1.50146e-05 1.49963e-05
9728 9.728 1.50165e-05 1.50115e-05
9729 9.729 1.50171e-05 1.50197e-05
9730 9.73 1.49903e-05 1.50127e-05
9731 9.731 1.50048e-05 1.50051e-05
9732 9.732 1.5002e-05 1.50045e-05
9733 9.733 1.49825e-05 1.4959e-05
9734 9.734 1.50215e-05 1.50233e-05
9735 9.735 1.50032e-05 1.49952e-05
9736 9.736 1.49879e-05 1.49904e-05
9737 9.737 1.50067e-05 1.50156e-05
9738 9.738 1.50103e-05 1.50139e-05
9739 9.739 1.50033e-05 1.49963e-05
9740 9.74 1.50242e-05 1.49991e-05
9741 9.741 1.50018e-05 1.49949e-05
9742 9.742 1.50111e-05 1.50072e-05
9743 9.743 1.50211e-05 1.50054e-05
9744 9.744 1.49865e-05 1.49935e-05
9745 9.745 1.50076e-05 1.50022e-05
9746 9.746 1.49925e-05 1.49946e-05
9747 9.747 1.49916e-05 1.49869e-05
9748 9.748 1.50316e-05 1.5018e-05
9749 9.749 1.50253e-05 1.50196e-05
9750 9.75 1.50133e-05 1.50017e-05
9751 9.751 1.50102e-05 1.49969e-05
9752 9.752 1.50111e-05 1.49973e-05
9753 9.753 1.501e-05 1.50013e-05
9754 9.754 1.50177e-05 1.49993e-05
9755 9.755 1.49969e-05 1.50044e-05
9756 9.756 1.49949e-05 1.49912e-05
9757 9.757 1.50152e-05 1.50237e-05
9758 9.758 1.50012e-05 1.49897e-05
9759 9.759 1.4996e-05 1.49814e-05
9760 9.76 1.49991e-05 1.49955e-05
9761 9.761 1.50133e-05 1.5002e-05
9762 9.762 1.50008e-05 1.49876e-05
9763 9.763 1.50009e-05 1.49974e-05
9764 9.764 1.50194e-05 1.50236e-05
9765 9.765 1.50102e-05 1.50095e-05
9766 9.766 1.50342e-05 1.50334e-05
9767 9.767 1.50159e-05 1.50278e-05
9768 9.768 1.50036e-05 1.50038e-05
9769 9.769 1.50226e-05 1.50251e-05
9770 9.77 1.4991e-05 1.50018e-05
9771 9.771 1.49995e-05 1.49893e-05
9772 9.772 1.5005e-05 1.49961e-05
9773 9.773 1.49892e-05 1.49997e-05
9774 9.774 1.49978e-05 1.49869e-05
9775 9.775 1.49916e-05 1.49852e-05
9776 9.776 1.50044e-05 1.50221e-05
9777 9.777 1.49895e-05 1.4977e-05
9778 9.778 1.50049e-05 1.50073e-05
9779 9.779 1.50005e-05 1.49897e-05
9780 9.78 1.49952e-05 1.49737e-05
9781 9.781 1.49994e-05 1.50004e-05
9782 9.782 1.49951e-05 1.49989e-05
9783 9.783 1.49955e-05 1.49969e-05
9784 9.784 1.50021e-05 1.49983e-05
9785 9.785 1.4999e-05 1.49969e-05
9786 9.786 1.49962e-05 1.49833e-05
9787 9.787 1.50102e-05 1.50032e-05
9788 9.788 1.50269e-05 1.5029e-05
9789 9.789 1.50259e-05 1.50232e-05
9790 9.79 1.50119e-05 1.49945e-05
9791 9.791 1.49865e-05 1.49824e-05
9792 9.792 1.49891e-05 1.49807e-05
9793 9.793 1.50033e-05 1.49927e-05
9794 9.794 1.50015e-05 1.50145e-05
9795 9.795 1.49806e-05 1.50041e-05
9796 9.796 1.49973e-05 1.49974e-05
9797 9.797 1.50141e-05 1.50104e-05
9798 9.798 1.50034e-05 1.49957e-05
9799 9.799 1.50008e-05 1.50118e-05
9800 9.8 1.49849e-05 1.49858e-05
9801 9.801 1.49963e-05 1.49903e-05
9802 9.802 1.49996e-05 1.50037e-05
9803 9.803 1.50149e-05 1.50219e-05
9804 9.804 1.49656e-05 1.49771e-05
9805 9.805 1.49937e-05 1.49896e-05
9806 9.806 1.50118e-05 1.50232e-05
9807 9.807 1.50033e-05 1.49954e-05
9808 9.808 1.49943e-05 1.50041e-05
9809 9.809 1.50122e-05 1.50122e-05
9810 9.81 1.50026e-05 1.502e-05
9811 9.811 1.50054e-05 1.50149e-05
9812 9.812 1.50262e-05 1.50283e-05
9813 9.813 1.50122e-05 1.50193e-05
9814 9.814 1.50137e-05 1.50258e-05
9815 9.815 1.5015e-05 1.50131e-05
9816 9.816 1.50188e-05 1.50388e-05
9817 9.817 1.50154e-05 1.50058e-05
9818 9.818 1.49866e-05 1.4991e-05
9819 9.819 1.49898e-05 1.49859e-05
9820 9.82 1.50151e-05 1.5027e-05
9821 9.821 1.50024e-05 1.50019e-05
9822 9.822 1.50036e-05 1.50009e-05
9823 9.823 1.50179e-05 1.50172e-05
9824 9.824 1.49931e-05 1.50095e-05
9825 9.825 1.50122e-05 1.50128e-05
9826 9.826 1.50061e-05 1.50012e-05
9827 9.827 1.49876e-05 1.50122e-05
9828 9.828 1.50029e-05 1.50069e-05
9829 9.829 1.49895e-05 1.50021e-05
9830 9.83 1.49908e-05 1.4994e-05
9831 9.831 1.49985e-05 1.50037e-05
9832 9.832 1.49886e-05 1.50009e-05
9833 9.833 1.49968e-05 1.50096e-05
9834 9.834 1.49786e-05 1.49659e-05
9835 9.835 1.50074e-05 1.50133e-05
9836 9.836 1.50159e-05 1.50169e-05
9837 9.837 1.50039e-05 1.49918e-05
9838 9.838 1.49873e-05 1.49831e-05
9839 9.839 1.4996e-05 1.49894e-05
9840 9.84 1.50148e-05 1.50033e-05
9841 9.841 1.49876e-05 1.4976e-05
9842 9.842 1.49787e-05 1.49739e-05
9843 9.843 1.49823e-05 1.49641e-05
9844 9.844 1.50079e-05 1.50039e-05
9845 9.845 1.50075e-05 1.50185e-05
9846 9.846 1.50065e-05 1.49873e-05
9847 9.847 1.49857e-05 1.4952e-05
9848 9.848 1.50189e-05 1.50257e-05
9849 9.849 1.50066e-05 1.49977e-05
9850 9.85 1.49991e-05 1.49994e-05
9851 9.851 1.50007e-05 1.4996e-05
9852 9.852 1.49973e-05 1.49907e-05
9853 9.853 1.50121e-05 1.49995e-05
9854 9.854 1.50068e-05 1.50058e-05
9855 9.855 1.49999e-05 1.50104e-05
9856 9.856 1.49945e-05 1.50014e-05
9857 9.857 1.50169e-05 1.50286e-05
9858 9.858 1.50131e-05 1.502e-05
9859 9.859 1.49978e-05 1.50262e-05
9860 9.86 1.5004e-05 1.50214e-05
9861 9.861 1.49978e-05 1.5003e-05
9862 9.862 1.50024e-05 1.50117e-05
9863 9.863 1.50081e-05 1.50074e-05
9864 9.864 1.49977e-05 1.49982e-05
9865 9.865 1.49848e-05 1.49758e-05
9866 9.866 1.50055e-05 1.50043e-05
9867 9.867 1.50007e-05 1.49959e-05
9868 9.868 1.50109e-05 1.49939e-05
9869 9.869 1.49883e-05 1.49772e-05
9870 9.87 1.50012e-05 1.50027e-05
9871 9.871 1.50036e-05 1.50052e-05
9872 9.872 1.50206e-05 1.50159e-05
9873 9.873 1.50042e-05 1.50075e-05
9874 9.874 1.5008e-05 1.50008e-05
9875 9.875 1.49775e-05 1.49781e-05
9876 9.876 1.49776e-05 1.49893e-05
9877 9.877 1.49895e-05 1.49951e-05
9878 9.878 1.49833e-05 1.49891e-05
9879 9.879 1.50037e-05 1.50157e-05
9880 9.88 1.49904e-05 1.49881e-05
9881 9.881 1.49961e-05 1.50094e-05
9882 9.882 1.49947e-05 1.49871e-05
9883 9.883 1.5001e-05 1.50027e-05
9884 9.884 1.50123e-05 1.50288e-05
9885 9.885 1.50013e-05 1.50013e-05
9886 9.886 1.49949e-05 1.50064e-05
9887 9.887 1.50011e-05 1.49837e-05
9888 9.888 1.50015e-05 1.50065e-05
9889 9.889 1.50156e-05 1.50304e-05
9890 9.89 1.49967e-05 1.4985e-05
9891 9.891 1.49975e-05 1.50003e-05
9892 9.892 1.49973e-05 1.49807e-05
9893 9.893 1.50047e-05 1.50086e-05
9894 9.894 1.49912e-05 1.50023e-05
9895 9.895 1.49995e-05 1.49866e-05
9896 9.896 1.50179e-05 1.50096e-05
9897 9.897 1.5008e-05 1.50011e-05
9898 9.898 1.50073e-05 1.5036e-05
9899 9.899 1.50172e-05 1.50262e-05
9900 9.9 1.50187e-05 1.50023e-05
9901 9.901 1.50273e-05 1.50161e-05
9902 9.902 1.49806e-05 1.49805e-05
9903 9.903 1.50009e-05 1.49865e-05
9904 9.904 1.50031e-05 1.49996e-05
9905 9.905 1.50023e-05 1.50092e-05
9906 9.906 1.49952e-05 1.49867e-05
9907 9.907 1.49984e-05 1.49869e-05
9908 9.908 1.50117e-05 1.49942e-05
9909 9.909 1.4998e-05 1.49926e-05
9910 9.91 1.49996e-05 1.49861e-05
9911 9.911 1.50239e-05 1.50182e-05
9912 9.912 1.49988e-05 1.49948e-05
9913 9.913 1.50085e-05 1.49897e-05
9914 9.914 1.50001e-05 1.50087e-05
9915 9.915 1.50026e-05 1.50274e-05
9916 9.916 1.49751e-05 1.49682e-05
9917 9.917 1.49753e-05 1.49799e-05
9918 9.918 1.49975e-05 1.50056e-05
9919 9.919 1.49834e-05 1.49817e-05
9920 9.92 1.50107e-05 1.50014e-05
9921 9.921 1.50039e-05 1.50049e-05
9922 9.922 1.49984e-05 1.49917e-05
9923 9.923 1.50046e-05 1.5015e-05
9924 9.924 1.50108e-05 1.50088e-05
9925 9.925 1.50128e-05 1.50183e-05
9926 9.926 1.49941e-05 1.50008e-05
9927 9.927 1.50013e-05 1.50054e-05
9928 9.928 1.50051e-05 1.50108e-05
9929 9.929 1.50043e-05 1.49906e-05
9930 9.93 1.50087e-05 1.50058e-05
9931 9.931 1.49889e-05 1.49814e-05
9932 9.932 1.50062e-05 1.50142e-05
9933 9.933 1.50032e-05 1.50039e-05
9934 9.934 1.49993e-05 1.49807e-05
9935 9.935 1.4991e-05 1.49973e-05
9936 9.936 1.50027e-05 1.50102e-05
9937 9.937 1.49923e-05 1.49793e-05
9938 9.938 1.49982e-05 1.50144e-05
9939 9.939 1.49873e-05 1.49817e-05
9940 9.94 1.49966e-05 1.49883e-05
9941 9.941 1.4993e-05 1.49977e-05
9942 9.942 1.49878e-05 1.49918e-05
9943 9.943 1.50114e-05 1.50058e-05
9944 9.944 1.4986e-05 1.49757e-05
9945 9.945 1.50025e-05 1.50011e-05
9946 9.946 1.49779e-05 1.49623e-05
9947 9.947 1.49998e-05 1.49979e-05
9948 9.948 1.49862e-05 1.49963e-05
9949 9.949 1.49772e-05 1.49661e-05
9950 9.95 1.50074e-05 1.50174e-05
9951 9.951 1.50065e-05 1.50068e-05
9952 9.952 1.49958e-05 1.49888e-05
9953 9.953 1.50031e-05 1.49922e-05
9954 9.954 1.50155e-05 1.5019e-05
9955 9.955 1.4983e-05 1.4986e-05
9956 9.956 1.50142e-05 1.50145e-05
9957 9.957 1.50093e-05 1.50005e-05
9958 9.958 1.49987e-05 1.49973e-05
9959 9.959 1.50026e-05 1.50081e-05
9960 9.96 1.49913e-05 1.49818e-05
9961 9.961 1.49999e-05 1.49996e-05
9962 9.962 1.50073e-05 1.50091e-05
9963 9.963 1.50082e-05 1.5016e-05
9964 9.964 1.49948e-05 1.49839e-05
9965 9.965 1.50108e-05 1.50096e-05
9966 9.966 1.49942e-05 1.49918e-05
9967 9.967 1.50076e-05 1.50215e-05
9968 9.968 1.50226e-05 1.50265e-05
9969 9.969 1.50118e-05 1.50067e-05
9970 9.97 1.50015e-05 1.50041e-05
9971 9.971 1.49886e-05 1.49761e-05
9972 9.972 1.49886e-05 1.4987e-05
9973 9.973 1.49889e-05 1.49803e-05
9974 9.974 1.49824e-05 1.49794e-05
9975 9.975 1.49881e-05 1.49871e-05
9976 9.976 1.49911e-05 1.50018e-05
9977 9.977 1.49974e-05 1.5e-05
9978 9.978 1.5004e-05 1.49946e-05
9979 9.979 1.50179e-05 1.49915e-05
9980 9.98 1.50244e-05 1.50175e-05
9981 9.981 1.50019e-05 1.4996e-05
9982 9.982 1.50252e-05 1.50196e-05
9983 9.983 1.5019e-05 1.50217e-05
9984 9.984 1.49942e-05 1.49929e-05
9985 9.985 1.49998e-05 1.49901e-05
9986 9.986 1.49925e-05 1.49755e-05
9987 9.987 1.50038e-05 1.50062e-05
9988 9.988 1.50002e-05 1.50031e-05
9989 9.989 1.49968e-05 1.5008e-05
9990 9.99 1.49917e-05 1.49896e-05
9991 9.991 1.49927e-05 1.49684e-05
9992 9.992 1.50223e-05 1.50223e-05
9993 9.993 1.49987e-05 1.50207e-05
9994 9.994 1.49921e-05 1.5002e-05
9995 9.995 1.4999e-05 1.49966e-05
9996 9.996 1.50122e-05 1.50158e-05
9997 9.997 1.50017e-05 1.50134e-05
9998 9.998 1.50029e-05 1.49974e-05
9999 9.999 1.49961e-05 1.50135e-05
10000 10 1.50082e-05 1.49842e-05
10001 10.001 1.50115e-05 1.50067e-05
10002 10.002 1.50196e-05 1.50305e-05
10003 10.003 1.50114e-05 1.5008e-05
10004 10.004 1.50012e-05 1.50049e-05
10005 10.005 1.50058e-05 1.50227e-05
10006 10.006 1.50097e-05 1.50173e-05
10007 10.007 1.49994e-05 1.49963e-05
10008 10.008 1.50023e-05 1.49888e-05
10009 10.009 1.50368e-05 1.50122e-05
10010 10.01 1.49893e-05 1.49939e-05
10011 10.011 1.50035e-05 1.49933e-05
10012 10.012 1.49845e-05 1.49822e-05
10013 10.013 1.50025e-05 1.4996e-05
10014 10.014 1.49861e-05 1.49792e-05
10015 10.015 1.49756e-05 1.49802e-05
10016 10.016 1.50066e-05 1.49895e-05
10017 10.017 1.49796e-05 1.49799e-05
10018 10.018 1.50019e-05 1.50049e-05
10019 10.019 1.50015e-05 1.50034e-05
10020 10.02 1.50407e-05 1.50344e-05
10021 10.021 1.49932e-05 1.49831e-05
10022 10.022 1.50061e-05 1.5004e-05
10023 10.023 1.50085e-05 1.50106e-05
10024 10.024 1.50117e-05 1.5006e-05
10025 10.025 1.50193e-05 1.50305e-05
10026 10.026 1.50108e-05 1.50263e-05
10027 10.027 1.50003e-05 1.49911e-05
10028 10.028 1.50071e-05 1.50106e-05
10029 10.029 1.50126e-05 1.50094e-05
10030 10.03 1.49965e-05 1.49873e-05
10031 10.031 1.50095e-05 1.5006e-05
10032 10.032 1.50145e-05 1.50136e-05
10033 10.033 1.49868e-05 1.49838e-05
10034 10.034 1.50101e-05 1.50012e-05
10035 10.035 1.50042e-05 1.49815e-05
10036 10.036 1.4994e-05 1.50075e-05
10037 10.037 1.50034e-05 1.50239e-05
10038 10.038 1.49825e-05 1.49945e-05
10039 10.039 1.49907e-05 1.49907e-05
10040 10.04 1.50013e-05 1.50139e-05
10041 10.041 1.50024e-05 1.49937e-05
10042 10.042 1.50066e-05 1.49889e-05
10043 10.043 1.49775e-05 1.49812e-05
10044 10.044 1.49859e-05 1.49861e-05
10045 10.045 1.50095e-05 1.50173e-05
10046 10.046 1.49926e-05 1.49949e-05
10047 10.047 1.49972e-05 1.49827e-05
10048 10.048 1.4983e-05 1.49637e-05
10049 10.049 1.50088e-05 1.50092e-05
10050 10.05 1.50187e-05 1.5032e-05
10051 10.051 1.50081e-05 1.50079e-05
10052 10.052 1.50034e-05 1.50111e-05
10053 10.053 1.50042e-05 1.4987e-05
10054 10.054 1.49981e-05 1.50102e-05
10055 10.055 1.50011e-05 1.4989e-05
10056 10.056 1.49981e-05 1.50031e-05
10057 10.057 1.49852e-05 1.50034e-05
10058 10.058 1.49986e-05 1.49995e-05
10059 10.059 1.50094e-05 1.50077e-05
10060 10.06 1.50065e-05 1.49976e-05
10061 10.061 1.49805e-05 1.49647e-05
10062 10.062 1.4993e-05 1.49897e-05
10063 10.063 1.49892e-05 1.49641e-05
10064 10.064 1.49847e-05 1.49868e-05
10065 10.065 1.49931e-05 1.4988e-05
10066 10.066 1.50089e-05 1.5025e-05
10067 10.067 1.49946e-05 1.50029e-05
10068 10.068 1.50199e-05 1.50346e-05
10069 10.069 1.50113e-05 1.50102e-05
10070 10.07 1.5024e-05 1.50229e-05
10071 10.071 1.50168e-05 1.49977e-05
10072 10.072 1.50112e-05 1.50041e-05
10073 10.073 1.50149e-05 1.50122e-05
10074 10.074 1.49959e-05 1.4996e-05
10075 10.075 1.50093e-05 1.49998e-05
10076 10.076 1.49984e-05 1.49937e-05
10077 10.077 1.49916e-05 1.49965e-05
10078 10.078 1.50059e-05 1.50119e-05
10079 10.079 1.50045e-05 1.50153e-05
10080 10.08 1.50125e-05 1.49947e-05
10081 10.081 1.50263e-05 1.5023e-05
10082 10.082 1.49881e-05 1.49931e-05
10083 10.083 1.50016e-05 1.49865e-05
10084 10.084 1.4977e-05 1.49658e-05
10085 10.085 1.50023e-05 1.50023e-05
10086 10.086 1.50073e-05 1.49996e-05
10087 10.087 1.49896e-05 1.49994e-05
10088 10.088 1.49902e-05 1.49816e-05
10089 10.089 1.50124e-05 1.50148e-05
10090 10.09 1.50097e-05 1.49893e-05
10091 10.091 1.50022e-05 1.50001e-05
10092 10.092 1.5005e-05 1.50058e-05
10093 10.093 1.50142e-05 1.50174e-05
10094 10.094 1.50245e-05 1.50047e-05
10095 10.095 1.50192e-05 1.50132e-05
10096 10.096 1.50054e-05 1.5012e-05
10097 10.097 1.50212e-05 1.50268e-05
10098 10.098 1.4985e-05 1.49989e-05
10099 10.099 1.49905e-05 1.49856e-05
10100 10.1 1.50005e-05 1.50137e-05
10101 10.101 1.50059e-05 1.50074e-05
10102 10.102 1.50113e-05 1.50171e-05
10103 10.103 1.49997e-05 1.50039e-05
10104 10.104 1.49841e-05 1.49704e-05
10105 10.105 1.50227e-05 1.50299e-05
10106 10.106 1.50204e-05 1.50096e-05
10107 10.107 1.49869e-05 1.50024e-05
10108 10.108 1.50171e-05 1.50113e-05
10109 10.109 1.50136e-05 1.50237e-05
10110 10.11 1.49767e-05 1.49836e-05
10111 10.111 1.50208e-05 1.50201e-05
10112 10.112 1.50236e-05 1.50128e-05
10113 10.113 1.50083e-05 1.49965e-05
10114 10.114 1.50159e-05 1.5015e-05
10115 10.115 1.49947e-05 1.50035e-05
10116 10.116 1.49921e-05 1.49864e-05
10117 10.117 1.50064e-05 1.50078e-05
10118 10.118 1.49977e-05 1.50159e-05
10119 10.119 1.5005e-05 1.50147e-05
10120 10.12 1.50158e-05 1.50111e-05
10121 10.121 1.50085e-05 1.50105e-05
10122 10.122 1.49898e-05 1.50118e-05
10123 10.123 1.49939e-05 1.49705e-05
10124 10.124 1.50022e-05 1.50119e-05
10125 10.125 1.50033e-05 1.50037e-05
10126 10.126 1.49983e-05 1.50147e-05
10127 10.127 1.4998e-05 1.4997e-05
10128 10.128 1.49838e-05 1.49805e-05
10129 10.129 1.49904e-05 1.49929e-05
10130 10.13 1.49695e-05 1.49648e-05
10131 10.131 1.49973e-05 1.4976e-05
10132 10.132 1.49946e-05 1.498e-05
10133 10.133 1.49925e-05 1.50085e-05
10134 10.134 1.49926e-05 1.49802e-05
10135 10.135 1.49773e-05 1.49711e-05
10136 10.136 1.49809e-05 1.49801e-05
10137 10.137 1.49893e-05 1.49684e-05
10138 10.138 1.49805e-05 1.49649e-05
10139 10.139 1.49702e-05 1.49652e-05
10140 10.14 1.49975e-05 1.50148e-05
10141 10.141 1.50106e-05 1.49908e-05
10142 10.142 1.49955e-05 1.50091e-05
10143 10.143 1.50031e-05 1.50098e-05
10144 10.144 1.50038e-05 1.50122e-05
10145 10.145 1.50037e-05 1.5003e-05
10146 10.146 1.4989e-05 1.49847e-05
10147 10.147 1.50026e-05 1.50026e-05
10148 10.148 1.50003e-05 1.5009e-05
10149 10.149 1.5012e-05 1.50087e-05
10150 10.15 1.49893e-05 1.49743e-05
10151 10.151 1.50248e-05 1.49973e-05
10152 10.152 1.50164e-05 1.5007e-05
10153 10.153 1.49933e-05 1.49953e-05
10154 10.154 1.5016e-05 1.50275e-05
10155 10.155 1.50186e-05 1.50207e-05
10156 10.156 1.50145e-05 1.50175e-05
10157 10.157 1.49914e-05 1.49954e-05
10158 10.158 1.49807e-05 1.49737e-05
10159 10.159 1.49993e-05 1.49834e-05
10160 10.16 1.50128e-05 1.49972e-05
10161 10.161 1.4986e-05 1.49911e-05
10162 10.162 1.50287e-05 1.50262e-05
10163 10.163 1.50193e-05 1.50007e-05
10164 10.164 1.5019e-05 1.50092e-05
10165 10.165 1.50108e-05 1.50111e-05
10166 10.166 1.49999e-05 1.50005e-05
10167 10.167 1.5004e-05 1.50045e-05
10168 10.168 1.50221e-05 1.50045e-05
10169 10.169 1.50193e-05 1.50271e-05
10170 10.17 1.49981e-05 1.49748e-05
10171 10.171 1.49956e-05 1.49915e-05
10172 10.172 1.50217e-05 1.50167e-05
10173 10.173 1.49954e-05 1.49845e-05
10174 10.174 1.49949e-05 1.50145e-05
10175 10.175 1.49958e-05 1.49954e-05
10176 10.176 1.50183e-05 1.50006e-05
10177 10.177 1.49986e-05 1.49964e-05
10178 10.178 1.5015e-05 1.50152e-05
10179 10.179 1.50113e-05 1.50209e-05
10180 10.18 1.50041e-05 1.49975e-05
10181 10.181 1.50024e-05 1.50127e-05
10182 10.182 1.50102e-05 1.49984e-05
10183 10.183 1.50104e-05 1.49986e-05
10184 10.184 1.50027e-05 1.50021e-05
10185 10.185 1.49922e-05 1.49938e-05
10186 10.186 1.4994e-05 1.49912e-05
10187 10.187 1.501e-05 1.50101e-05
10188 10.188 1.49886e-05 1.49788e-05
10189 10.189 1.50161e-05 1.50128e-05
10190 10.19 1.50147e-05 1.50113e-05
10191 10.191 1.4979e-05 1.49753e-05
10192 10.192 1.50026e-05 1.50061e-05
10193 10.193 1.50247e-05 1.50206e-05
10194 10.194 1.50025e-05 1.49848e-05
10195 10.195 1.50013e-05 1.49953e-05
10196 10.196 1.49692e-05 1.49705e-05
10197 10.197 1.50043e-05 1.50035e-05
10198 10.198 1.49889e-05 1.49812e-05
10199 10.199 1.49816e-05 1.49694e-05
10200 10.2 1.50037e-05 1.49982e-05
10201 10.201 1.49987e-05 1.50071e-05
10202 10.202 1.49783e-05 1.49773e-05
10203 10.203 1.50178e-05 1.5016e-05
10204 10.204 1.49921e-05 1.4969e-05
10205 10.205 1.50187e-05 1.4997e-05
10206 10.206 1.50009e-05 1.50173e-05
10207 10.207 1.50183e-05 1.50034e-05
10208 10.208 1.50016e-05 1.50004e-05
10209 10.209 1.50016e-05 1.49795e-05
10210 10.21 1.49917e-05 1.49898e-05
10211 10.211 1.50108e-05 1.49919e-05
10212 10.212 1.49989e-05 1.50073e-05
10213 10.213 1.49731e-05 1.49729e-05
10214 10.214 1.49958e-05 1.49935e-05
10215 10.215 1.49829e-05 1.49675e-05
10216 10.216 1.50042e-05 1.49916e-05
10217 10.217 1.49954e-05 1.49974e-05
10218 10.218 1.50053e-05 1.50028e-05
10219 10.219 1.49924e-05 1.49783e-05
10220 10.22 1.50002e-05 1.50034e-05
10221 10.221 1.50013e-05 1.4981e-05
10222 10.222 1.50236e-05 1.49903e-05
10223 10.223 1.5029e-05 1.50304e-05
10224 10.224 1.49906e-05 1.49853e-05
10225 10.225 1.50143e-05 1.50105e-05
10226 10.226 1.50151e-05 1.50243e-05
10227 10.227 1.50018e-05 1.49898e-05
10228 10.228 1.50189e-05 1.50098e-05
10229 10.229 1.50117e-05 1.50116e-05
10230 10.23 1.50047e-05 1.50156e-05
10231 10.231 1.50303e-05 1.50247e-05
10232 10.232 1.50039e-05 1.49833e-05
10233 10.233 1.50068e-05 1.49932e-05
10234 10.234 1.50083e-05 1.49918e-05
10235 10.235 1.50079e-05 1.49983e-05
10236 10.236 1.49992e-05 1.49844e-05
10237 10.237 1.50201e-05 1.50241e-05
10238 10.238 1.50237e-05 1.50225e-05
10239 10.239 1.49981e-05 1.49818e-05
10240 10.24 1.50202e-05 1.50205e-05
10241 10.241 1.50047e-05 1.49984e-05
10242 10.242 1.50029e-05 1.50235e-05
10243 10.243 1.50108e-05 1.50101e-05
10244 10.244 1.49854e-05 1.49647e-05
10245 10.245 1.50022e-05 1.49854e-05
10246 10.246 1.50071e-05 1.50056e-05
10247 10.247 1.50079e-05 1.50247e-05
10248 10.248 1.49992e-05 1.50063e-05
10249 10.249 1.50171e-05 1.50135e-05
10250 10.25 1.50062e-05 1.49928e-05
10251 10.251 1.49839e-05 1.49774e-05
10252 10.252 1.50148e-05 1.50025e-05
10253 10.253 1.49943e-05 1.49978e-05
10254 10.254 1.50147e-05 1.50141e-05
10255 10.255 1.50148e-05 1.50161e-05
10256 10.256 1.49933e-05 1.4987e-05
10257 10.257 1.50111e-05 1.5016e-05
10258 10.258 1.50091e-05 1.49863e-05
10259 10.259 1.50141e-05 1.50035e-05
10260 10.26 1.50086e-05 1.50096e-05
10261 10.261 1.50191e-05 1.50228e-05
10262 10.262 1.49839e-05 1.49748e-05
10263 10.263 1.49948e-05 1.49757e-05
10264 10.264 1.50224e-05 1.50304e-05
10265 10.265 1.5013e-05 1.50156e-05
10266 10.266 1.50283e-05 1.50297e-05
10267 10.267 1.50011e-05 1.50043e-05
10268 10.268 1.50037e-05 1.49918e-05
10269 10.269 1.50054e-05 1.50032e-05
10270 10.27 1.4983e-05 1.49725e-05
10271 10.271 1.50223e-05 1.50146e-05
10272 10.272 1.5009e-05 1.49891e-05
10273 10.273 1.50248e-05 1.50311e-05
10274 10.274 1.50333e-05 1.50388e-05
10275 10.275 1.5007e-05 1.50149e-05
10276 10.276 1.50215e-05 1.50139e-05
10277 10.277 1.50224e-05 1.50071e-05
10278 10.278 1.50235e-05 1.50169e-05
10279 10.279 1.50092e-05 1.49939e-05
10280 10.28 1.50039e-05 1.49921e-05
10281 10.281 1.5008e-05 1.50168e-05
10282 10.282 1.49946e-05 1.49871e-05
10283 10.283 1.50158e-05 1.50314e-05
10284 10.284 1.50067e-05 1.50035e-05
10285 10.285 1.50063e-05 1.50007e-05
10286 10.286 1.50083e-05 1.5024e-05
10287 10.287 1.50155e-05 1.50049e-05
10288 10.288 1.50062e-05 1.50184e-05
10289 10.289 1.50236e-05 1.50444e-05
10290 10.29 1.50173e-05 1.50025e-05
10291 10.291 1.50213e-05 1.50279e-05
10292 10.292 1.49848e-05 1.4995e-05
10293 10.293 1.50132e-05 1.50128e-05
10294 10.294 1.49985e-05 1.49964e-05
10295 10.295 1.50159e-05 1.50015e-05
10296 10.296 1.49982e-05 1.49899e-05
10297 10.297 1.50149e-05 1.50168e-05
10298 10.298 1.50033e-05 1.50046e-05
10299 10.299 1.50183e-05 1.50022e-05
10300 10.3 1.50068e-05 1.50042e-05
10301 10.301 1.50126e-05 1.50077e-05
10302 10.302 1.49909e-05 1.49874e-05
10303 10.303 1.50241e-05 1.502e-05
10304 10.304 1.50081e-05 1.5007e-05
10305 10.305 1.50189e-05 1.50329e-05
10306 10.306 1.50039e-05 1.50152e-05
10307 10.307 1.49974e-05 1.501e-05
10308 10.308 1.5029e-05 1.5033e-05
10309 10.309 1.50072e-05 1.50061e-05
10310 10.31 1.49794e-05 1.49846e-05
10311 10.311 1.50009e-05 1.49968e-05
10312 10.312 1.50026e-05 1.49952e-05
10313 10.313 1.50078e-05 1.50135e-05
10314 10.314 1.50173e-05 1.50023e-05
10315 10.315 1.50189e-05 1.50274e-05
10316 10.316 1.49741e-05 1.49527e-05
10317 10.317 1.4996e-05 1.49903e-05
10318 10.318 1.50221e-05 1.50259e-05
10319 10.319 1.50265e-05 1.50392e-05
10320 10.32 1.50128e-05 1.50059e-05
10321 10.321 1.49951e-05 1.49784e-05
10322 10.322 1.50183e-05 1.50135e-05
10323 10.323 1.50213e-05 1.50183e-05
10324 10.324 1.50044e-05 1.50028e-05
10325 10.325 1.50168e-05 1.50235e-05
10326 10.326 1.50121e-05 1.50162e-05
10327 10.327 1.50053e-05 1.49893e-05
10328 10.328 1.50128e-05 1.5018e-05
10329 10.329 1.50068e-05 1.50079e-05
10330 10.33 1.50005e-05 1.50023e-05
10331 10.331 1.50006e-05 1.50047e-05
10332 10.332 1.50093e-05 1.50054e-05
10333 10.333 1.50035e-05 1.5011e-05
10334 10.334 1.49886e-05 1.49885e-05
10335 10.335 1.49883e-05 1.50004e-05
10336 10.336 1.50026e-05 1.50168e-05
10337 10.337 1.4978e-05 1.49878e-05
10338 10.338 1.49868e-05 1.49775e-05
10339 10.339 1.49819e-05 1.49825e-05
10340 10.34 1.49777e-05 1.49864e-05
10341 10.341 1.50002e-05 1.49861e-05
10342 10.342 1.50004e-05 1.49967e-05
10343 10.343 1.49968e-05 1.50048e-05
10344 10.344 1.50061e-05 1.50214e-05
10345 10.345 1.50194e-05 1.50316e-05
10346 10.346 1.49981e-05 1.49902e-05
10347 10.347 1.50155e-05 1.50155e-05
10348 10.348 1.49963e-05 1.50163e-05
10349 10.349 1.50133e-05 1.5018e-05
10350 10.35 1.49962e-05 1.5004e-05
10351 10.351 1.50066e-05 1.49996e-05
10352 10.352 1.50066e-05 1.50048e-05
10353 10.353 1.49976e-05 1.49783e-05
10354 10.354 1.50133e-05 1.50064e-05
10355 10.355 1.49944e-05 1.4985e-05
10356 10.356 1.50139e-05 1.50153e-05
10357 10.357 1.49741e-05 1.49671e-05
10358 10.358 1.5017e-05 1.50267e-05
10359 10.359 1.50081e-05 1.50073e-05
10360 10.36 1.50124e-05 1.49987e-05
10361 10.361 1.49997e-05 1.5002e-05
10362 10.362 1.50063e-05 1.50099e-05
10363 10.363 1.50056e-05 1.50178e-05
10364 10.364 1.5017e-05 1.50049e-05
10365 10.365 1.50177e-05 1.50176e-05
10366 10.366 1.50057e-05 1.50153e-05
10367 10.367 1.49883e-05 1.50043e-05
10368 10.368 1.49887e-05 1.49807e-05
10369 10.369 1.49843e-05 1.49871e-05
10370 10.37 1.4983e-05 1.49814e-05
10371 10.371 1.50251e-05 1.50109e-05
10372 10.372 1.49975e-05 1.50022e-05
10373 10.373 1.49851e-05 1.49956e-05
10374 10.374 1.50055e-05 1.50101e-05
10375 10.375 1.49887e-05 1.49739e-05
10376 10.376 1.50049e-05 1.50009e-05
10377 10.377 1.49896e-05 1.49751e-05
10378 10.378 1.49872e-05 1.49833e-05
10379 10.379 1.50009e-05 1.49975e-05
10380 10.38 1.49776e-05 1.49756e-05
10381 10.381 1.49969e-05 1.50104e-05
10382 10.382 1.4998e-05 1.5015e-05
10383 10.383 1.49949e-05 1.50067e-05
10384 10.384 1.50043e-05 1.50021e-05
10385 10.385 1.50119e-05 1.50095e-05
10386 10.386 1.49914e-05 1.4993e-05
10387 10.387 1.49894e-05 1.49992e-05
10388 10.388 1.49876e-05 1.49906e-05
10389 10.389 1.5014e-05 1.50273e-05
10390 10.39 1.49871e-05 1.49868e-05
10391 10.391 1.50103e-05 1.50158e-05
10392 10.392 1.50065e-05 1.49936e-05
10393 10.393 1.49951e-05 1.49942e-05
10394 10.394 1.50229e-05 1.50204e-05
10395 10.395 1.50051e-05 1.50085e-05
10396 10.396 1.5e-05 1.50129e-05
10397 10.397 1.50073e-05 1.49992e-05
10398 10.398 1.49902e-05 1.49885e-05
10399 10.399 1.50089e-05 1.50258e-05
10400 10.4 1.49844e-05 1.49726e-05
10401 10.401 1.50132e-05 1.49971e-05
10402 10.402 1.49974e-05 1.49779e-05
10403 10.403 1.50054e-05 1.50213e-05
10404 10.404 1.50055e-05 1.50215e-05
10405 10.405 1.49908e-05 1.49995e-05
10406 10.406 1.50059e-05 1.50071e-05
10407 10.407 1.50154e-05 1.50133e-05
10408 10.408 1.50115e-05 1.50076e-05
10409 10.409 1.49851e-05 1.49922e-05
10410 10.41 1.50006e-05 1.50089e-05
10411 10.411 1.50003e-05 1.49844e-05
10412 10.412 1.50091e-05 1.50044e-05
10413 10.413 1.49961e-05 1.4995e-05
10414 10.414 1.49837e-05 1.49789e-05
10415 10.415 1.49945e-05 1.50134e-05
10416 10.416 1.50049e-05 1.50172e-05
10417 10.417 1.49921e-05 1.50007e-05
10418 10.418 1.49975e-05 1.49944e-05
10419 10.419 1.49832e-05 1.49906e-05
10420 10.42 1.50084e-05 1.50022e-05
10421 10.421 1.5014e-05 1.50139e-05
10422 10.422 1.50081e-05 1.49866e-05
10423 10.423 1.50066e-05 1.50162e-05
10424 10.424 1.50233e-05 1.5002e-05
10425 10.425 1.50109e-05 1.50031e-05
10426 10.426 1.50234e-05 1.50275e-05
10427 10.427 1.5026e-05 1.50313e-05
10428 10.428 1.50262e-05 1.50218e-05
10429 10.429 1.49986e-05 1.49989e-05
10430 10.43 1.49814e-05 1.49869e-05
10431 10.431 1.49971e-05 1.49852e-05
10432 10.432 1.50175e-05 1.49819e-05
10433 10.433 1.5017e-05 1.50208e-05
10434 10.434 1.50013e-05 1.49869e-05
10435 10.435 1.50214e-05 1.49947e-05
10436 10.436 1.49992e-05 1.49934e-05
10437 10.437 1.50155e-05 1.50081e-05
10438 10.438 1.5003e-05 1.49886e-05
10439 10.439 1.5014e-05 1.50025e-05
10440 10.44 1.50019e-05 1.49833e-05
10441 10.441 1.50028e-05 1.50062e-05
10442 10.442 1.499e-05 1.49743e-05
10443 10.443 1.50076e-05 1.49996e-05
10444 10.444 1.50003e-05 1.50047e-05
10445 10.445 1.50108e-05 1.5032e-05
10446 10.446 1.49937e-05 1.49875e-05
10447 10.447 1.50038e-05 1.50034e-05
10448 10.448 1.50298e-05 1.50403e-05
10449 10.449 1.49819e-05 1.49948e-05
10450 10.45 1.50084e-05 1.50109e-05
10451 10.451 1.50107e-05 1.5012e-05
10452 10.452 1.50082e-05 1.50034e-05
10453 10.453 1.50068e-05 1.50126e-05
10454 10.454 1.50073e-05 1.50097e-05
10455 10.455 1.50099e-05 1.49988e-05
10456 10.456 1.50009e-05 1.50164e-05
10457 10.457 1.50004e-05 1.49911e-05
10458 10.458 1.50139e-05 1.50128e-05
10459 10.459 1.50018e-05 1.49978e-05
10460 10.46 1.50334e-05 1.50401e-05
10461 10.461 1.49889e-05 1.49902e-05
10462 10.462 1.49902e-05 1.49908e-05
10463 10.463 1.5e-05 1.50009e-05
10464 10.464 1.502e-05 1.50221e-05
10465 10.465 1.50114e-05 1.50096e-05
10466 10.466 1.50028e-05 1.49938e-05
10467 10.467 1.50227e-05 1.50225e-05
10468 10.468 1.50186e-05 1.50371e-05
10469 10.469 1.50081e-05 1.50009e-05
10470 10.47 1.4983e-05 1.49859e-05
10471 10.471 1.50043e-05 1.49954e-05
10472 10.472 1.5016e-05 1.5014e-05
10473 10.473 1.50088e-05 1.50009e-05
10474 10.474 1.49998e-05 1.49993e-05
10475 10.475 1.50216e-05 1.5028e-05
10476 10.476 1.50211e-05 1.50123e-05
10477 10.477 1.49931e-05 1.49889e-05
10478 10.478 1.49854e-05 1.49886e-05
10479 10.479 1.50084e-05 1.50209e-05
10480 10.48 1.50087e-05 1.50112e-05
10481 10.481 1.50075e-05 1.49998e-05
10482 10.482 1.49848e-05 1.49772e-05
10483 10.483 1.50027e-05 1.50017e-05
10484 10.484 1.49959e-05 1.49968e-05
10485 10.485 1.49883e-05 1.49886e-05
10486 10.486 1.4983e-05 1.49579e-05
10487 10.487 1.49957e-05 1.4988e-05
10488 10.488 1.49939e-05 1.49796e-05
10489 10.489 1.49999e-05 1.50128e-05
10490 10.49 1.50137e-05 1.50037e-05
10491 10.491 1.50078e-05 1.50007e-05
10492 10.492 1.50147e-05 1.50101e-05
10493 10.493 1.49882e-05 1.49631e-05
10494 10.494 1.49968e-05 1.4988e-05
10495 10.495 1.49829e-05 1.49899e-05
10496 10.496 1.49915e-05 1.49955e-05
10497 10.497 1.49937e-05 1.49927e-05
10498 10.498 1.49932e-05 1.49998e-05
10499 10.499 1.50015e-05 1.49666e-05
10500 10.5 1.49973e-05 1.49877e-05
10501 10.501 1.50041e-05 1.50185e-05
10502 10.502 1.49818e-05 1.49827e-05
10503 10.503 1.50131e-05 1.50195e-05
10504 10.504 1.50028e-05 1.50019e-05
10505 10.505 1.49911e-05 1.4981e-05
10506 10.506 1.5004e-05 1.50184e-05
10507 10.507 1.50084e-05 1.50164e-05
10508 10.508 1.50124e-05 1.50069e-05
10509 10.509 1.49967e-05 1.50031e-05
10510 10.51 1.50181e-05 1.50318e-05
10511 10.511 1.50141e-05 1.50132e-05
10512 10.512 1.50064e-05 1.50129e-05
10513 10.513 1.49725e-05 1.4991e-05
10514 10.514 1.49996e-05 1.49966e-05
10515 10.515 1.50053e-05 1.50091e-05
10516 10.516 1.50077e-05 1.50204e-05
10517 10.517 1.50098e-05 1.49948e-05
10518 10.518 1.50033e-05 1.50069e-05
10519 10.519 1.50216e-05 1.50203e-05
10520 10.52 1.4981e-05 1.49611e-05
10521 10.521 1.50016e-05 1.49954e-05
10522 10.522 1.50031e-05 1.50053e-05
10523 10.523 1.50127e-05 1.50057e-05
10524 10.524 1.50065e-05 1.49915e-05
10525 10.525 1.49999e-05 1.50014e-05
10526 10.526 1.49894e-05 1.4998e-05
10527 10.527 1.49865e-05 1.49921e-05
10528 10.528 1.49831e-05 1.49724e-05
10529 10.529 1.49723e-05 1.49876e-05
10530 10.53 1.50034e-05 1.50055e-05
10531 10.531 1.50012e-05 1.49886e-05
10532 10.532 1.50035e-05 1.49954e-05
10533 10.533 1.50017e-05 1.50018e-05
10534 10.534 1.50137e-05 1.50084e-05
10535 10.535 1.5013e-05 1.50054e-05
10536 10.536 1.50069e-05 1.50045e-05
10537 10.537 1.50143e-05 1.50103e-05
10538 10.538 1.50053e-05 1.49981e-05
10539 10.539 1.49986e-05 1.49848e-05
10540 10.54 1.50174e-05 1.50046e-05
10541 10.541 1.50039e-05 1.5017e-05
10542 10.542 1.5011e-05 1.50014e-05
10543 10.543 1.50209e-05 1.50326e-05
10544 10.544 1.50007e-05 1.50097e-05
10545 10.545 1.49963e-05 1.49976e-05
10546 10.546 1.50188e-05 1.50208e-05
10547 10.547 1.49931e-05 1.49827e-05
10548 10.548 1.49909e-05 1.4994e-05
10549 10.549 1.49941e-05 1.4999e-05
10550 10.55 1.50127e-05 1.50104e-05
10551 10.551 1.49943e-05 1.50078e-05
10552 10.552 1.50079e-05 1.50103e-05
10553 10.553 1.49931e-05 1.50061e-05
10554 10.554 1.49817e-05 1.49898e-05
10555 10.555 1.4986e-05 1.49729e-05
10556 10.556 1.50108e-05 1.5012e-05
10557 10.557 1.49879e-05 1.49956e-05
10558 10.558 1.49969e-05 1.49807e-05
10559 10.559 1.49958e-05 1.49994e-05
10560 10.56 1.50058e-05 1.50207e-05
10561 10.561 1.49973e-05 1.50013e-05
10562 10.562 1.49919e-05 1.49993e-05
10563 10.563 1.49932e-05 1.49809e-05
10564 10.564 1.49917e-05 1.49853e-05
10565 10.565 1.50002e-05 1.50086e-05
10566 10.566 1.50083e-05 1.50235e-05
10567 10.567 1.49838e-05 1.49703e-05
10568 10.568 1.50084e-05 1.49864e-05
10569 10.569 1.50128e-05 1.50272e-05
10570 10.57 1.49877e-05 1.49979e-05
10571 10.571 1.50066e-05 1.50019e-05
10572 10.572 1.49672e-05 1.4961e-05
10573 10.573 1.49942e-05 1.50092e-05
10574 10.574 1.49976e-05 1.50055e-05
10575 10.575 1.50016e-05 1.50087e-05
10576 10.576 1.49968e-05 1.50087e-05
10577 10.577 1.50261e-05 1.50206e-05
10578 10.578 1.50068e-05 1.49921e-05
10579 10.579 1.50018e-05 1.49915e-05
10580 10.58 1.49908e-05 1.4974e-05
10581 10.581 1.5001e-05 1.50073e-05
10582 10.582 1.50004e-05 1.49979e-05
10583 10.583 1.50009e-05 1.49922e-05
10584 10.584 1.50089e-05 1.5e-05
10585 10.585 1.49931e-05 1.49999e-05
10586 10.586 1.49866e-05 1.49895e-05
10587 10.587 1.50107e-05 1.50096e-05
10588 10.588 1.5003e-05 1.4989e-05
10589 10.589 1.50125e-05 1.50016e-05
10590 10.59 1.49884e-05 1.49894e-05
10591 10.591 1.50018e-05 1.50081e-05
10592 10.592 1.50167e-05 1.50214e-05
10593 10.593 1.50102e-05 1.49977e-05
10594 10.594 1.50264e-05 1.50085e-05
10595 10.595 1.4993e-05 1.50035e-05
10596 10.596 1.50146e-05 1.50116e-05
10597 10.597 1.49956e-05 1.4996e-05
10598 10.598 1.50158e-05 1.50095e-05
10599 10.599 1.50112e-05 1.50141e-05
10600 10.6 1.50205e-05 1.50175e-05
10601 10.601 1.50382e-05 1.50457e-05
10602 10.602 1.50057e-05 1.5026e-05
10603 10.603 1.50005e-05 1.50005e-05
10604 10.604 1.49961e-05 1.49746e-05
10605 10.605 1.50003e-05 1.49997e-05
10606 10.606 1.4993e-05 1.49848e-05
10607 10.607 1.50167e-05 1.50141e-05
10608 10.608 1.50196e-05 1.49896e-05
10609 10.609 1.49982e-05 1.50044e-05
10610 10.61 1.50122e-05 1.49941e-05
10611 10.611 1.49841e-05 1.49776e-05
10612 10.612 1.49957e-05 1.49748e-05
10613 10.613 1.50193e-05 1.50174e-05
10614 10.614 1.49995e-05 1.50095e-05
10615 10.615 1.50053e-05 1.49999e-05
10616 10.616 1.50037e-05 1.50068e-05
10617 10.617 1.50006e-05 1.50059e-05
10618 10.618 1.50207e-05 1.50178e-05
10619 10.619 1.5013e-05 1.50227e-05
10620 10.62 1.49929e-05 1.49935e-05
10621 10.621 1.50048e-05 1.49978e-05
10622 10.622 1.50181e-05 1.50217e-05
10623 10.623 1.50218e-05 1.50273e-05
10624 10.624 1.5005e-05 1.49879e-05
10625 10.625 1.49965e-05 1.49983e-05
10626 10.626 1.50039e-05 1.49886e-05
10627 10.627 1.50078e-05 1.50017e-05
10628 10.628 1.50087e-05 1.50256e-05
10629 10.629 1.49965e-05 1.49901e-05
10630 10.63 1.49944e-05 1.5002e-05
10631 10.631 1.50087e-05 1.50142e-05
10632 10.632 1.5016e-05 1.50136e-05
10633 10.633 1.50189e-05 1.50109e-05
10634 10.634 1.49872e-05 1.5003e-05
10635 10.635 1.50127e-05 1.50248e-05
10636 10.636 1.50031e-05 1.50046e-05
10637 10.637 1.50108e-05 1.5033e-05
10638 10.638 1.50105e-05 1.50079e-05
10639 10.639 1.50016e-05 1.49971e-05
10640 10.64 1.50043e-05 1.49956e-05
10641 10.641 1.49967e-05 1.49772e-05
10642 10.642 1.50295e-05 1.50278e-05
10643 10.643 1.50032e-05 1.5016e-05
10644 10.644 1.50046e-05 1.50092e-05
10645 10.645 1.50096e-05 1.50106e-05
10646 10.646 1.50304e-05 1.50252e-05
10647 10.647 1.50007e-05 1.50029e-05
10648 10.648 1.49987e-05 1.49959e-05
10649 10.649 1.50023e-05 1.50204e-05
10650 10.65 1.49835e-05 1.49969e-05
10651 10.651 1.49887e-05 1.49865e-05
10652 10.652 1.50204e-05 1.50091e-05
10653 10.653 1.50142e-05 1.49866e-05
10654 10.654 1.49772e-05 1.49707e-05
10655 10.655 1.49986e-05 1.49794e-05
10656 10.656 1.4984e-05 1.4985e-05
10657 10.657 1.49866e-05 1.49805e-05
10658 10.658 1.49955e-05 1.49843e-05
10659 10.659 1.50199e-05 1.50171e-05
10660 10.66 1.50284e-05 1.50202e-05
10661 10.661 1.5004e-05 1.49898e-05
10662 10.662 1.50008e-05 1.50169e-05
10663 10.663 1.49877e-05 1.49802e-05
10664 10.664 1.50121e-05 1.5015e-05
10665 10.665 1.50252e-05 1.50366e-05
10666 10.666 1.50002e-05 1.50074e-05
10667 10.667 1.50312e-05 1.50363e-05
10668 10.668 1.50238e-05 1.50241e-05
10669 10.669 1.50216e-05 1.50068e-05
10670 10.67 1.50287e-05 1.50366e-05
10671 10.671 1.50112e-05 1.50091e-05
10672 10.672 1.50252e-05 1.50219e-05
10673 10.673 1.50175e-05 1.50222e-05
10674 10.674 1.50212e-05 1.50076e-05
10675 10.675 1.5019e-05 1.50319e-05
10676 10.676 1.5001e-05 1.50103e-05
10677 10.677 1.49978e-05 1.49988e-05
10678 10.678 1.49992e-05 1.4997e-05
10679 10.679 1.49963e-05 1.49833e-05
10680 10.68 1.50036e-05 1.50016e-05
10681 10.681 1.50245e-05 1.50134e-05
10682 10.682 1.50145e-05 1.50119e-05
10683 10.683 1.49982e-05 1.50074e-05
10684 10.684 1.50056e-05 1.50158e-05
10685 10.685 1.50255e-05 1.50526e-05
10686 10.686 1.50214e-05 1.50363e-05
10687 10.687 1.50013e-05 1.50088e-05
10688 10.688 1.49958e-05 1.49836e-05
10689 10.689 1.4997e-05 1.4984e-05
10690 10.69 1.50339e-05 1.5021e-05
10691 10.691 1.5015e-05 1.50225e-05
10692 10.692 1.50214e-05 1.50163e-05
10693 10.693 1.50113e-05 1.4999e-05
10694 10.694 1.50295e-05 1.50225e-05
10695 10.695 1.50043e-05 1.49973e-05
10696 10.696 1.49884e-05 1.49918e-05
10697 10.697 1.50061e-05 1.50069e-05
10698 10.698 1.49946e-05 1.49687e-05
10699 10.699 1.50136e-05 1.50299e-05
10700 10.7 1.49932e-05 1.50057e-05
10701 10.701 1.50146e-05 1.50047e-05
10702 10.702 1.50076e-05 1.49998e-05
10703 10.703 1.50043e-05 1.49988e-05
10704 10.704 1.5011e-05 1.50207e-05
10705 10.705 1.50064e-05 1.50128e-05
10706 10.706 1.50105e-05 1.50141e-05
10707 10.707 1.50023e-05 1.49993e-05
10708 10.708 1.49977e-05 1.50004e-05
10709 10.709 1.49827e-05 1.49986e-05
10710 10.71 1.49824e-05 1.49943e-05
10711 10.711 1.49779e-05 1.49568e-05
10712 10.712 1.49943e-05 1.49768e-05
10713 10.713 1.50036e-05 1.50034e-05
10714 10.714 1.49815e-05 1.49913e-05
10715 10.715 1.49888e-05 1.49741e-05
10716 10.716 1.4988e-05 1.49881e-05
10717 10.717 1.49893e-05 1.49804e-05
10718 10.718 1.50036e-05 1.49932e-05
10719 10.719 1.50161e-05 1.50264e-05
10720 10.72 1.5001e-05 1.50013e-05
10721 10.721 1.50138e-05 1.50101e-05
10722 10.722 1.5011e-05 1.50146e-05
10723 10.723 1.49887e-05 1.49872e-05
10724 10.724 1.50134e-05 1.50218e-05
10725 10.725 1.49877e-05 1.49857e-05
10726 10.726 1.50104e-05 1.5004e-05
10727 10.727 1.50066e-05 1.49872e-05
10728 10.728 1.49926e-05 1.49958e-05
10729 10.729 1.502e-05 1.50107e-05
10730 10.73 1.50185e-05 1.50176e-05
10731 10.731 1.49766e-05 1.49914e-05
10732 10.732 1.50042e-05 1.50224e-05
10733 10.733 1.49886e-05 1.49864e-05
10734 10.734 1.49957e-05 1.49922e-05
10735 10.735 1.50251e-05 1.50262e-05
10736 10.736 1.50205e-05 1.50081e-05
10737 10.737 1.50182e-05 1.50142e-05
10738 10.738 1.50083e-05 1.501e-05
10739 10.739 1.50024e-05 1.50179e-05
10740 10.74 1.50205e-05 1.50226e-05
10741 10.741 1.50081e-05 1.50173e-05
10742 10.742 1.50012e-05 1.50089e-05
10743 10.743 1.501e-05 1.50177e-05
10744 10.744 1.50108e-05 1.50003e-05
10745 10.745 1.50011e-05 1.49916e-05
10746 10.746 1.49939e-05 1.49739e-05
10747 10.747 1.50036e-05 1.49806e-05
10748 10.748 1.49928e-05 1.49773e-05
10749 10.749 1.49999e-05 1.49951e-05
10750 10.75 1.50116e-05 1.49969e-05
10751 10.751 1.50202e-05 1.50183e-05
10752 10.752 1.50073e-05 1.50053e-05
10753 10.753 1.50224e-05 1.50206e-05
10754 10.754 1.50038e-05 1.50257e-05
10755 10.755 1.49982e-05 1.49949e-05
10756 10.756 1.4981e-05 1.49741e-05
10757 10.757 1.4999e-05 1.50019e-05
10758 10.758 1.50084e-05 1.50104e-05
10759 10.759 1.49934e-05 1.4992e-05
10760 10.76 1.49979e-05 1.49928e-05
10761 10.761 1.49991e-05 1.49971e-05
10762 10.762 1.50059e-05 1.50407e-05
10763 10.763 1.5015e-05 1.50217e-05
10764 10.764 1.50162e-05 1.50171e-05
10765 10.765 1.50033e-05 1.49985e-05
10766 10.766 1.49959e-05 1.50153e-05
10767 10.767 1.5006e-05 1.5014e-05
10768 10.768 1.49901e-05 1.49899e-05
10769 10.769 1.4989e-05 1.49738e-05
10770 10.77 1.49935e-05 1.49873e-05
10771 10.771 1.49966e-05 1.4988e-05
10772 10.772 1.50088e-05 1.49837e-05
10773 10.773 1.50061e-05 1.49882e-05
10774 10.774 1.49848e-05 1.49903e-05
10775 10.775 1.49983e-05 1.49879e-05
10776 10.776 1.49932e-05 1.49929e-05
10777 10.777 1.50096e-05 1.5006e-05
10778 10.778 1.50059e-05 1.50088e-05
10779 10.779 1.50044e-05 1.5011e-05
10780 10.78 1.50045e-05 1.4998e-05
10781 10.781 1.50062e-05 1.49931e-05
10782 10.782 1.50118e-05 1.50072e-05
10783 10.783 1.50139e-05 1.50249e-05
10784 10.784 1.49934e-05 1.49967e-05
10785 10.785 1.49998e-05 1.50095e-05
10786 10.786 1.49954e-05 1.49825e-05
10787 10.787 1.50033e-05 1.4984e-05
10788 10.788 1.50265e-05 1.50113e-05
10789 10.789 1.49951e-05 1.49962e-05
10790 10.79 1.50152e-05 1.50082e-05
10791 10.791 1.5014e-05 1.50024e-05
10792 10.792 1.50006e-05 1.50021e-05
10793 10.793 1.49925e-05 1.49961e-05
10794 10.794 1.50075e-05 1.49697e-05
10795 10.795 1.49882e-05 1.49827e-05
10796 10.796 1.49961e-05 1.49874e-05
10797 10.797 1.50002e-05 1.50007e-05
10798 10.798 1.49814e-05 1.49924e-05
10799 10.799 1.49921e-05 1.49868e-05
10800 10.8 1.49967e-05 1.49847e-05
10801 10.801 1.49949e-05 1.49766e-05
10802 10.802 1.50146e-05 1.50017e-05
10803 10.803 1.49893e-05 1.49942e-05
10804 10.804 1.49992e-05 1.49865e-05
10805 10.805 1.49872e-05 1.49891e-05
10806 10.806 1.50027e-05 1.49919e-05
10807 10.807 1.501e-05 1.50019e-05
10808 10.808 1.49637e-05 1.4946e-05
10809 10.809 1.49748e-05 1.49799e-05
10810 10.81 1.49997e-05 1.50021e-05
10811 10.811 1.5002e-05 1.50198e-05
10812 10.812 1.50139e-05 1.4997e-05
10813 10.813 1.5019e-05 1.5007e-05
10814 10.814 1.50045e-05 1.4982e-05
10815 10.815 1.50242e-05 1.503e-05
10816 10.816 1.50208e-05 1.5021e-05
10817 10.817 1.49965e-05 1.49985e-05
10818 10.818 1.50215e-05 1.50316e-05
10819 10.819 1.50108e-05 1.50211e-05
10820 10.82 1.4986e-05 1.49782e-05
10821 10.821 1.49978e-05 1.49984e-05
10822 10.822 1.50147e-05 1.50007e-05
10823 10.823 1.49973e-05 1.4982e-05
10824 10.824 1.50041e-05 1.49866e-05
10825 10.825 1.50079e-05 1.50187e-05
10826 10.826 1.49991e-05 1.50035e-05
10827 10.827 1.49826e-05 1.49948e-05
10828 10.828 1.49912e-05 1.49918e-05
10829 10.829 1.5004e-05 1.50002e-05
10830 10.83 1.50112e-05 1.5001e-05
10831 10.831 1.50027e-05 1.50083e-05
10832 10.832 1.49972e-05 1.49907e-05
10833 10.833 1.49892e-05 1.49998e-05
10834 10.834 1.50013e-05 1.50002e-05
10835 10.835 1.49944e-05 1.49928e-05
10836 10.836 1.50174e-05 1.50138e-05
10837 10.837 1.50046e-05 1.49929e-05
10838 10.838 1.49883e-05 1.49839e-05
10839 10.839 1.49899e-05 1.4968e-05
10840 10.84 1.49979e-05 1.50055e-05
10841 10.841 1.50162e-05 1.50118e-05
10842 10.842 1.49972e-05 1.49869e-05
10843 10.843 1.49856e-05 1.49968e-05
10844 10.844 1.49897e-05 1.50079e-05
10845 10.845 1.50082e-05 1.50076e-05
10846 10.846 1.49887e-05 1.50076e-05
10847 10.847 1.49985e-05 1.50108e-05
10848 10.848 1.49938e-05 1.50069e-05
10849 10.849 1.49971e-05 1.49972e-05
10850 10.85 1.49835e-05 1.50041e-05
10851 10.851 1.5015e-05 1.50217e-05
10852 10.852 1.50005e-05 1.50229e-05
10853 10.853 1.50153e-05 1.50243e-05
10854 10.854 1.50108e-05 1.5013e-05
10855 10.855 1.49997e-05 1.50107e-05
10856 10.856 1.49996e-05 1.49902e-05
10857 10.857 1.49877e-05 1.4982e-05
10858 10.858 1.50075e-05 1.50119e-05
10859 10.859 1.50023e-05 1.50074e-05
10860 10.86 1.50019e-05 1.50109e-05
10861 10.861 1.50081e-05 1.49944e-05
10862 10.862 1.49759e-05 1.49736e-05
10863 10.863 1.50144e-05 1.50125e-05
10864 10.864 1.4996e-05 1.49932e-05
10865 10.865 1.50085e-05 1.50052e-05
10866 10.866 1.49792e-05 1.49978e-05
10867 10.867 1.50055e-05 1.49969e-05
10868 10.868 1.501e-05 1.5002e-05
10869 10.869 1.49909e-05 1.49923e-05
10870 10.87 1.49909e-05 1.50063e-05
10871 10.871 1.49982e-05 1.50078e-05
10872 10.872 1.49987e-05 1.50102e-05
10873 10.873 1.49842e-05 1.49715e-05
10874 10.874 1.49894e-05 1.498e-05
10875 10.875 1.49916e-05 1.49818e-05
10876 10.876 1.49958e-05 1.50052e-05
10877 10.877 1.50151e-05 1.50196e-05
10878 10.878 1.49955e-05 1.49915e-05
10879 10.879 1.50077e-05 1.50055e-05
10880 10.88 1.50005e-05 1.50011e-05
10881 10.881 1.49879e-05 1.49614e-05
10882 10.882 1.50121e-05 1.50048e-05
10883 10.883 1.49941e-05 1.49856e-05
10884 10.884 1.50024e-05 1.50102e-05
10885 10.885 1.50079e-05 1.50257e-05
10886 10.886 1.4998e-05 1.50091e-05
10887 10.887 1.49964e-05 1.49791e-05
10888 10.888 1.49836e-05 1.49693e-05
10889 10.889 1.50068e-05 1.49941e-05
10890 10.89 1.49935e-05 1.49953e-05
10891 10.891 1.50036e-05 1.501e-05
10892 10.892 1.50107e-05 1.50163e-05
10893 10.893 1.49993e-05 1.4999e-05
10894 10.894 1.50054e-05 1.49956e-05
10895 10.895 1.49964e-05 1.4994e-05
10896 10.896 1.49846e-05 1.49944e-05
10897 10.897 1.50108e-05 1.49993e-05
10898 10.898 1.49871e-05 1.4974e-05
10899 10.899 1.50053e-05 1.50015e-05
10900 10.9 1.49886e-05 1.49991e-05
10901 10.901 1.5e-05 1.50067e-05
10902 10.902 1.50011e-05 1.49902e-05
10903 10.903 1.49883e-05 1.49803e-05
10904 10.904 1.50066e-05 1.49974e-05
10905 10.905 1.49847e-05 1.4978e-05
10906 10.906 1.4981e-05 1.49756e-05
10907 10.907 1.49941e-05 1.50009e-05
10908 10.908 1.501e-05 1.50298e-05
10909 10.909 1.50218e-05 1.50191e-05
10910 10.91 1.49917e-05 1.49856e-05
10911 10.911 1.49897e-05 1.49849e-05
10912 10.912 1.50061e-05 1.50084e-05
10913 10.913 1.50132e-05 1.50008e-05
10914 10.914 1.4982e-05 1.50083e-05
10915 10.915 1.49871e-05 1.49754e-05
10916 10.916 1.49949e-05 1.49976e-05
10917 10.917 1.49846e-05 1.497e-05
10918 10.918 1.49981e-05 1.49978e-05
10919 10.919 1.50165e-05 1.50282e-05
10920 10.92 1.49867e-05 1.49849e-05
10921 10.921 1.49864e-05 1.49711e-05
10922 10.922 1.50014e-05 1.50021e-05
10923 10.923 1.49894e-05 1.49915e-05
10924 10.924 1.49926e-05 1.49955e-05
10925 10.925 1.49827e-05 1.49639e-05
10926 10.926 1.4991e-05 1.49889e-05
10927 10.927 1.4995e-05 1.49876e-05
10928 10.928 1.50053e-05 1.49886e-05
10929 10.929 1.50062e-05 1.50221e-05
10930 10.93 1.49903e-05 1.50222e-05
10931 10.931 1.49988e-05 1.50176e-05
10932 10.932 1.5e-05 1.49943e-05
10933 10.933 1.49952e-05 1.50048e-05
10934 10.934 1.5001e-05 1.50045e-05
10935 10.935 1.50074e-05 1.50029e-05
10936 10.936 1.49974e-05 1.49877e-05
10937 10.937 1.49883e-05 1.49876e-05
10938 10.938 1.50058e-05 1.50009e-05
10939 10.939 1.49943e-05 1.501e-05
10940 10.94 1.4986e-05 1.50011e-05
10941 10.941 1.49928e-05 1.4979e-05
10942 10.942 1.49834e-05 1.49892e-05
10943 10.943 1.49793e-05 1.49727e-05
10944 10.944 1.49985e-05 1.49808e-05
10945 10.945 1.50064e-05 1.50137e-05
10946 10.946 1.50218e-05 1.50094e-05
10947 10.947 1.5004e-05 1.49993e-05
10948 10.948 1.4984e-05 1.49775e-05
10949 10.949 1.50224e-05 1.50037e-05
10950 10.95 1.5008e-05 1.5004e-05
10951 10.951 1.50164e-05 1.5019e-05
10952 10.952 1.4991e-05 1.49698e-05
10953 10.953 1.49889e-05 1.49743e-05
10954 10.954 1.49826e-05 1.49868e-05
10955 10.955 1.5001e-05 1.49904e-05
10956 10.956 1.4987e-05 1.49887e-05
10957 10.957 1.50114e-05 1.50099e-05
10958 10.958 1.49868e-05 1.49531e-05
10959 10.959 1.49861e-05 1.49683e-05
10960 10.96 1.4997e-05 1.49951e-05
10961 10.961 1.49814e-05 1.49729e-05
10962 10.962 1.501e-05 1.50117e-05
10963 10.963 1.50009e-05 1.49929e-05
10964 10.964 1.49893e-05 1.49818e-05
10965 10.965 1.49984e-05 1.50101e-05
10966 10.966 1.50122e-05 1.50065e-05
10967 10.967 1.50059e-05 1.50108e-05
10968 10.968 1.49903e-05 1.49595e-05
10969 10.969 1.50013e-05 1.49907e-05
10970 10.97 1.49784e-05 1.49608e-05
10971 10.971 1.49944e-05 1.49817e-05
10972 10.972 1.49907e-05 1.49813e-05
10973 10.973 1.49995e-05 1.49996e-05
10974 10.974 1.49919e-05 1.49822e-05
10975 10.975 1.50057e-05 1.49917e-05
10976 10.976 1.50076e-05 1.50135e-05
10977 10.977 1.49871e-05 1.49987e-05
10978 10.978 1.49834e-05 1.49575e-05
10979 10.979 1.49994e-05 1.49875e-05
10980 10.98 1.50016e-05 1.49951e-05
10981 10.981 1.50167e-05 1.50103e-05
10982 10.982 1.50042e-05 1.50134e-05
10983 10.983 1.49965e-05 1.50009e-05
10984 10.984 1.50027e-05 1.50198e-05
10985 10.985 1.50036e-05 1.50035e-05
10986 10.986 1.49929e-05 1.4996e-05
10987 10.987 1.49873e-05 1.49791e-05
10988 10.988 1.49907e-05 1.49815e-05
10989 10.989 1.49922e-05 1.50005e-05
10990 10.99 1.50021e-05 1.499e-05
10991 10.991 1.50255e-05 1.50361e-05
10992 10.992 1.5006e-05 1.50222e-05
10993 10.993 1.49973e-05 1.49744e-05
10994 10.994 1.49791e-05 1.49807e-05
10995 10.995 1.50064e-05 1.50171e-05
10996 10.996 1.5013e-05 1.50086e-05
10997 10.997 1.49994e-05 1.49827e-05
10998 10.998 1.49884e-05 1.50012e-05
10999 10.999 1.5006e-05 1.49987e-05
11000 11 1.49896e-05 1.49784e-05
11001 11.001 1.49765e-05 1.49724e-05
11002 11.002 1.49926e-05 1.49886e-05
11003 11.003 1.49843e-05 1.4975e-05
11004 11.004 1.49953e-05 1.50009e-05
11005 11.005 1.5006e-05 1.50019e-05
11006 11.006 1.49962e-05 1.50002e-05
11007 11.007 1.50002e-05 1.49825e-05
11008 11.008 1.50056e-05 1.50088e-05
11009 11.009 1.50264e-05 1.50354e-05
11010 11.01 1.50102e-05 1.50004e-05
11011 11.011 1.50248e-05 1.50254e-05
11012 11.012 1.49948e-05 1.49909e-05
11013 11.013 1.49822e-05 1.49726e-05
11014 11.014 1.50076e-05 1.50228e-05
11015 11.015 1.50177e-05 1.5027e-05
11016 11.016 1.49975e-05 1.50027e-05
11017 11.017 1.50107e-05 1.50032e-05
11018 11.018 1.49898e-05 1.50039e-05
11019 11.019 1.50129e-05 1.50129e-05
11020 11.02 1.50183e-05 1.50182e-05
11021 11.021 1.50047e-05 1.49984e-05
11022 11.022 1.50071e-05 1.49951e-05
11023 11.023 1.50244e-05 1.50307e-05
11024 11.024 1.50067e-05 1.50028e-05
11025 11.025 1.49926e-05 1.49829e-05
11026 11.026 1.50001e-05 1.50006e-05
11027 11.027 1.50061e-05 1.4996e-05
11028 11.028 1.50129e-05 1.50302e-05
11029 11.029 1.49873e-05 1.49736e-05
11030 11.03 1.50123e-05 1.49963e-05
11031 11.031 1.50098e-05 1.50092e-05
11032 11.032 1.50086e-05 1.49891e-05
11033 11.033 1.50027e-05 1.49984e-05
11034 11.034 1.50126e-05 1.49968e-05
11035 11.035 1.50148e-05 1.49984e-05
11036 11.036 1.50022e-05 1.50085e-05
11037 11.037 1.49767e-05 1.49777e-05
11038 11.038 1.5004e-05 1.49938e-05
11039 11.039 1.49953e-05 1.49991e-05
11040 11.04 1.50101e-05 1.50242e-05
11041 11.041 1.49948e-05 1.49898e-05
11042 11.042 1.5019e-05 1.50169e-05
11043 11.043 1.49918e-05 1.4978e-05
11044 11.044 1.49965e-05 1.49818e-05
11045 11.045 1.49955e-05 1.49878e-05
11046 11.046 1.5012e-05 1.5012e-05
11047 11.047 1.50107e-05 1.50218e-05
11048 11.048 1.50134e-05 1.50343e-05
11049 11.049 1.50027e-05 1.50063e-05
11050 11.05 1.49956e-05 1.49876e-05
11051 11.051 1.50161e-05 1.50255e-05
11052 11.052 1.49867e-05 1.49847e-05
11053 11.053 1.49953e-05 1.49785e-05
11054 11.054 1.50021e-05 1.49972e-05
11055 11.055 1.50087e-05 1.49999e-05
11056 11.056 1.49883e-05 1.50082e-05
11057 11.057 1.49816e-05 1.499e-05
11058 11.058 1.49956e-05 1.49896e-05
11059 11.059 1.49965e-05 1.49877e-05
11060 11.06 1.49789e-05 1.49745e-05
11061 11.061 1.50134e-05 1.50113e-05
11062 11.062 1.49927e-05 1.49791e-05
11063 11.063 1.50039e-05 1.5015e-05
11064 11.064 1.49974e-05 1.49935e-05
11065 11.065 1.50052e-05 1.49828e-05
11066 11.066 1.50054e-05 1.49963e-05
11067 11.067 1.50038e-05 1.49956e-05
11068 11.068 1.49876e-05 1.49855e-05
11069 11.069 1.50043e-05 1.50177e-05
11070 11.07 1.50045e-05 1.49847e-05
11071 11.071 1.49979e-05 1.49943e-05
11072 11.072 1.49955e-05 1.50043e-05
11073 11.073 1.50224e-05 1.50143e-05
11074 11.074 1.49704e-05 1.49821e-05
11075 11.075 1.50032e-05 1.50237e-05
11076 11.076 1.49785e-05 1.49721e-05
11077 11.077 1.5014e-05 1.50012e-05
11078 11.078 1.50064e-05 1.49966e-05
11079 11.079 1.49918e-05 1.49907e-05
11080 11.08 1.50006e-05 1.49975e-05
11081 11.081 1.49943e-05 1.4983e-05
11082 11.082 1.49901e-05 1.49829e-05
11083 11.083 1.50153e-05 1.50208e-05
11084 11.084 1.50125e-05 1.50056e-05
11085 11.085 1.49935e-05 1.49789e-05
11086 11.086 1.50005e-05 1.50062e-05
11087 11.087 1.50028e-05 1.50122e-05
11088 11.088 1.49986e-05 1.49946e-05
11089 11.089 1.49961e-05 1.49838e-05
11090 11.09 1.49831e-05 1.49557e-05
11091 11.091 1.49922e-05 1.49898e-05
11092 11.092 1.49871e-05 1.49906e-05
11093 11.093 1.50107e-05 1.49954e-05
11094 11.094 1.49658e-05 1.49603e-05
11095 11.095 1.49848e-05 1.49716e-05
11096 11.096 1.50081e-05 1.50129e-05
11097 11.097 1.49899e-05 1.49787e-05
11098 11.098 1.4983e-05 1.49961e-05
11099 11.099 1.5005e-05 1.50219e-05
11100 11.1 1.50002e-05 1.5004e-05
11101 11.101 1.50095e-05 1.50029e-05
11102 11.102 1.50211e-05 1.50408e-05
11103 11.103 1.50004e-05 1.49901e-05
11104 11.104 1.50164e-05 1.50264e-05
11105 11.105 1.49979e-05 1.49928e-05
11106 11.106 1.49923e-05 1.49978e-05
11107 11.107 1.49979e-05 1.5014e-05
11108 11.108 1.50121e-05 1.50284e-05
11109 11.109 1.50219e-05 1.50109e-05
11110 11.11 1.49995e-05 1.50018e-05
11111 11.111 1.50045e-05 1.50012e-05
11112 11.112 1.49988e-05 1.49834e-05
11113 11.113 1.50009e-05 1.50129e-05
11114 11.114 1.50058e-05 1.49991e-05
11115 11.115 1.49947e-05 1.49851e-05
11116 11.116 1.50134e-05 1.5004e-05
11117 11.117 1.49923e-05 1.49897e-05
11118 11.118 1.50072e-05 1.50277e-05
11119 11.119 1.49933e-05 1.49786e-05
11120 11.12 1.50148e-05 1.5007e-05
11121 11.121 1.50007e-05 1.4992e-05
11122 11.122 1.50027e-05 1.49902e-05
11123 11.123 1.49868e-05 1.49905e-05
11124 11.124 1.49955e-05 1.49823e-05
11125 11.125 1.50152e-05 1.50162e-05
11126 11.126 1.50047e-05 1.50038e-05
11127 11.127 1.50113e-05 1.50163e-05
11128 11.128 1.50099e-05 1.50254e-05
11129 11.129 1.50011e-05 1.50042e-05
11130 11.13 1.50052e-05 1.50043e-05
11131 11.131 1.50292e-05 1.50401e-05
11132 11.132 1.50123e-05 1.50181e-05
11133 11.133 1.50031e-05 1.50109e-05
11134 11.134 1.50295e-05 1.50316e-05
11135 11.135 1.50184e-05 1.50208e-05
11136 11.136 1.5009e-05 1.49891e-05
11137 11.137 1.49987e-05 1.50089e-05
11138 11.138 1.49804e-05 1.49759e-05
11139 11.139 1.50036e-05 1.50086e-05
11140 11.14 1.50075e-05 1.50023e-05
11141 11.141 1.4986e-05 1.49854e-05
11142 11.142 1.50132e-05 1.50058e-05
11143 11.143 1.50213e-05 1.50294e-05
11144 11.144 1.50054e-05 1.50115e-05
11145 11.145 1.50237e-05 1.50269e-05
11146 11.146 1.50032e-05 1.50141e-05
11147 11.147 1.49963e-05 1.49839e-05
11148 11.148 1.50114e-05 1.50004e-05
11149 11.149 1.50149e-05 1.50025e-05
11150 11.15 1.49982e-05 1.49764e-05
11151 11.151 1.49977e-05 1.49808e-05
11152 11.152 1.50052e-05 1.49913e-05
11153 11.153 1.50075e-05 1.49993e-05
11154 11.154 1.49933e-05 1.4991e-05
11155 11.155 1.5013e-05 1.50093e-05
11156 11.156 1.50084e-05 1.50242e-05
11157 11.157 1.50137e-05 1.50246e-05
11158 11.158 1.49981e-05 1.49939e-05
11159 11.159 1.50077e-05 1.5014e-05
11160 11.16 1.50156e-05 1.50157e-05
11161 11.161 1.50051e-05 1.50136e-05
11162 11.162 1.50117e-05 1.50379e-05
11163 11.163 1.50279e-05 1.50392e-05
11164 11.164 1.50035e-05 1.49835e-05
11165 11.165 1.50107e-05 1.50091e-05
11166 11.166 1.49873e-05 1.49858e-05
11167 11.167 1.49861e-05 1.5e-05
11168 11.168 1.50251e-05 1.50315e-05
11169 11.169 1.50139e-05 1.50067e-05
11170 11.17 1.50104e-05 1.50078e-05
11171 11.171 1.5e-05 1.50203e-05
11172 11.172 1.49862e-05 1.49697e-05
11173 11.173 1.50099e-05 1.50119e-05
11174 11.174 1.50015e-05 1.50009e-05
11175 11.175 1.50216e-05 1.5005e-05
11176 11.176 1.50201e-05 1.5008e-05
11177 11.177 1.49937e-05 1.49811e-05
11178 11.178 1.5e-05 1.50065e-05
11179 11.179 1.50007e-05 1.50054e-05
11180 11.18 1.50148e-05 1.50241e-05
11181 11.181 1.50167e-05 1.50267e-05
11182 11.182 1.50201e-05 1.50149e-05
11183 11.183 1.49981e-05 1.50057e-05
11184 11.184 1.5008e-05 1.50216e-05
11185 11.185 1.50002e-05 1.49807e-05
11186 11.186 1.50008e-05 1.49889e-05
11187 11.187 1.50126e-05 1.50048e-05
11188 11.188 1.50012e-05 1.49924e-05
11189 11.189 1.50006e-05 1.49968e-05
11190 11.19 1.50018e-05 1.49937e-05
11191 11.191 1.50002e-05 1.49984e-05
11192 11.192 1.5019e-05 1.50151e-05
11193 11.193 1.50113e-05 1.49882e-05
11194 11.194 1.49795e-05 1.4973e-05
11195 11.195 1.50261e-05 1.5038e-05
11196 11.196 1.49965e-05 1.49894e-05
11197 11.197 1.50026e-05 1.50001e-05
11198 11.198 1.50218e-05 1.50043e-05
11199 11.199 1.50147e-05 1.4994e-05
11200 11.2 1.49946e-05 1.49804e-05
11201 11.201 1.50002e-05 1.50047e-05
11202 11.202 1.49934e-05 1.49935e-05
11203 11.203 1.4977e-05 1.49706e-05
11204 11.204 1.50052e-05 1.49874e-05
11205 11.205 1.50038e-05 1.50015e-05
11206 11.206 1.50233e-05 1.5015e-05
11207 11.207 1.50173e-05 1.4994e-05
11208 11.208 1.50048e-05 1.50092e-05
11209 11.209 1.50086e-05 1.50026e-05
11210 11.21 1.50014e-05 1.503e-05
11211 11.211 1.49997e-05 1.50114e-05
11212 11.212 1.49965e-05 1.50015e-05
11213 11.213 1.50182e-05 1.50296e-05
11214 11.214 1.50095e-05 1.50176e-05
11215 11.215 1.50116e-05 1.50199e-05
11216 11.216 1.50092e-05 1.50055e-05
11217 11.217 1.50023e-05 1.49886e-05
11218 11.218 1.50096e-05 1.5017e-05
11219 11.219 1.49917e-05 1.49779e-05
11220 11.22 1.50077e-05 1.50038e-05
11221 11.221 1.50029e-05 1.50084e-05
11222 11.222 1.50151e-05 1.50208e-05
11223 11.223 1.50142e-05 1.50055e-05
11224 11.224 1.4996e-05 1.50077e-05
11225 11.225 1.49997e-05 1.50144e-05
11226 11.226 1.50116e-05 1.50191e-05
11227 11.227 1.50013e-05 1.499e-05
11228 11.228 1.50298e-05 1.5014e-05
11229 11.229 1.4996e-05 1.50033e-05
11230 11.23 1.50001e-05 1.50086e-05
11231 11.231 1.5018e-05 1.50037e-05
11232 11.232 1.49964e-05 1.49976e-05
11233 11.233 1.50066e-05 1.50084e-05
11234 11.234 1.49966e-05 1.49787e-05
11235 11.235 1.50073e-05 1.49979e-05
11236 11.236 1.50175e-05 1.50226e-05
11237 11.237 1.49903e-05 1.49948e-05
11238 11.238 1.4991e-05 1.49776e-05
11239 11.239 1.49953e-05 1.50132e-05
11240 11.24 1.50021e-05 1.50129e-05
11241 11.241 1.49898e-05 1.49891e-05
11242 11.242 1.49922e-05 1.49872e-05
11243 11.243 1.50229e-05 1.50256e-05
11244 11.244 1.50045e-05 1.50043e-05
11245 11.245 1.50017e-05 1.50008e-05
11246 11.246 1.50039e-05 1.50078e-05
11247 11.247 1.4997e-05 1.49947e-05
11248 11.248 1.49959e-05 1.50191e-05
11249 11.249 1.50073e-05 1.50127e-05
11250 11.25 1.50018e-05 1.4988e-05
11251 11.251 1.49964e-05 1.49997e-05
11252 11.252 1.50248e-05 1.50134e-05
11253 11.253 1.50268e-05 1.50245e-05
11254 11.254 1.50185e-05 1.49919e-05
11255 11.255 1.50023e-05 1.49964e-05
11256 11.256 1.50018e-05 1.49991e-05
11257 11.257 1.50061e-05 1.50047e-05
11258 11.258 1.50038e-05 1.499e-05
11259 11.259 1.49986e-05 1.49631e-05
11260 11.26 1.49973e-05 1.49894e-05
11261 11.261 1.49992e-05 1.50064e-05
11262 11.262 1.502e-05 1.50305e-05
11263 11.263 1.4999e-05 1.49969e-05
11264 11.264 1.50126e-05 1.50119e-05
11265 11.265 1.50079e-05 1.50122e-05
11266 11.266 1.49985e-05 1.49916e-05
11267 11.267 1.49954e-05 1.49839e-05
11268 11.268 1.50168e-05 1.50209e-05
11269 11.269 1.49911e-05 1.49874e-05
11270 11.27 1.49945e-05 1.49997e-05
11271 11.271 1.49856e-05 1.49817e-05
11272 11.272 1.49931e-05 1.49964e-05
11273 11.273 1.50008e-05 1.49894e-05
11274 11.274 1.49876e-05 1.49956e-05
11275 11.275 1.49994e-05 1.49941e-05
11276 11.276 1.49943e-05 1.50034e-05
11277 11.277 1.49748e-05 1.49743e-05
11278 11.278 1.49883e-05 1.49915e-05
11279 11.279 1.50176e-05 1.5008e-05
11280 11.28 1.50089e-05 1.50182e-05
11281 11.281 1.49909e-05 1.49788e-05
11282 11.282 1.50219e-05 1.50159e-05
11283 11.283 1.5015e-05 1.5016e-05
11284 11.284 1.50055e-05 1.50227e-05
11285 11.285 1.50036e-05 1.50199e-05
11286 11.286 1.50046e-05 1.50021e-05
11287 11.287 1.50014e-05 1.499e-05
11288 11.288 1.49854e-05 1.49874e-05
11289 11.289 1.49958e-05 1.49957e-05
11290 11.29 1.50236e-05 1.50266e-05
11291 11.291 1.50212e-05 1.50291e-05
11292 11.292 1.50008e-05 1.49949e-05
11293 11.293 1.49872e-05 1.49717e-05
11294 11.294 1.50037e-05 1.50068e-05
11295 11.295 1.49975e-05 1.49824e-05
11296 11.296 1.50059e-05 1.50041e-05
11297 11.297 1.49865e-05 1.49809e-05
11298 11.298 1.50267e-05 1.50325e-05
11299 11.299 1.50065e-05 1.50004e-05
11300 11.3 1.50227e-05 1.50152e-05
11301 11.301 1.49956e-05 1.50064e-05
11302 11.302 1.50121e-05 1.50077e-05
11303 11.303 1.50089e-05 1.4994e-05
11304 11.304 1.50055e-05 1.49897e-05
11305 11.305 1.50012e-05 1.49944e-05
11306 11.306 1.5007e-05 1.50157e-05
11307 11.307 1.4992e-05 1.4989e-05
11308 11.308 1.50039e-05 1.49986e-05
11309 11.309 1.49948e-05 1.4982e-05
11310 11.31 1.5006e-05 1.49975e-05
11311 11.311 1.49888e-05 1.49942e-05
11312 11.312 1.49957e-05 1.49997e-05
11313 11.313 1.49919e-05 1.49861e-05
11314 11.314 1.50086e-05 1.5011e-05
11315 11.315 1.49967e-05 1.49936e-05
11316 11.316 1.4985e-05 1.49806e-05
11317 11.317 1.49919e-05 1.49832e-05
11318 11.318 1.5001e-05 1.4997e-05
11319 11.319 1.50161e-05 1.50188e-05
11320 11.32 1.50126e-05 1.50037e-05
11321 11.321 1.49996e-05 1.50167e-05
11322 11.322 1.49971e-05 1.49994e-05
11323 11.323 1.5002e-05 1.49975e-05
11324 11.324 1.50008e-05 1.4989e-05
11325 11.325 1.50236e-05 1.50375e-05
11326 11.326 1.50066e-05 1.50015e-05
11327 11.327 1.50335e-05 1.5031e-05
11328 11.328 1.50222e-05 1.50224e-05
11329 11.329 1.5018e-05 1.50067e-05
11330 11.33 1.50123e-05 1.50185e-05
11331 11.331 1.50058e-05 1.50309e-05
11332 11.332 1.50021e-05 1.49899e-05
11333 11.333 1.50075e-05 1.50263e-05
11334 11.334 1.49895e-05 1.49928e-05
11335 11.335 1.50183e-05 1.50193e-05
11336 11.336 1.50059e-05 1.49973e-05
11337 11.337 1.49927e-05 1.49872e-05
11338 11.338 1.50105e-05 1.4996e-05
11339 11.339 1.50047e-05 1.50048e-05
11340 11.34 1.50086e-05 1.50054e-05
11341 11.341 1.50002e-05 1.5008e-05
11342 11.342 1.50067e-05 1.50174e-05
11343 11.343 1.49945e-05 1.49975e-05
11344 11.344 1.50001e-05 1.49822e-05
11345 11.345 1.50187e-05 1.50072e-05
11346 11.346 1.50402e-05 1.50375e-05
11347 11.347 1.50301e-05 1.50253e-05
11348 11.348 1.50309e-05 1.50154e-05
11349 11.349 1.50136e-05 1.50104e-05
11350 11.35 1.50162e-05 1.50052e-05
11351 11.351 1.50308e-05 1.50254e-05
11352 11.352 1.50127e-05 1.50053e-05
11353 11.353 1.50062e-05 1.50043e-05
11354 11.354 1.49908e-05 1.49864e-05
11355 11.355 1.4993e-05 1.49986e-05
11356 11.356 1.50094e-05 1.50017e-05
11357 11.357 1.49931e-05 1.49892e-05
11358 11.358 1.49996e-05 1.50037e-05
11359 11.359 1.49725e-05 1.49701e-05
11360 11.36 1.50155e-05 1.50103e-05
11361 11.361 1.50196e-05 1.50033e-05
11362 11.362 1.50038e-05 1.49962e-05
11363 11.363 1.49623e-05 1.4958e-05
11364 11.364 1.4991e-05 1.4975e-05
11365 11.365 1.4997e-05 1.49934e-05
11366 11.366 1.50054e-05 1.49974e-05
11367 11.367 1.50048e-05 1.5e-05
11368 11.368 1.4996e-05 1.49951e-05
11369 11.369 1.50125e-05 1.502e-05
11370 11.37 1.50232e-05 1.50132e-05
11371 11.371 1.49985e-05 1.49974e-05
11372 11.372 1.50143e-05 1.50151e-05
11373 11.373 1.50021e-05 1.50025e-05
11374 11.374 1.49994e-05 1.49897e-05
11375 11.375 1.50233e-05 1.50068e-05
11376 11.376 1.50202e-05 1.50333e-05
11377 11.377 1.50282e-05 1.50444e-05
11378 11.378 1.50099e-05 1.50024e-05
11379 11.379 1.50246e-05 1.50245e-05
11380 11.38 1.50031e-05 1.4999e-05
11381 11.381 1.50034e-05 1.49845e-05
11382 11.382 1.49862e-05 1.49925e-05
11383 11.383 1.50112e-05 1.50048e-05
11384 11.384 1.49945e-05 1.50127e-05
11385 11.385 1.50019e-05 1.49909e-05
11386 11.386 1.49967e-05 1.49957e-05
11387 11.387 1.50059e-05 1.49938e-05
11388 11.388 1.50012e-05 1.50213e-05
11389 11.389 1.4983e-05 1.49819e-05
11390 11.39 1.50014e-05 1.49792e-05
11391 11.391 1.50039e-05 1.49962e-05
11392 11.392 1.49898e-05 1.4986e-05
11393 11.393 1.49957e-05 1.49965e-05
11394 11.394 1.49948e-05 1.49837e-05
11395 11.395 1.49981e-05 1.4993e-05
11396 11.396 1.49866e-05 1.49759e-05
11397 11.397 1.50211e-05 1.50208e-05
11398 11.398 1.50014e-05 1.49991e-05
11399 11.399 1.49922e-05 1.49678e-05
11400 11.4 1.50068e-05 1.49944e-05
11401 11.401 1.49975e-05 1.50148e-05
11402 11.402 1.49988e-05 1.49748e-05
11403 11.403 1.50045e-05 1.50111e-05
11404 11.404 1.50046e-05 1.50035e-05
11405 11.405 1.49929e-05 1.49755e-05
11406 11.406 1.50082e-05 1.50062e-05
11407 11.407 1.50153e-05 1.50133e-05
11408 11.408 1.5011e-05 1.50146e-05
11409 11.409 1.50062e-05 1.50172e-05
11410 11.41 1.5014e-05 1.50347e-05
11411 11.411 1.50238e-05 1.50114e-05
11412 11.412 1.5003e-05 1.50333e-05
11413 11.413 1.50274e-05 1.50113e-05
11414 11.414 1.4992e-05 1.49739e-05
11415 11.415 1.50214e-05 1.50057e-05
11416 11.416 1.49906e-05 1.49968e-05
11417 11.417 1.50117e-05 1.50008e-05
11418 11.418 1.50007e-05 1.49984e-05
11419 11.419 1.50053e-05 1.50024e-05
11420 11.42 1.50056e-05 1.50037e-05
11421 11.421 1.50008e-05 1.50024e-05
11422 11.422 1.49977e-05 1.49961e-05
11423 11.423 1.49817e-05 1.49869e-05
11424 11.424 1.50029e-05 1.50123e-05
11425 11.425 1.4999e-05 1.50036e-05
11426 11.426 1.50073e-05 1.49914e-05
11427 11.427 1.50154e-05 1.50021e-05
11428 11.428 1.50065e-05 1.50057e-05
11429 11.429 1.50269e-05 1.50381e-05
11430 11.43 1.50037e-05 1.50177e-05
11431 11.431 1.50005e-05 1.50107e-05
11432 11.432 1.49825e-05 1.49913e-05
11433 11.433 1.49955e-05 1.50161e-05
11434 11.434 1.49851e-05 1.49941e-05
11435 11.435 1.50262e-05 1.50189e-05
11436 11.436 1.50143e-05 1.50322e-05
11437 11.437 1.50151e-05 1.50024e-05
11438 11.438 1.50024e-05 1.49924e-05
11439 11.439 1.50022e-05 1.50009e-05
11440 11.44 1.50023e-05 1.50006e-05
11441 11.441 1.50105e-05 1.50204e-05
11442 11.442 1.50053e-05 1.49813e-05
11443 11.443 1.50178e-05 1.50299e-05
11444 11.444 1.5017e-05 1.50348e-05
11445 11.445 1.49892e-05 1.49898e-05
11446 11.446 1.50154e-05 1.50118e-05
11447 11.447 1.49938e-05 1.49798e-05
11448 11.448 1.50167e-05 1.50315e-05
11449 11.449 1.49954e-05 1.49773e-05
11450 11.45 1.5016e-05 1.50113e-05
11451 11.451 1.50082e-05 1.49992e-05
11452 11.452 1.49824e-05 1.49723e-05
11453 11.453 1.49906e-05 1.49813e-05
11454 11.454 1.49954e-05 1.49896e-05
11455 11.455 1.50052e-05 1.50303e-05
11456 11.456 1.49993e-05 1.49773e-05
11457 11.457 1.49882e-05 1.49794e-05
11458 11.458 1.50015e-05 1.49919e-05
11459 11.459 1.49903e-05 1.49926e-05
11460 11.46 1.50095e-05 1.50348e-05
11461 11.461 1.50014e-05 1.49936e-05
11462 11.462 1.50081e-05 1.50145e-05
11463 11.463 1.50101e-05 1.50035e-05
11464 11.464 1.5017e-05 1.50118e-05
11465 11.465 1.50101e-05 1.49901e-05
11466 11.466 1.50053e-05 1.50104e-05
11467 11.467 1.50095e-05 1.50038e-05
11468 11.468 1.50026e-05 1.50247e-05
11469 11.469 1.49992e-05 1.4999e-05
11470 11.47 1.50064e-05 1.50192e-05
11471 11.471 1.50254e-05 1.50311e-05
11472 11.472 1.50061e-05 1.49967e-05
11473 11.473 1.49882e-05 1.49933e-05
11474 11.474 1.50026e-05 1.4997e-05
11475 11.475 1.5e-05 1.50169e-05
11476 11.476 1.50085e-05 1.50112e-05
11477 11.477 1.50104e-05 1.50277e-05
11478 11.478 1.49944e-05 1.49948e-05
11479 11.479 1.50106e-05 1.50101e-05
11480 11.48 1.49932e-05 1.49871e-05
11481 11.481 1.49796e-05 1.49789e-05
11482 11.482 1.50122e-05 1.50263e-05
11483 11.483 1.5012e-05 1.5005e-05
11484 11.484 1.50101e-05 1.49957e-05
11485 11.485 1.50251e-05 1.50137e-05
11486 11.486 1.50046e-05 1.49935e-05
11487 11.487 1.50046e-05 1.49985e-05
11488 11.488 1.49872e-05 1.49821e-05
11489 11.489 1.49953e-05 1.49765e-05
11490 11.49 1.4996e-05 1.49916e-05
11491 11.491 1.50182e-05 1.50054e-05
11492 11.492 1.50212e-05 1.49934e-05
11493 11.493 1.49887e-05 1.49923e-05
11494 11.494 1.5011e-05 1.50088e-05
11495 11.495 1.49849e-05 1.49786e-05
11496 11.496 1.49957e-05 1.50008e-05
11497 11.497 1.4996e-05 1.49798e-05
11498 11.498 1.49967e-05 1.49943e-05
11499 11.499 1.49663e-05 1.49625e-05
11500 11.5 1.49861e-05 1.49867e-05
11501 11.501 1.49823e-05 1.49898e-05
11502 11.502 1.50078e-05 1.49954e-05
11503 11.503 1.49954e-05 1.50077e-05
11504 11.504 1.4996e-05 1.49856e-05
11505 11.505 1.50283e-05 1.50276e-05
11506 11.506 1.49956e-05 1.5e-05
11507 11.507 1.50073e-05 1.49881e-05
11508 11.508 1.50012e-05 1.50031e-05
11509 11.509 1.50133e-05 1.50166e-05
11510 11.51 1.50146e-05 1.50353e-05
11511 11.511 1.49889e-05 1.4975e-05
11512 11.512 1.49739e-05 1.49908e-05
11513 11.513 1.49857e-05 1.49914e-05
11514 11.514 1.50049e-05 1.49947e-05
11515 11.515 1.50173e-05 1.5018e-05
11516 11.516 1.50124e-05 1.50193e-05
11517 11.517 1.49981e-05 1.50087e-05
11518 11.518 1.50112e-05 1.49835e-05
11519 11.519 1.50147e-05 1.49987e-05
11520 11.52 1.50145e-05 1.50028e-05
11521 11.521 1.50171e-05 1.50004e-05
11522 11.522 1.50206e-05 1.50251e-05
11523 11.523 1.49856e-05 1.49868e-05
11524 11.524 1.50234e-05 1.50285e-05
11525 11.525 1.49946e-05 1.49993e-05
11526 11.526 1.50063e-05 1.50134e-05
11527 11.527 1.49919e-05 1.49975e-05
11528 11.528 1.50056e-05 1.50101e-05
11529 11.529 1.49976e-05 1.49994e-05
11530 11.53 1.50096e-05 1.50327e-05
11531 11.531 1.49876e-05 1.49719e-05
11532 11.532 1.5011e-05 1.50061e-05
11533 11.533 1.50017e-05 1.49761e-05
11534 11.534 1.50302e-05 1.5049e-05
11535 11.535 1.49992e-05 1.501e-05
11536 11.536 1.5007e-05 1.49997e-05
11537 11.537 1.50075e-05 1.49852e-05
11538 11.538 1.49976e-05 1.50023e-05
11539 11.539 1.50158e-05 1.50106e-05
11540 11.54 1.49933e-05 1.49877e-05
11541 11.541 1.50039e-05 1.50182e-05
11542 11.542 1.50054e-05 1.49811e-05
11543 11.543 1.50039e-05 1.50193e-05
11544 11.544 1.50134e-05 1.49936e-05
11545 11.545 1.50096e-05 1.50122e-05
11546 11.546 1.50247e-05 1.50182e-05
11547 11.547 1.50103e-05 1.50208e-05
11548 11.548 1.5e-05 1.49956e-05
11549 11.549 1.50127e-05 1.50123e-05
11550 11.55 1.5005e-05 1.50197e-05
11551 11.551 1.50005e-05 1.50009e-05
11552 11.552 1.49934e-05 1.49924e-05
11553 11.553 1.49988e-05 1.49921e-05
11554 11.554 1.50112e-05 1.50022e-05
11555 11.555 1.50047e-05 1.50047e-05
11556 11.556 1.49846e-05 1.49984e-05
11557 11.557 1.49904e-05 1.4974e-05
11558 11.558 1.49911e-05 1.4985e-05
11559 11.559 1.50047e-05 1.50104e-05
11560 11.56 1.50095e-05 1.50308e-05
11561 11.561 1.50085e-05 1.49884e-05
11562 11.562 1.49973e-05 1.5014e-05
11563 11.563 1.50174e-05 1.50157e-05
11564 11.564 1.50036e-05 1.50173e-05
11565 11.565 1.4993e-05 1.50146e-05
11566 11.566 1.50081e-05 1.49949e-05
11567 11.567 1.5e-05 1.49975e-05
11568 11.568 1.49939e-05 1.49707e-05
11569 11.569 1.50108e-05 1.50093e-05
11570 11.57 1.49899e-05 1.49881e-05
11571 11.571 1.49878e-05 1.49929e-05
11572 11.572 1.50319e-05 1.50336e-05
11573 11.573 1.4998e-05 1.49985e-05
11574 11.574 1.4984e-05 1.499e-05
11575 11.575 1.50023e-05 1.50134e-05
11576 11.576 1.50081e-05 1.50182e-05
11577 11.577 1.50162e-05 1.50397e-05
11578 11.578 1.49875e-05 1.49879e-05
11579 11.579 1.50058e-05 1.50075e-05
11580 11.58 1.5e-05 1.49949e-05
11581 11.581 1.49918e-05 1.49824e-05
11582 11.582 1.5004e-05 1.50131e-05
11583 11.583 1.5006e-05 1.49978e-05
11584 11.584 1.49976e-05 1.50099e-05
11585 11.585 1.50068e-05 1.49907e-05
11586 11.586 1.50091e-05 1.50169e-05
11587 11.587 1.50029e-05 1.50171e-05
11588 11.588 1.50062e-05 1.50155e-05
11589 11.589 1.49986e-05 1.50092e-05
11590 11.59 1.50048e-05 1.49911e-05
11591 11.591 1.49747e-05 1.49652e-05
11592 11.592 1.4997e-05 1.49967e-05
11593 11.593 1.50105e-05 1.50202e-05
11594 11.594 1.50255e-05 1.50243e-05
11595 11.595 1.49924e-05 1.50019e-05
11596 11.596 1.49976e-05 1.4995e-05
11597 11.597 1.4984e-05 1.49817e-05
11598 11.598 1.49876e-05 1.49828e-05
11599 11.599 1.50002e-05 1.49881e-05
11600 11.6 1.49948e-05 1.50015e-05
11601 11.601 1.49867e-05 1.50004e-05
11602 11.602 1.5006e-05 1.50124e-05
11603 11.603 1.49975e-05 1.49758e-05
11604 11.604 1.50113e-05 1.50305e-05
11605 11.605 1.49816e-05 1.49701e-05
11606 11.606 1.49845e-05 1.49885e-05
11607 11.607 1.50115e-05 1.50269e-05
11608 11.608 1.50088e-05 1.50239e-05
11609 11.609 1.49853e-05 1.49781e-05
11610 11.61 1.50218e-05 1.50129e-05
11611 11.611 1.50108e-05 1.50154e-05
11612 11.612 1.49884e-05 1.49729e-05
11613 11.613 1.50038e-05 1.50138e-05
11614 11.614 1.49926e-05 1.49856e-05
11615 11.615 1.49874e-05 1.49793e-05
11616 11.616 1.50045e-05 1.50122e-05
11617 11.617 1.499e-05 1.49991e-05
11618 11.618 1.50017e-05 1.50093e-05
11619 11.619 1.49927e-05 1.49908e-05
11620 11.62 1.50099e-05 1.50145e-05
11621 11.621 1.50029e-05 1.50041e-05
11622 11.622 1.49988e-05 1.50158e-05
11623 11.623 1.50035e-05 1.49958e-05
11624 11.624 1.49985e-05 1.49919e-05
11625 11.625 1.50122e-05 1.5008e-05
11626 11.626 1.49982e-05 1.49951e-05
11627 11.627 1.49824e-05 1.49786e-05
11628 11.628 1.4993e-05 1.49848e-05
11629 11.629 1.49893e-05 1.49804e-05
11630 11.63 1.49911e-05 1.49868e-05
11631 11.631 1.49859e-05 1.49759e-05
11632 11.632 1.49768e-05 1.49797e-05
11633 11.633 1.49771e-05 1.4968e-05
11634 11.634 1.49769e-05 1.49827e-05
11635 11.635 1.50055e-05 1.49995e-05
11636 11.636 1.50096e-05 1.49892e-05
11637 11.637 1.50057e-05 1.50048e-05
11638 11.638 1.49897e-05 1.49717e-05
11639 11.639 1.49892e-05 1.49913e-05
11640 11.64 1.49994e-05 1.50016e-05
11641 11.641 1.49868e-05 1.49644e-05
11642 11.642 1.50023e-05 1.49941e-05
11643 11.643 1.50115e-05 1.50025e-05
11644 11.644 1.50129e-05 1.50054e-05
11645 11.645 1.50032e-05 1.49976e-05
11646 11.646 1.49822e-05 1.49825e-05
11647 11.647 1.50055e-05 1.50125e-05
11648 11.648 1.50055e-05 1.50153e-05
11649 11.649 1.49924e-05 1.49916e-05
11650 11.65 1.50141e-05 1.50286e-05
11651 11.651 1.49989e-05 1.50009e-05
11652 11.652 1.5002e-05 1.50081e-05
11653 11.653 1.50179e-05 1.50137e-05
11654 11.654 1.5009e-05 1.50075e-05
11655 11.655 1.50023e-05 1.50132e-05
11656 11.656 1.49873e-05 1.49987e-05
11657 11.657 1.50004e-05 1.50182e-05
11658 11.658 1.50271e-05 1.50431e-05
11659 11.659 1.50116e-05 1.50103e-05
11660 11.66 1.49998e-05 1.50058e-05
11661 11.661 1.49958e-05 1.49907e-05
11662 11.662 1.4993e-05 1.49967e-05
11663 11.663 1.50009e-05 1.50135e-05
11664 11.664 1.50001e-05 1.49978e-05
11665 11.665 1.50222e-05 1.50073e-05
11666 11.666 1.50175e-05 1.50125e-05
11667 11.667 1.49858e-05 1.49739e-05
11668 11.668 1.50136e-05 1.50029e-05
11669 11.669 1.50221e-05 1.50247e-05
11670 11.67 1.5014e-05 1.50187e-05
11671 11.671 1.49969e-05 1.50196e-05
11672 11.672 1.49882e-05 1.49761e-05
11673 11.673 1.49812e-05 1.49829e-05
11674 11.674 1.49932e-05 1.49953e-05
11675 11.675 1.4982e-05 1.49759e-05
11676 11.676 1.50011e-05 1.50011e-05
11677 11.677 1.5e-05 1.49902e-05
11678 11.678 1.50041e-05 1.4995e-05
11679 11.679 1.49749e-05 1.496e-05
11680 11.68 1.50026e-05 1.50085e-05
11681 11.681 1.50223e-05 1.50236e-05
11682 11.682 1.50214e-05 1.50276e-05
11683 11.683 1.50077e-05 1.50078e-05
11684 11.684 1.50238e-05 1.50136e-05
11685 11.685 1.49906e-05 1.501e-05
11686 11.686 1.4998e-05 1.49961e-05
11687 11.687 1.49916e-05 1.49858e-05
11688 11.688 1.49976e-05 1.50016e-05
11689 11.689 1.49902e-05 1.49872e-05
11690 11.69 1.49898e-05 1.49883e-05
11691 11.691 1.49961e-05 1.49816e-05
11692 11.692 1.49838e-05 1.49763e-05
11693 11.693 1.50031e-05 1.49971e-05
11694 11.694 1.5005e-05 1.50089e-05
11695 11.695 1.49976e-05 1.49956e-05
11696 11.696 1.5018e-05 1.50133e-05
11697 11.697 1.50184e-05 1.50389e-05
11698 11.698 1.50163e-05 1.50053e-05
11699 11.699 1.5003e-05 1.50098e-05
11700 11.7 1.49944e-05 1.4992e-05
11701 11.701 1.49963e-05 1.49887e-05
11702 11.702 1.50033e-05 1.50032e-05
11703 11.703 1.4992e-05 1.49949e-05
11704 11.704 1.49774e-05 1.49687e-05
11705 11.705 1.50047e-05 1.49945e-05
11706 11.706 1.50003e-05 1.49951e-05
11707 11.707 1.50049e-05 1.498e-05
11708 11.708 1.50011e-05 1.50127e-05
11709 11.709 1.50112e-05 1.50002e-05
11710 11.71 1.50007e-05 1.5012e-05
11711 11.711 1.50218e-05 1.50254e-05
11712 11.712 1.49907e-05 1.49908e-05
11713 11.713 1.49957e-05 1.49885e-05
11714 11.714 1.49981e-05 1.49974e-05
11715 11.715 1.50166e-05 1.5015e-05
11716 11.716 1.50079e-05 1.5001e-05
11717 11.717 1.50126e-05 1.50159e-05
11718 11.718 1.49977e-05 1.50087e-05
11719 11.719 1.50103e-05 1.50081e-05
11720 11.72 1.50002e-05 1.50032e-05
11721 11.721 1.50024e-05 1.49927e-05
11722 11.722 1.4998e-05 1.49811e-05
11723 11.723 1.50138e-05 1.49887e-05
11724 11.724 1.50169e-05 1.50151e-05
11725 11.725 1.50134e-05 1.50228e-05
11726 11.726 1.50074e-05 1.5001e-05
11727 11.727 1.50101e-05 1.4999e-05
11728 11.728 1.50044e-05 1.49991e-05
11729 11.729 1.5028e-05 1.50093e-05
11730 11.73 1.50151e-05 1.50171e-05
11731 11.731 1.50195e-05 1.50184e-05
11732 11.732 1.49834e-05 1.49894e-05
11733 11.733 1.49881e-05 1.49739e-05
11734 11.734 1.4993e-05 1.49878e-05
11735 11.735 1.50203e-05 1.50048e-05
11736 11.736 1.50277e-05 1.50252e-05
11737 11.737 1.50121e-05 1.50147e-05
11738 11.738 1.50177e-05 1.50209e-05
11739 11.739 1.49964e-05 1.49896e-05
11740 11.74 1.49918e-05 1.49902e-05
11741 11.741 1.50072e-05 1.50133e-05
11742 11.742 1.50159e-05 1.50293e-05
11743 11.743 1.50033e-05 1.50111e-05
11744 11.744 1.50028e-05 1.49876e-05
11745 11.745 1.50071e-05 1.50128e-05
11746 11.746 1.50053e-05 1.50103e-05
11747 11.747 1.50063e-05 1.50064e-05
11748 11.748 1.49971e-05 1.50144e-05
11749 11.749 1.50055e-05 1.5026e-05
11750 11.75 1.50194e-05 1.50226e-05
11751 11.751 1.49855e-05 1.49898e-05
11752 11.752 1.50131e-05 1.50109e-05
11753 11.753 1.49811e-05 1.49839e-05
11754 11.754 1.50096e-05 1.50031e-05
11755 11.755 1.49911e-05 1.4989e-05
11756 11.756 1.49823e-05 1.49869e-05
11757 11.757 1.49639e-05 1.49775e-05
11758 11.758 1.50026e-05 1.49996e-05
11759 11.759 1.50166e-05 1.50135e-05
11760 11.76 1.49987e-05 1.49883e-05
11761 11.761 1.499e-05 1.49885e-05
11762 11.762 1.50067e-05 1.5018e-05
11763 11.763 1.50035e-05 1.49932e-05
11764 11.764 1.49864e-05 1.49817e-05
11765 11.765 1.49944e-05 1.50003e-05
11766 11.766 1.50031e-05 1.49916e-05
11767 11.767 1.50097e-05 1.50057e-05
11768 11.768 1.50099e-05 1.4998e-05
11769 11.769 1.49988e-05 1.49973e-05
11770 11.77 1.4996e-05 1.49975e-05
11771 11.771 1.50191e-05 1.50223e-05
11772 11.772 1.50007e-05 1.49815e-05
11773 11.773 1.49898e-05 1.4997e-05
11774 11.774 1.50219e-05 1.502e-05
11775 11.775 1.50128e-05 1.50192e-05
11776 11.776 1.49994e-05 1.4998e-05
11777 11.777 1.50039e-05 1.49906e-05
11778 11.778 1.50071e-05 1.49884e-05
11779 11.779 1.50004e-05 1.49756e-05
11780 11.78 1.50034e-05 1.49934e-05
11781 11.781 1.50009e-05 1.49898e-05
11782 11.782 1.5005e-05 1.49986e-05
11783 11.783 1.5021e-05 1.50042e-05
11784 11.784 1.50132e-05 1.50011e-05
11785 11.785 1.50027e-05 1.50104e-05
11786 11.786 1.49985e-05 1.49847e-05
11787 11.787 1.50086e-05 1.49954e-05
11788 11.788 1.50099e-05 1.49926e-05
11789 11.789 1.50094e-05 1.50153e-05
11790 11.79 1.50262e-05 1.50208e-05
11791 11.791 1.50035e-05 1.5e-05
11792 11.792 1.49915e-05 1.49771e-05
11793 11.793 1.50063e-05 1.50191e-05
11794 11.794 1.49727e-05 1.49574e-05
11795 11.795 1.49967e-05 1.49856e-05
11796 11.796 1.49573e-05 1.49511e-05
11797 11.797 1.49843e-05 1.49816e-05
11798 11.798 1.50067e-05 1.50247e-05
11799 11.799 1.50057e-05 1.49961e-05
11800 11.8 1.50112e-05 1.50224e-05
11801 11.801 1.50087e-05 1.49991e-05
11802 11.802 1.50029e-05 1.50119e-05
11803 11.803 1.50023e-05 1.49984e-05
11804 11.804 1.50022e-05 1.50082e-05
11805 11.805 1.49931e-05 1.49815e-05
11806 11.806 1.49784e-05 1.49773e-05
11807 11.807 1.49921e-05 1.49885e-05
11808 11.808 1.50015e-05 1.50096e-05
11809 11.809 1.50075e-05 1.50158e-05
11810 11.81 1.50167e-05 1.50208e-05
11811 11.811 1.50096e-05 1.5014e-05
11812 11.812 1.50191e-05 1.50214e-05
11813 11.813 1.50107e-05 1.50077e-05
11814 11.814 1.50131e-05 1.50195e-05
11815 11.815 1.50109e-05 1.50226e-05
11816 11.816 1.50128e-05 1.50162e-05
11817 11.817 1.5013e-05 1.50131e-05
11818 11.818 1.50255e-05 1.50323e-05
11819 11.819 1.49975e-05 1.50216e-05
11820 11.82 1.49979e-05 1.49971e-05
11821 11.821 1.50027e-05 1.50164e-05
11822 11.822 1.49892e-05 1.49907e-05
11823 11.823 1.49946e-05 1.49914e-05
11824 11.824 1.50024e-05 1.49914e-05
11825 11.825 1.49953e-05 1.50109e-05
11826 11.826 1.50059e-05 1.50035e-05
11827 11.827 1.5017e-05 1.5044e-05
11828 11.828 1.50264e-05 1.50317e-05
11829 11.829 1.50169e-05 1.502e-05
11830 11.83 1.50049e-05 1.49985e-05
11831 11.831 1.49907e-05 1.49923e-05
11832 11.832 1.50131e-05 1.50128e-05
11833 11.833 1.49963e-05 1.50002e-05
11834 11.834 1.50015e-05 1.49961e-05
11835 11.835 1.50142e-05 1.50227e-05
11836 11.836 1.49976e-05 1.5002e-05
11837 11.837 1.50169e-05 1.50255e-05
11838 11.838 1.49972e-05 1.50011e-05
11839 11.839 1.50123e-05 1.50284e-05
11840 11.84 1.50066e-05 1.50325e-05
11841 11.841 1.5006e-05 1.50103e-05
11842 11.842 1.50183e-05 1.50108e-05
11843 11.843 1.50052e-05 1.50101e-05
11844 11.844 1.49938e-05 1.49906e-05
11845 11.845 1.50176e-05 1.50282e-05
11846 11.846 1.50116e-05 1.4982e-05
11847 11.847 1.49756e-05 1.49877e-05
11848 11.848 1.50084e-05 1.49924e-05
11849 11.849 1.50025e-05 1.50004e-05
11850 11.85 1.49971e-05 1.5003e-05
11851 11.851 1.4997e-05 1.50034e-05
11852 11.852 1.49891e-05 1.49941e-05
11853 11.853 1.50214e-05 1.50255e-05
11854 11.854 1.50063e-05 1.49991e-05
11855 11.855 1.50127e-05 1.50175e-05
11856 11.856 1.49962e-05 1.49907e-05
11857 11.857 1.49893e-05 1.49767e-05
11858 11.858 1.49894e-05 1.4985e-05
11859 11.859 1.5003e-05 1.50177e-05
11860 11.86 1.49864e-05 1.49836e-05
11861 11.861 1.50145e-05 1.50153e-05
11862 11.862 1.50012e-05 1.50042e-05
11863 11.863 1.50013e-05 1.49974e-05
11864 11.864 1.50155e-05 1.50325e-05
11865 11.865 1.50201e-05 1.50249e-05
11866 11.866 1.50117e-05 1.50134e-05
11867 11.867 1.49919e-05 1.50038e-05
11868 11.868 1.4997e-05 1.50035e-05
11869 11.869 1.5005e-05 1.50017e-05
11870 11.87 1.49959e-05 1.49916e-05
11871 11.871 1.50042e-05 1.50084e-05
11872 11.872 1.50002e-05 1.50019e-05
11873 11.873 1.49977e-05 1.49945e-05
11874 11.874 1.50147e-05 1.50021e-05
11875 11.875 1.50046e-05 1.49993e-05
11876 11.876 1.49804e-05 1.49862e-05
11877 11.877 1.49893e-05 1.49956e-05
11878 11.878 1.4984e-05 1.4971e-05
11879 11.879 1.49937e-05 1.50056e-05
11880 11.88 1.4997e-05 1.49876e-05
11881 11.881 1.49985e-05 1.49966e-05
11882 11.882 1.49886e-05 1.49863e-05
11883 11.883 1.49827e-05 1.49894e-05
11884 11.884 1.4995e-05 1.50202e-05
11885 11.885 1.4984e-05 1.49838e-05
11886 11.886 1.50014e-05 1.49915e-05
11887 11.887 1.50072e-05 1.5006e-05
11888 11.888 1.49638e-05 1.49574e-05
11889 11.889 1.50156e-05 1.50235e-05
11890 11.89 1.50054e-05 1.49809e-05
11891 11.891 1.50071e-05 1.50024e-05
11892 11.892 1.50095e-05 1.50202e-05
11893 11.893 1.49895e-05 1.49949e-05
11894 11.894 1.49929e-05 1.49845e-05
11895 11.895 1.4999e-05 1.49945e-05
11896 11.896 1.50257e-05 1.50187e-05
11897 11.897 1.49986e-05 1.49865e-05
11898 11.898 1.5007e-05 1.49915e-05
11899 11.899 1.49801e-05 1.49813e-05
11900 11.9 1.49885e-05 1.50043e-05
11901 11.901 1.4993e-05 1.49977e-05
11902 11.902 1.49995e-05 1.50002e-05
11903 11.903 1.50107e-05 1.50039e-05
11904 11.904 1.49886e-05 1.50014e-05
11905 11.905 1.49906e-05 1.49797e-05
11906 11.906 1.50063e-05 1.50249e-05
11907 11.907 1.49982e-05 1.50008e-05
11908 11.908 1.49941e-05 1.4975e-05
11909 11.909 1.50283e-05 1.50231e-05
11910 11.91 1.50115e-05 1.50108e-05
11911 11.911 1.49861e-05 1.49726e-05
11912 11.912 1.49899e-05 1.49869e-05
11913 11.913 1.49945e-05 1.50018e-05
11914 11.914 1.49843e-05 1.4987e-05
11915 11.915 1.49944e-05 1.5003e-05
11916 11.916 1.49987e-05 1.50065e-05
11917 11.917 1.49835e-05 1.49991e-05
11918 11.918 1.49932e-05 1.49928e-05
11919 11.919 1.49935e-05 1.49996e-05
11920 11.92 1.49987e-05 1.50125e-05
11921 11.921 1.50057e-05 1.49978e-05
11922 11.922 1.50204e-05 1.50128e-05
11923 11.923 1.49924e-05 1.49934e-05
11924 11.924 1.50089e-05 1.50239e-05
11925 11.925 1.50009e-05 1.49966e-05
11926 11.926 1.49936e-05 1.49924e-05
11927 11.927 1.50002e-05 1.49933e-05
11928 11.928 1.49906e-05 1.49964e-05
11929 11.929 1.49842e-05 1.49763e-05
11930 11.93 1.50032e-05 1.49873e-05
11931 11.931 1.49986e-05 1.49877e-05
11932 11.932 1.50025e-05 1.50078e-05
11933 11.933 1.50065e-05 1.50079e-05
11934 11.934 1.50038e-05 1.50016e-05
11935 11.935 1.49963e-05 1.49951e-05
11936 11.936 1.50087e-05 1.50105e-05
11937 11.937 1.50083e-05 1.50114e-05
11938 11.938 1.49846e-05 1.49869e-05
11939 11.939 1.50023e-05 1.49967e-05
11940 11.94 1.50047e-05 1.50234e-05
11941 11.941 1.50022e-05 1.50083e-05
11942 11.942 1.49959e-05 1.49866e-05
11943 11.943 1.50119e-05 1.50006e-05
11944 11.944 1.49837e-05 1.49902e-05
11945 11.945 1.50175e-05 1.49991e-05
11946 11.946 1.5008e-05 1.49895e-05
11947 11.947 1.49696e-05 1.4936e-05
11948 11.948 1.50068e-05 1.50171e-05
11949 11.949 1.50075e-05 1.50203e-05
11950 11.95 1.50269e-05 1.50302e-05
11951 11.951 1.50298e-05 1.50332e-05
11952 11.952 1.50134e-05 1.5002e-05
11953 11.953 1.50243e-05 1.50346e-05
11954 11.954 1.5005e-05 1.49898e-05
11955 11.955 1.50204e-05 1.50124e-05
11956 11.956 1.50085e-05 1.50088e-05
11957 11.957 1.50058e-05 1.50056e-05
11958 11.958 1.50128e-05 1.501e-05
11959 11.959 1.49965e-05 1.49984e-05
11960 11.96 1.50294e-05 1.50212e-05
11961 11.961 1.50068e-05 1.5005e-05
11962 11.962 1.49947e-05 1.49898e-05
11963 11.963 1.50082e-05 1.50073e-05
11964 11.964 1.49991e-05 1.50048e-05
11965 11.965 1.50043e-05 1.49974e-05
11966 11.966 1.50207e-05 1.50291e-05
11967 11.967 1.50023e-05 1.50009e-05
11968 11.968 1.49789e-05 1.49833e-05
11969 11.969 1.50099e-05 1.50279e-05
11970 11.97 1.49825e-05 1.49867e-05
11971 11.971 1.50062e-05 1.49963e-05
11972 11.972 1.49912e-05 1.49885e-05
11973 11.973 1.50054e-05 1.50033e-05
11974 11.974 1.4996e-05 1.49949e-05
11975 11.975 1.5011e-05 1.50009e-05
11976 11.976 1.49944e-05 1.49803e-05
11977 11.977 1.4995e-05 1.49968e-05
11978 11.978 1.50019e-05 1.4982e-05
11979 11.979 1.49994e-05 1.49869e-05
11980 11.98 1.49829e-05 1.49947e-05
11981 11.981 1.49805e-05 1.49921e-05
11982 11.982 1.4997e-05 1.50057e-05
11983 11.983 1.5003e-05 1.49985e-05
11984 11.984 1.50187e-05 1.50274e-05
11985 11.985 1.50051e-05 1.50032e-05
11986 11.986 1.50062e-05 1.49865e-05
11987 11.987 1.50072e-05 1.50035e-05
11988 11.988 1.49966e-05 1.49835e-05
11989 11.989 1.5009e-05 1.49975e-05
11990 11.99 1.50162e-05 1.50189e-05
11991 11.991 1.50281e-05 1.50224e-05
11992 11.992 1.49994e-05 1.49926e-05
11993 11.993 1.50041e-05 1.49986e-05
11994 11.994 1.50168e-05 1.50252e-05
11995 11.995 1.50131e-05 1.5014e-05
11996 11.996 1.50123e-05 1.49967e-05
11997 11.997 1.49934e-05 1.50028e-05
11998 11.998 1.49981e-05 1.50076e-05
11999 11.999 1.49906e-05 1.50017e-05
12000 12 1.50213e-05 1.50146e-05
12001 12.001 1.49899e-05 1.49749e-05
12002 12.002 1.49922e-05 1.49872e-05
12003 12.003 1.49899e-05 1.49906e-05
12004 12.004 1.49922e-05 1.49761e-05
12005 12.005 1.5011e-05 1.5013e-05
12006 12.006 1.4985e-05 1.49861e-05
12007 12.007 1.50021e-05 1.50059e-05
12008 12.008 1.50021e-05 1.49928e-05
12009 12.009 1.49968e-05 1.49932e-05
12010 12.01 1.49954e-05 1.49833e-05
12011 12.011 1.5023e-05 1.50133e-05
12012 12.012 1.50104e-05 1.50078e-05
12013 12.013 1.50243e-05 1.50235e-05
12014 12.014 1.50145e-05 1.50156e-05
12015 12.015 1.50023e-05 1.49896e-05
12016 12.016 1.49981e-05 1.50032e-05
12017 12.017 1.49877e-05 1.49959e-05
12018 12.018 1.49998e-05 1.50024e-05
12019 12.019 1.5005e-05 1.50024e-05
12020 12.02 1.49859e-05 1.499e-05
12021 12.021 1.50004e-05 1.49829e-05
12022 12.022 1.50091e-05 1.49888e-05
12023 12.023 1.49938e-05 1.49779e-05
12024 12.024 1.50165e-05 1.50281e-05
12025 12.025 1.50122e-05 1.50239e-05
12026 12.026 1.50028e-05 1.49944e-05
12027 12.027 1.50107e-05 1.50073e-05
12028 12.028 1.49949e-05 1.49859e-05
12029 12.029 1.50095e-05 1.50006e-05
12030 12.03 1.49949e-05 1.49871e-05
12031 12.031 1.50069e-05 1.50079e-05
12032 12.032 1.49974e-05 1.49992e-05
12033 12.033 1.49786e-05 1.49794e-05
12034 12.034 1.49893e-05 1.49908e-05
12035 12.035 1.50045e-05 1.5009e-05
12036 12.036 1.50005e-05 1.49902e-05
12037 12.037 1.49936e-05 1.5009e-05
12038 12.038 1.4998e-05 1.50026e-05
12039 12.039 1.50089e-05 1.50063e-05
12040 12.04 1.50104e-05 1.50151e-05
12041 12.041 1.50091e-05 1.49962e-05
12042 12.042 1.50065e-05 1.49976e-05
12043 12.043 1.5012e-05 1.50084e-05
12044 12.044 1.50091e-05 1.5016e-05
12045 12.045 1.5008e-05 1.50075e-05
12046 12.046 1.50028e-05 1.49966e-05
12047 12.047 1.50109e-05 1.50198e-05
12048 12.048 1.4987e-05 1.49894e-05
12049 12.049 1.50052e-05 1.50116e-05
12050 12.05 1.50167e-05 1.50142e-05
12051 12.051 1.49835e-05 1.49975e-05
12052 12.052 1.49968e-05 1.50109e-05
12053 12.053 1.4987e-05 1.49909e-05
12054 12.054 1.50154e-05 1.50035e-05
12055 12.055 1.50028e-05 1.50119e-05
12056 12.056 1.49972e-05 1.4974e-05
12057 12.057 1.49949e-05 1.50018e-05
12058 12.058 1.50056e-05 1.49988e-05
12059 12.059 1.49991e-05 1.5002e-05
12060 12.06 1.49968e-05 1.49941e-05
12061 12.061 1.49983e-05 1.50012e-05
12062 12.062 1.49998e-05 1.50171e-05
12063 12.063 1.5001e-05 1.50058e-05
12064 12.064 1.50126e-05 1.50247e-05
12065 12.065 1.50065e-05 1.49981e-05
12066 12.066 1.50144e-05 1.50184e-05
12067 12.067 1.50082e-05 1.50075e-05
12068 12.068 1.50155e-05 1.50215e-05
12069 12.069 1.50057e-05 1.50099e-05
12070 12.07 1.50078e-05 1.50021e-05
12071 12.071 1.50165e-05 1.50146e-05
12072 12.072 1.50186e-05 1.50349e-05
12073 12.073 1.50164e-05 1.50153e-05
12074 12.074 1.5017e-05 1.50203e-05
12075 12.075 1.50013e-05 1.49961e-05
12076 12.076 1.50205e-05 1.5009e-05
12077 12.077 1.50179e-05 1.50185e-05
12078 12.078 1.50033e-05 1.49967e-05
12079 12.079 1.50104e-05 1.49893e-05
12080 12.08 1.50081e-05 1.49949e-05
12081 12.081 1.49949e-05 1.49856e-05
12082 12.082 1.49991e-05 1.49781e-05
12083 12.083 1.5006e-05 1.49939e-05
12084 12.084 1.49862e-05 1.49906e-05
12085 12.085 1.49987e-05 1.49868e-05
12086 12.086 1.50027e-05 1.49934e-05
12087 12.087 1.50157e-05 1.50057e-05
12088 12.088 1.49916e-05 1.5001e-05
12089 12.089 1.50353e-05 1.50344e-05
12090 12.09 1.49896e-05 1.49937e-05
12091 12.091 1.49818e-05 1.50003e-05
12092 12.092 1.50127e-05 1.50162e-05
12093 12.093 1.49875e-05 1.4989e-05
12094 12.094 1.49976e-05 1.50026e-05
12095 12.095 1.50133e-05 1.50167e-05
12096 12.096 1.49761e-05 1.49798e-05
12097 12.097 1.49902e-05 1.50003e-05
12098 12.098 1.49975e-05 1.50015e-05
12099 12.099 1.50072e-05 1.49924e-05
12100 12.1 1.50189e-05 1.50129e-05
12101 12.101 1.50008e-05 1.50048e-05
12102 12.102 1.50149e-05 1.50159e-05
12103 12.103 1.50038e-05 1.50142e-05
12104 12.104 1.50061e-05 1.50008e-05
12105 12.105 1.49967e-05 1.49814e-05
12106 12.106 1.49859e-05 1.49761e-05
12107 12.107 1.50253e-05 1.50159e-05
12108 12.108 1.50174e-05 1.50171e-05
12109 12.109 1.49965e-05 1.49693e-05
12110 12.11 1.5005e-05 1.49963e-05
12111 12.111 1.50084e-05 1.49894e-05
12112 12.112 1.49888e-05 1.49972e-05
12113 12.113 1.50054e-05 1.49963e-05
12114 12.114 1.50024e-05 1.50008e-05
12115 12.115 1.50102e-05 1.49955e-05
12116 12.116 1.4996e-05 1.49863e-05
12117 12.117 1.49923e-05 1.49784e-05
12118 12.118 1.49843e-05 1.49869e-05
12119 12.119 1.49851e-05 1.5005e-05
12120 12.12 1.50087e-05 1.50159e-05
12121 12.121 1.49868e-05 1.49865e-05
12122 12.122 1.49881e-05 1.49938e-05
12123 12.123 1.49841e-05 1.50048e-05
12124 12.124 1.50082e-05 1.5022e-05
12125 12.125 1.49882e-05 1.4983e-05
12126 12.126 1.49943e-05 1.49868e-05
12127 12.127 1.50146e-05 1.50154e-05
12128 12.128 1.50003e-05 1.4993e-05
12129 12.129 1.50046e-05 1.50102e-05
12130 12.13 1.50049e-05 1.49833e-05
12131 12.131 1.49799e-05 1.49937e-05
12132 12.132 1.49886e-05 1.50014e-05
12133 12.133 1.501e-05 1.5014e-05
12134 12.134 1.49979e-05 1.49956e-05
12135 12.135 1.50192e-05 1.50223e-05
12136 12.136 1.50125e-05 1.49998e-05
12137 12.137 1.49955e-05 1.50078e-05
12138 12.138 1.49933e-05 1.49958e-05
12139 12.139 1.4993e-05 1.49862e-05
12140 12.14 1.50097e-05 1.50201e-05
12141 12.141 1.49973e-05 1.4996e-05
12142 12.142 1.5018e-05 1.50093e-05
12143 12.143 1.49947e-05 1.49882e-05
12144 12.144 1.50159e-05 1.50125e-05
12145 12.145 1.4994e-05 1.49847e-05
12146 12.146 1.49923e-05 1.49902e-05
12147 12.147 1.50067e-05 1.49916e-05
12148 12.148 1.4996e-05 1.50016e-05
12149 12.149 1.49941e-05 1.49846e-05
12150 12.15 1.501e-05 1.4999e-05
12151 12.151 1.49994e-05 1.49882e-05
12152 12.152 1.50123e-05 1.50003e-05
12153 12.153 1.501e-05 1.50115e-05
12154 12.154 1.49978e-05 1.49893e-05
12155 12.155 1.50191e-05 1.50113e-05
12156 12.156 1.5008e-05 1.50096e-05
12157 12.157 1.49992e-05 1.49902e-05
12158 12.158 1.49914e-05 1.49846e-05
12159 12.159 1.50177e-05 1.50099e-05
12160 12.16 1.5003e-05 1.50131e-05
12161 12.161 1.50056e-05 1.5001e-05
12162 12.162 1.50213e-05 1.50081e-05
12163 12.163 1.50044e-05 1.49977e-05
12164 12.164 1.50074e-05 1.49978e-05
12165 12.165 1.50006e-05 1.50066e-05
12166 12.166 1.50041e-05 1.49837e-05
12167 12.167 1.50113e-05 1.50094e-05
12168 12.168 1.50177e-05 1.50081e-05
12169 12.169 1.50064e-05 1.50032e-05
12170 12.17 1.50177e-05 1.50098e-05
12171 12.171 1.49863e-05 1.49942e-05
12172 12.172 1.49908e-05 1.49938e-05
12173 12.173 1.50015e-05 1.50049e-05
12174 12.174 1.50041e-05 1.50035e-05
12175 12.175 1.49884e-05 1.50004e-05
12176 12.176 1.50049e-05 1.49837e-05
12177 12.177 1.49897e-05 1.49935e-05
12178 12.178 1.49914e-05 1.49874e-05
12179 12.179 1.49934e-05 1.50047e-05
12180 12.18 1.49845e-05 1.49914e-05
12181 12.181 1.49961e-05 1.49979e-05
12182 12.182 1.50041e-05 1.50066e-05
12183 12.183 1.49919e-05 1.49972e-05
12184 12.184 1.50165e-05 1.50039e-05
12185 12.185 1.5013e-05 1.50021e-05
12186 12.186 1.49939e-05 1.4978e-05
12187 12.187 1.49814e-05 1.49695e-05
12188 12.188 1.49948e-05 1.49797e-05
12189 12.189 1.49981e-05 1.49932e-05
12190 12.19 1.49883e-05 1.49899e-05
12191 12.191 1.49936e-05 1.49952e-05
12192 12.192 1.50086e-05 1.4988e-05
12193 12.193 1.4973e-05 1.49743e-05
12194 12.194 1.49945e-05 1.5002e-05
12195 12.195 1.49843e-05 1.49788e-05
12196 12.196 1.50037e-05 1.49813e-05
12197 12.197 1.5008e-05 1.50068e-05
12198 12.198 1.49924e-05 1.49809e-05
12199 12.199 1.4992e-05 1.49807e-05
12200 12.2 1.50028e-05 1.50225e-05
12201 12.201 1.4987e-05 1.50125e-05
12202 12.202 1.50163e-05 1.50214e-05
12203 12.203 1.50169e-05 1.50215e-05
12204 12.204 1.50154e-05 1.50024e-05
12205 12.205 1.50013e-05 1.49875e-05
12206 12.206 1.49969e-05 1.50016e-05
12207 12.207 1.50016e-05 1.49916e-05
12208 12.208 1.50085e-05 1.49883e-05
12209 12.209 1.49971e-05 1.50137e-05
12210 12.21 1.49833e-05 1.49882e-05
12211 12.211 1.50046e-05 1.5015e-05
12212 12.212 1.50012e-05 1.50029e-05
12213 12.213 1.49931e-05 1.49935e-05
12214 12.214 1.50048e-05 1.50036e-05
12215 12.215 1.50135e-05 1.50116e-05
12216 12.216 1.50274e-05 1.50192e-05
12217 12.217 1.50056e-05 1.50196e-05
12218 12.218 1.50132e-05 1.5021e-05
12219 12.219 1.50104e-05 1.50143e-05
12220 12.22 1.49993e-05 1.50139e-05
12221 12.221 1.49807e-05 1.49905e-05
12222 12.222 1.50101e-05 1.50235e-05
12223 12.223 1.50071e-05 1.50098e-05
12224 12.224 1.5014e-05 1.50252e-05
12225 12.225 1.50072e-05 1.50031e-05
12226 12.226 1.50121e-05 1.50046e-05
12227 12.227 1.50103e-05 1.4995e-05
12228 12.228 1.49939e-05 1.49999e-05
12229 12.229 1.50022e-05 1.49961e-05
12230 12.23 1.50034e-05 1.50065e-05
12231 12.231 1.50014e-05 1.49957e-05
12232 12.232 1.50222e-05 1.50023e-05
12233 12.233 1.50006e-05 1.49927e-05
12234 12.234 1.50254e-05 1.50176e-05
12235 12.235 1.50034e-05 1.49952e-05
12236 12.236 1.49897e-05 1.50022e-05
12237 12.237 1.50059e-05 1.50025e-05
12238 12.238 1.50131e-05 1.50152e-05
12239 12.239 1.50097e-05 1.50066e-05
12240 12.24 1.49885e-05 1.49803e-05
12241 12.241 1.49898e-05 1.49669e-05
12242 12.242 1.50025e-05 1.50014e-05
12243 12.243 1.49991e-05 1.49935e-05
12244 12.244 1.49956e-05 1.50101e-05
12245 12.245 1.50108e-05 1.50027e-05
12246 12.246 1.50209e-05 1.50351e-05
12247 12.247 1.49893e-05 1.49877e-05
12248 12.248 1.50162e-05 1.50107e-05
12249 12.249 1.50213e-05 1.50024e-05
12250 12.25 1.50102e-05 1.50077e-05
12251 12.251 1.49705e-05 1.49684e-05
12252 12.252 1.50067e-05 1.50114e-05
12253 12.253 1.50107e-05 1.50063e-05
12254 12.254 1.5002e-05 1.50044e-05
12255 12.255 1.50043e-05 1.50175e-05
12256 12.256 1.5011e-05 1.50006e-05
12257 12.257 1.50095e-05 1.4999e-05
12258 12.258 1.50213e-05 1.50123e-05
12259 12.259 1.50032e-05 1.49942e-05
12260 12.26 1.50053e-05 1.50101e-05
12261 12.261 1.49931e-05 1.49842e-05
12262 12.262 1.5024e-05 1.50243e-05
12263 12.263 1.49923e-05 1.49897e-05
12264 12.264 1.5003e-05 1.50169e-05
12265 12.265 1.50057e-05 1.50017e-05
12266 12.266 1.49853e-05 1.49786e-05
12267 12.267 1.49869e-05 1.49982e-05
12268 12.268 1.50089e-05 1.50124e-05
12269 12.269 1.50017e-05 1.50174e-05
12270 12.27 1.50063e-05 1.49929e-05
12271 12.271 1.49842e-05 1.49795e-05
12272 12.272 1.50003e-05 1.49886e-05
12273 12.273 1.49793e-05 1.49588e-05
12274 12.274 1.49912e-05 1.49757e-05
12275 12.275 1.49908e-05 1.50044e-05
12276 12.276 1.5004e-05 1.50131e-05
12277 12.277 1.50208e-05 1.50287e-05
12278 12.278 1.50015e-05 1.4999e-05
12279 12.279 1.49778e-05 1.49712e-05
12280 12.28 1.49935e-05 1.50068e-05
12281 12.281 1.5022e-05 1.50223e-05
12282 12.282 1.50117e-05 1.50175e-05
12283 12.283 1.49966e-05 1.50136e-05
12284 12.284 1.50047e-05 1.50066e-05
12285 12.285 1.50045e-05 1.50075e-05
12286 12.286 1.50148e-05 1.5017e-05
12287 12.287 1.50025e-05 1.50165e-05
12288 12.288 1.50087e-05 1.50186e-05
12289 12.289 1.49872e-05 1.49718e-05
12290 12.29 1.49844e-05 1.49863e-05
12291 12.291 1.4998e-05 1.50161e-05
12292 12.292 1.49886e-05 1.49897e-05
12293 12.293 1.50236e-05 1.5022e-05
12294 12.294 1.50145e-05 1.50042e-05
12295 12.295 1.49853e-05 1.49737e-05
12296 12.296 1.49874e-05 1.49933e-05
12297 12.297 1.50098e-05 1.50216e-05
12298 12.298 1.49953e-05 1.49772e-05
12299 12.299 1.49939e-05 1.49815e-05
12300 12.3 1.49932e-05 1.49914e-05
12301 12.301 1.5002e-05 1.49915e-05
12302 12.302 1.50176e-05 1.50271e-05
12303 12.303 1.49935e-05 1.49979e-05
12304 12.304 1.49876e-05 1.49771e-05
12305 12.305 1.49981e-05 1.50182e-05
12306 12.306 1.49875e-05 1.49931e-05
12307 12.307 1.50112e-05 1.50067e-05
12308 12.308 1.50011e-05 1.49951e-05
12309 12.309 1.50162e-05 1.50167e-05
12310 12.31 1.50124e-05 1.50052e-05
12311 12.311 1.50069e-05 1.50049e-05
12312 12.312 1.50129e-05 1.50124e-05
12313 12.313 1.50084e-05 1.50119e-05
12314 12.314 1.49968e-05 1.49958e-05
12315 12.315 1.50018e-05 1.50067e-05
12316 12.316 1.49951e-05 1.49955e-05
12317 12.317 1.49979e-05 1.49982e-05
12318 12.318 1.49928e-05 1.49832e-05
12319 12.319 1.49887e-05 1.49815e-05
12320 12.32 1.49905e-05 1.50125e-05
12321 12.321 1.50108e-05 1.50108e-05
12322 12.322 1.50018e-05 1.50147e-05
12323 12.323 1.49847e-05 1.49748e-05
12324 12.324 1.5007e-05 1.50057e-05
12325 12.325 1.50147e-05 1.49954e-05
12326 12.326 1.49889e-05 1.49652e-05
12327 12.327 1.49845e-05 1.49861e-05
12328 12.328 1.50019e-05 1.5019e-05
12329 12.329 1.49879e-05 1.49818e-05
12330 12.33 1.49916e-05 1.501e-05
12331 12.331 1.49967e-05 1.49972e-05
12332 12.332 1.49957e-05 1.49986e-05
12333 12.333 1.50215e-05 1.50345e-05
12334 12.334 1.4995e-05 1.49903e-05
12335 12.335 1.50069e-05 1.50007e-05
12336 12.336 1.498e-05 1.49789e-05
12337 12.337 1.49914e-05 1.49933e-05
12338 12.338 1.49837e-05 1.49875e-05
12339 12.339 1.49982e-05 1.49857e-05
12340 12.34 1.50176e-05 1.50265e-05
12341 12.341 1.50024e-05 1.49967e-05
12342 12.342 1.50043e-05 1.50061e-05
12343 12.343 1.49874e-05 1.49955e-05
12344 12.344 1.50016e-05 1.50076e-05
12345 12.345 1.5001e-05 1.50091e-05
12346 12.346 1.50054e-05 1.50079e-05
12347 12.347 1.50064e-05 1.50157e-05
12348 12.348 1.49937e-05 1.50024e-05
12349 12.349 1.50171e-05 1.5019e-05
12350 12.35 1.50046e-05 1.50043e-05
12351 12.351 1.50112e-05 1.50086e-05
12352 12.352 1.50012e-05 1.49949e-05
12353 12.353 1.50163e-05 1.50066e-05
12354 12.354 1.50074e-05 1.50068e-05
12355 12.355 1.50261e-05 1.50252e-05
12356 12.356 1.49917e-05 1.49871e-05
12357 12.357 1.50197e-05 1.50101e-05
12358 12.358 1.50202e-05 1.50232e-05
12359 12.359 1.50234e-05 1.50213e-05
12360 12.36 1.50108e-05 1.50104e-05
12361 12.361 1.4996e-05 1.50058e-05
12362 12.362 1.50211e-05 1.50082e-05
12363 12.363 1.50121e-05 1.50177e-05
12364 12.364 1.50088e-05 1.50093e-05
12365 12.365 1.49894e-05 1.49658e-05
12366 12.366 1.49928e-05 1.49848e-05
12367 12.367 1.49999e-05 1.50036e-05
12368 12.368 1.5035e-05 1.50198e-05
12369 12.369 1.49972e-05 1.5007e-05
12370 12.37 1.50045e-05 1.50182e-05
12371 12.371 1.50011e-05 1.50077e-05
12372 12.372 1.5014e-05 1.50044e-05
12373 12.373 1.50289e-05 1.50174e-05
12374 12.374 1.50125e-05 1.5015e-05
12375 12.375 1.50276e-05 1.50405e-05
12376 12.376 1.49831e-05 1.49837e-05
12377 12.377 1.49915e-05 1.49918e-05
12378 12.378 1.50002e-05 1.49914e-05
12379 12.379 1.49833e-05 1.49743e-05
12380 12.38 1.49993e-05 1.50023e-05
12381 12.381 1.50007e-05 1.50104e-05
12382 12.382 1.49995e-05 1.50002e-05
12383 12.383 1.49812e-05 1.49828e-05
12384 12.384 1.49861e-05 1.49848e-05
12385 12.385 1.49774e-05 1.49817e-05
12386 12.386 1.49964e-05 1.50006e-05
12387 12.387 1.50167e-05 1.50126e-05
12388 12.388 1.50154e-05 1.50295e-05
12389 12.389 1.50087e-05 1.50244e-05
12390 12.39 1.50267e-05 1.50134e-05
12391 12.391 1.5016e-05 1.50203e-05
12392 12.392 1.49908e-05 1.49988e-05
12393 12.393 1.50234e-05 1.50295e-05
12394 12.394 1.50039e-05 1.50007e-05
12395 12.395 1.50122e-05 1.50078e-05
12396 12.396 1.50172e-05 1.50279e-05
12397 12.397 1.50062e-05 1.50069e-05
12398 12.398 1.50045e-05 1.50042e-05
12399 12.399 1.50043e-05 1.50058e-05
12400 12.4 1.50155e-05 1.50094e-05
12401 12.401 1.49863e-05 1.49675e-05
12402 12.402 1.49975e-05 1.4989e-05
12403 12.403 1.50047e-05 1.50226e-05
12404 12.404 1.50273e-05 1.50193e-05
12405 12.405 1.50048e-05 1.50055e-05
12406 12.406 1.50126e-05 1.50189e-05
12407 12.407 1.50067e-05 1.49964e-05
12408 12.408 1.50069e-05 1.50123e-05
12409 12.409 1.49871e-05 1.49723e-05
12410 12.41 1.50221e-05 1.50125e-05
12411 12.411 1.501e-05 1.50207e-05
12412 12.412 1.50111e-05 1.50081e-05
12413 12.413 1.50051e-05 1.50173e-05
12414 12.414 1.49733e-05 1.49628e-05
12415 12.415 1.49945e-05 1.49876e-05
12416 12.416 1.49926e-05 1.49749e-05
12417 12.417 1.50164e-05 1.50252e-05
12418 12.418 1.50053e-05 1.50191e-05
12419 12.419 1.49929e-05 1.5e-05
12420 12.42 1.50056e-05 1.49899e-05
12421 12.421 1.49743e-05 1.49814e-05
12422 12.422 1.49924e-05 1.49833e-05
12423 12.423 1.50066e-05 1.50093e-05
12424 12.424 1.49938e-05 1.50116e-05
12425 12.425 1.50282e-05 1.50206e-05
12426 12.426 1.4998e-05 1.49784e-05
12427 12.427 1.50305e-05 1.50319e-05
12428 12.428 1.50021e-05 1.50036e-05
12429 12.429 1.49933e-05 1.49719e-05
12430 12.43 1.50053e-05 1.50188e-05
12431 12.431 1.49931e-05 1.49943e-05
12432 12.432 1.49822e-05 1.49801e-05
12433 12.433 1.50035e-05 1.49913e-05
12434 12.434 1.50148e-05 1.50003e-05
12435 12.435 1.50106e-05 1.5019e-05
12436 12.436 1.50185e-05 1.499e-05
12437 12.437 1.50063e-05 1.49996e-05
12438 12.438 1.50198e-05 1.50334e-05
12439 12.439 1.50119e-05 1.50005e-05
12440 12.44 1.5006e-05 1.50005e-05
12441 12.441 1.50216e-05 1.50291e-05
12442 12.442 1.50036e-05 1.49887e-05
12443 12.443 1.49939e-05 1.49896e-05
12444 12.444 1.50048e-05 1.49918e-05
12445 12.445 1.50142e-05 1.50307e-05
12446 12.446 1.49993e-05 1.50167e-05
12447 12.447 1.50047e-05 1.50236e-05
12448 12.448 1.49986e-05 1.49804e-05
12449 12.449 1.50039e-05 1.4981e-05
12450 12.45 1.50278e-05 1.50298e-05
12451 12.451 1.49964e-05 1.49902e-05
12452 12.452 1.50075e-05 1.49961e-05
12453 12.453 1.4977e-05 1.49532e-05
12454 12.454 1.49799e-05 1.49725e-05
12455 12.455 1.49895e-05 1.49894e-05
12456 12.456 1.50023e-05 1.49925e-05
12457 12.457 1.5016e-05 1.50156e-05
12458 12.458 1.50034e-05 1.49813e-05
12459 12.459 1.501e-05 1.5012e-05
12460 12.46 1.49947e-05 1.49849e-05
12461 12.461 1.50048e-05 1.50158e-05
12462 12.462 1.50073e-05 1.50218e-05
12463 12.463 1.50006e-05 1.5009e-05
12464 12.464 1.50084e-05 1.49997e-05
12465 12.465 1.5003e-05 1.50098e-05
12466 12.466 1.50007e-05 1.49977e-05
12467 12.467 1.49874e-05 1.49828e-05
12468 12.468 1.49937e-05 1.50068e-05
12469 12.469 1.49907e-05 1.50045e-05
12470 12.47 1.49995e-05 1.50012e-05
12471 12.471 1.50027e-05 1.49973e-05
12472 12.472 1.50116e-05 1.50178e-05
12473 12.473 1.50071e-05 1.50072e-05
12474 12.474 1.50066e-05 1.50013e-05
12475 12.475 1.50042e-05 1.50282e-05
12476 12.476 1.50209e-05 1.50238e-05
12477 12.477 1.50338e-05 1.50341e-05
12478 12.478 1.50239e-05 1.5019e-05
12479 12.479 1.5006e-05 1.49924e-05
12480 12.48 1.5037e-05 1.50273e-05
12481 12.481 1.50105e-05 1.50098e-05
12482 12.482 1.49896e-05 1.49808e-05
12483 12.483 1.49832e-05 1.49854e-05
12484 12.484 1.49766e-05 1.4992e-05
12485 12.485 1.5008e-05 1.5002e-05
12486 12.486 1.50013e-05 1.50022e-05
12487 12.487 1.50079e-05 1.50026e-05
12488 12.488 1.49894e-05 1.49937e-05
12489 12.489 1.50019e-05 1.50139e-05
12490 12.49 1.4996e-05 1.49786e-05
12491 12.491 1.50068e-05 1.50161e-05
12492 12.492 1.5006e-05 1.50022e-05
12493 12.493 1.4994e-05 1.49905e-05
12494 12.494 1.5021e-05 1.50182e-05
12495 12.495 1.50028e-05 1.49931e-05
12496 12.496 1.50074e-05 1.49899e-05
12497 12.497 1.50035e-05 1.50159e-05
12498 12.498 1.49982e-05 1.49803e-05
12499 12.499 1.50262e-05 1.50286e-05
12500 12.5 1.50096e-05 1.50045e-05
12501 12.501 1.49867e-05 1.49795e-05
12502 12.502 1.50221e-05 1.50215e-05
12503 12.503 1.49901e-05 1.49743e-05
12504 12.504 1.50106e-05 1.50149e-05
12505 12.505 1.49989e-05 1.49875e-05
12506 12.506 1.50003e-05 1.49994e-05
12507 12.507 1.50184e-05 1.50283e-05
12508 12.508 1.50044e-05 1.50051e-05
12509 12.509 1.50136e-05 1.49965e-05
12510 12.51 1.50131e-05 1.50061e-05
12511 12.511 1.50126e-05 1.49973e-05
12512 12.512 1.50188e-05 1.50242e-05
12513 12.513 1.50122e-05 1.50172e-05
12514 12.514 1.4996e-05 1.49901e-05
12515 12.515 1.50255e-05 1.50296e-05
12516 12.516 1.50057e-05 1.49926e-05
12517 12.517 1.50141e-05 1.50138e-05
12518 12.518 1.50133e-05 1.50038e-05
12519 12.519 1.50037e-05 1.49956e-05
12520 12.52 1.49997e-05 1.49815e-05
12521 12.521 1.50148e-05 1.5002e-05
12522 12.522 1.49983e-05 1.49826e-05
12523 12.523 1.50094e-05 1.50203e-05
12524 12.524 1.5013e-05 1.49954e-05
12525 12.525 1.49967e-05 1.50131e-05
12526 12.526 1.50263e-05 1.50262e-05
12527 12.527 1.49772e-05 1.49667e-05
12528 12.528 1.49904e-05 1.50113e-05
12529 12.529 1.50184e-05 1.5015e-05
12530 12.53 1.49997e-05 1.49875e-05
12531 12.531 1.50279e-05 1.5027e-05
12532 12.532 1.49886e-05 1.50038e-05
12533 12.533 1.49953e-05 1.50032e-05
12534 12.534 1.49931e-05 1.50019e-05
12535 12.535 1.49988e-05 1.50096e-05
12536 12.536 1.4993e-05 1.49828e-05
12537 12.537 1.50089e-05 1.4994e-05
12538 12.538 1.49989e-05 1.49723e-05
12539 12.539 1.5003e-05 1.50146e-05
12540 12.54 1.50013e-05 1.4983e-05
12541 12.541 1.50014e-05 1.49898e-05
12542 12.542 1.50135e-05 1.50043e-05
12543 12.543 1.50025e-05 1.49842e-05
12544 12.544 1.49849e-05 1.49842e-05
12545 12.545 1.50194e-05 1.50144e-05
12546 12.546 1.49884e-05 1.49917e-05
12547 12.547 1.50166e-05 1.50168e-05
12548 12.548 1.49812e-05 1.49735e-05
12549 12.549 1.50142e-05 1.49927e-05
12550 12.55 1.50046e-05 1.50066e-05
12551 12.551 1.50032e-05 1.4979e-05
12552 12.552 1.49957e-05 1.49962e-05
12553 12.553 1.49948e-05 1.49918e-05
12554 12.554 1.50107e-05 1.50112e-05
12555 12.555 1.50087e-05 1.49741e-05
12556 12.556 1.50108e-05 1.50104e-05
12557 12.557 1.49958e-05 1.49881e-05
12558 12.558 1.50018e-05 1.49926e-05
12559 12.559 1.49924e-05 1.49765e-05
12560 12.56 1.49879e-05 1.49804e-05
12561 12.561 1.49702e-05 1.4974e-05
12562 12.562 1.49873e-05 1.49773e-05
12563 12.563 1.50022e-05 1.50138e-05
12564 12.564 1.50109e-05 1.50234e-05
12565 12.565 1.49877e-05 1.49784e-05
12566 12.566 1.50032e-05 1.49855e-05
12567 12.567 1.49963e-05 1.49995e-05
12568 12.568 1.49961e-05 1.49969e-05
12569 12.569 1.49793e-05 1.49835e-05
12570 12.57 1.50184e-05 1.50218e-05
12571 12.571 1.49888e-05 1.4995e-05
12572 12.572 1.49958e-05 1.50062e-05
12573 12.573 1.50063e-05 1.49941e-05
12574 12.574 1.50036e-05 1.49843e-05
12575 12.575 1.50054e-05 1.50025e-05
12576 12.576 1.50081e-05 1.4989e-05
12577 12.577 1.49945e-05 1.49903e-05
12578 12.578 1.50159e-05 1.5004e-05
12579 12.579 1.50045e-05 1.50216e-05
12580 12.58 1.50074e-05 1.50037e-05
12581 12.581 1.501e-05 1.50126e-05
12582 12.582 1.49967e-05 1.5e-05
12583 12.583 1.50082e-05 1.49878e-05
12584 12.584 1.49909e-05 1.49854e-05
12585 12.585 1.49984e-05 1.49952e-05
12586 12.586 1.49941e-05 1.49749e-05
12587 12.587 1.49987e-05 1.4996e-05
12588 12.588 1.50147e-05 1.50048e-05
12589 12.589 1.50213e-05 1.50262e-05
12590 12.59 1.50239e-05 1.5034e-05
12591 12.591 1.50142e-05 1.50142e-05
12592 12.592 1.50007e-05 1.49922e-05
12593 12.593 1.49913e-05 1.49945e-05
12594 12.594 1.50083e-05 1.50146e-05
12595 12.595 1.50168e-05 1.50306e-05
12596 12.596 1.5014e-05 1.50082e-05
12597 12.597 1.50208e-05 1.50007e-05
12598 12.598 1.50204e-05 1.50199e-05
12599 12.599 1.5026e-05 1.50097e-05
12600 12.6 1.50248e-05 1.50287e-05
12601 12.601 1.50161e-05 1.5022e-05
12602 12.602 1.50257e-05 1.50401e-05
12603 12.603 1.50009e-05 1.50067e-05
12604 12.604 1.50186e-05 1.5025e-05
12605 12.605 1.50127e-05 1.49978e-05
12606 12.606 1.5021e-05 1.50339e-05
12607 12.607 1.50133e-05 1.50058e-05
12608 12.608 1.5011e-05 1.50062e-05
12609 12.609 1.50131e-05 1.49996e-05
12610 12.61 1.49952e-05 1.49922e-05
12611 12.611 1.50054e-05 1.49956e-05
12612 12.612 1.50192e-05 1.5023e-05
12613 12.613 1.5001e-05 1.49734e-05
12614 12.614 1.50132e-05 1.50096e-05
12615 12.615 1.5011e-05 1.50208e-05
12616 12.616 1.50132e-05 1.50068e-05
12617 12.617 1.50123e-05 1.50095e-05
12618 12.618 1.50085e-05 1.50158e-05
12619 12.619 1.50004e-05 1.50134e-05
12620 12.62 1.50021e-05 1.50117e-05
12621 12.621 1.49885e-05 1.49928e-05
12622 12.622 1.50084e-05 1.5029e-05
12623 12.623 1.49935e-05 1.49843e-05
12624 12.624 1.49793e-05 1.49713e-05
12625 12.625 1.49889e-05 1.49731e-05
12626 12.626 1.49844e-05 1.49929e-05
12627 12.627 1.49962e-05 1.49893e-05
12628 12.628 1.49938e-05 1.5002e-05
12629 12.629 1.49974e-05 1.49882e-05
12630 12.63 1.49816e-05 1.49818e-05
12631 12.631 1.50188e-05 1.50222e-05
12632 12.632 1.49954e-05 1.50031e-05
12633 12.633 1.5e-05 1.50062e-05
12634 12.634 1.49794e-05 1.49823e-05
12635 12.635 1.50252e-05 1.50323e-05
12636 12.636 1.49955e-05 1.49904e-05
12637 12.637 1.50153e-05 1.50249e-05
12638 12.638 1.50148e-05 1.50149e-05
12639 12.639 1.50053e-05 1.5023e-05
12640 12.64 1.50126e-05 1.50128e-05
12641 12.641 1.50019e-05 1.49997e-05
12642 12.642 1.5006e-05 1.49911e-05
12643 12.643 1.49928e-05 1.49966e-05
12644 12.644 1.49868e-05 1.49817e-05
12645 12.645 1.49907e-05 1.49752e-05
12646 12.646 1.4999e-05 1.4991e-05
12647 12.647 1.49961e-05 1.49861e-05
12648 12.648 1.50109e-05 1.50035e-05
12649 12.649 1.50119e-05 1.5008e-05
12650 12.65 1.5019e-05 1.50135e-05
12651 12.651 1.50063e-05 1.50079e-05
12652 12.652 1.50084e-05 1.50234e-05
12653 12.653 1.4998e-05 1.49772e-05
12654 12.654 1.49928e-05 1.49924e-05
12655 12.655 1.50036e-05 1.49922e-05
12656 12.656 1.50012e-05 1.50043e-05
12657 12.657 1.50205e-05 1.50327e-05
12658 12.658 1.50044e-05 1.49962e-05
12659 12.659 1.50155e-05 1.50101e-05
12660 12.66 1.49798e-05 1.49669e-05
12661 12.661 1.49872e-05 1.50043e-05
12662 12.662 1.49867e-05 1.49865e-05
12663 12.663 1.49981e-05 1.50005e-05
12664 12.664 1.50056e-05 1.50132e-05
12665 12.665 1.49965e-05 1.50016e-05
12666 12.666 1.50037e-05 1.50035e-05
12667 12.667 1.50031e-05 1.50029e-05
12668 12.668 1.50212e-05 1.50079e-05
12669 12.669 1.50181e-05 1.50243e-05
12670 12.67 1.50126e-05 1.50126e-05
12671 12.671 1.49875e-05 1.49786e-05
12672 12.672 1.50117e-05 1.50207e-05
12673 12.673 1.50174e-05 1.50164e-05
12674 12.674 1.50039e-05 1.49927e-05
12675 12.675 1.50162e-05 1.50063e-05
12676 12.676 1.50135e-05 1.50199e-05
12677 12.677 1.50174e-05 1.50136e-05
12678 12.678 1.49985e-05 1.50108e-05
12679 12.679 1.5014e-05 1.50142e-05
12680 12.68 1.50102e-05 1.50177e-05
12681 12.681 1.49923e-05 1.50002e-05
12682 12.682 1.50153e-05 1.50267e-05
12683 12.683 1.50082e-05 1.50116e-05
12684 12.684 1.49994e-05 1.50011e-05
12685 12.685 1.50017e-05 1.50214e-05
12686 12.686 1.502e-05 1.50127e-05
12687 12.687 1.50128e-05 1.50003e-05
12688 12.688 1.50026e-05 1.50152e-05
12689 12.689 1.50175e-05 1.5013e-05
12690 12.69 1.49921e-05 1.4987e-05
12691 12.691 1.50022e-05 1.49972e-05
12692 12.692 1.50083e-05 1.50051e-05
12693 12.693 1.50172e-05 1.50236e-05
12694 12.694 1.50048e-05 1.499e-05
12695 12.695 1.50222e-05 1.50252e-05
12696 12.696 1.50026e-05 1.50083e-05
12697 12.697 1.5006e-05 1.50089e-05
12698 12.698 1.50296e-05 1.5055e-05
12699 12.699 1.4994e-05 1.49957e-05
12700 12.7 1.50046e-05 1.49953e-05
12701 12.701 1.50075e-05 1.50132e-05
12702 12.702 1.49897e-05 1.49759e-05
12703 12.703 1.50174e-05 1.50064e-05
12704 12.704 1.50112e-05 1.50104e-05
12705 12.705 1.50144e-05 1.49954e-05
12706 12.706 1.50104e-05 1.49831e-05
12707 12.707 1.50369e-05 1.50343e-05
12708 12.708 1.50167e-05 1.50076e-05
12709 12.709 1.50081e-05 1.501e-05
12710 12.71 1.49907e-05 1.50006e-05
12711 12.711 1.4997e-05 1.49917e-05
12712 12.712 1.49989e-05 1.49988e-05
12713 12.713 1.50046e-05 1.50008e-05
12714 12.714 1.50175e-05 1.50309e-05
12715 12.715 1.50045e-05 1.49863e-05
12716 12.716 1.50182e-05 1.50152e-05
12717 12.717 1.50015e-05 1.49996e-05
12718 12.718 1.50065e-05 1.49987e-05
12719 12.719 1.49977e-05 1.49927e-05
12720 12.72 1.4987e-05 1.49957e-05
12721 12.721 1.4995e-05 1.49939e-05
12722 12.722 1.4995e-05 1.50028e-05
12723 12.723 1.49934e-05 1.50076e-05
12724 12.724 1.50047e-05 1.49868e-05
12725 12.725 1.50102e-05 1.50133e-05
12726 12.726 1.50176e-05 1.50105e-05
12727 12.727 1.49999e-05 1.49888e-05
12728 12.728 1.50143e-05 1.50109e-05
12729 12.729 1.49945e-05 1.4977e-05
12730 12.73 1.49865e-05 1.49773e-05
12731 12.731 1.50086e-05 1.50049e-05
12732 12.732 1.50101e-05 1.49901e-05
12733 12.733 1.49998e-05 1.49978e-05
12734 12.734 1.49952e-05 1.50061e-05
12735 12.735 1.50175e-05 1.50321e-05
12736 12.736 1.4996e-05 1.50009e-05
12737 12.737 1.49953e-05 1.50019e-05
12738 12.738 1.50041e-05 1.50004e-05
12739 12.739 1.50236e-05 1.50369e-05
12740 12.74 1.50215e-05 1.50149e-05
12741 12.741 1.5023e-05 1.50161e-05
12742 12.742 1.50139e-05 1.50061e-05
12743 12.743 1.50154e-05 1.50099e-05
12744 12.744 1.50126e-05 1.50163e-05
12745 12.745 1.50179e-05 1.50132e-05
12746 12.746 1.49887e-05 1.49914e-05
12747 12.747 1.50087e-05 1.50203e-05
12748 12.748 1.50166e-05 1.50364e-05
12749 12.749 1.50187e-05 1.5014e-05
12750 12.75 1.50091e-05 1.50219e-05
12751 12.751 1.50017e-05 1.49884e-05
12752 12.752 1.49983e-05 1.50011e-05
12753 12.753 1.50051e-05 1.49877e-05
12754 12.754 1.50139e-05 1.5018e-05
12755 12.755 1.49993e-05 1.50047e-05
12756 12.756 1.501e-05 1.50014e-05
12757 12.757 1.50054e-05 1.50045e-05
12758 12.758 1.50269e-05 1.50414e-05
12759 12.759 1.50089e-05 1.50214e-05
12760 12.76 1.49761e-05 1.49818e-05
12761 12.761 1.50031e-05 1.50058e-05
12762 12.762 1.4977e-05 1.49817e-05
12763 12.763 1.49916e-05 1.50006e-05
12764 12.764 1.50066e-05 1.50081e-05
12765 12.765 1.50043e-05 1.50091e-05
12766 12.766 1.50087e-05 1.50127e-05
12767 12.767 1.50042e-05 1.50048e-05
12768 12.768 1.50074e-05 1.50119e-05
12769 12.769 1.49933e-05 1.50041e-05
12770 12.77 1.50151e-05 1.50431e-05
12771 12.771 1.50075e-05 1.50216e-05
12772 12.772 1.49938e-05 1.49878e-05
12773 12.773 1.5002e-05 1.50137e-05
12774 12.774 1.50051e-05 1.50009e-05
12775 12.775 1.49989e-05 1.49943e-05
12776 12.776 1.50334e-05 1.50374e-05
12777 12.777 1.50135e-05 1.50265e-05
12778 12.778 1.50226e-05 1.5023e-05
12779 12.779 1.50133e-05 1.50099e-05
12780 12.78 1.5024e-05 1.50437e-05
12781 12.781 1.50078e-05 1.5004e-05
12782 12.782 1.50122e-05 1.49935e-05
12783 12.783 1.50007e-05 1.50011e-05
12784 12.784 1.4996e-05 1.49957e-05
12785 12.785 1.4988e-05 1.49719e-05
12786 12.786 1.5e-05 1.49792e-05
12787 12.787 1.49923e-05 1.4988e-05
12788 12.788 1.49966e-05 1.5014e-05
12789 12.789 1.50081e-05 1.50033e-05
12790 12.79 1.50093e-05 1.50033e-05
12791 12.791 1.50071e-05 1.50119e-05
12792 12.792 1.50254e-05 1.50348e-05
12793 12.793 1.50067e-05 1.4995e-05
12794 12.794 1.50166e-05 1.50147e-05
12795 12.795 1.49768e-05 1.49717e-05
12796 12.796 1.49872e-05 1.49809e-05
12797 12.797 1.50207e-05 1.50187e-05
12798 12.798 1.50088e-05 1.49932e-05
12799 12.799 1.50045e-05 1.49963e-05
12800 12.8 1.50053e-05 1.49933e-05
12801 12.801 1.50049e-05 1.49942e-05
12802 12.802 1.50065e-05 1.49839e-05
12803 12.803 1.50056e-05 1.50016e-05
12804 12.804 1.50155e-05 1.50117e-05
12805 12.805 1.49976e-05 1.49992e-05
12806 12.806 1.49966e-05 1.5e-05
12807 12.807 1.50067e-05 1.50003e-05
12808 12.808 1.50214e-05 1.49962e-05
12809 12.809 1.50005e-05 1.50105e-05
12810 12.81 1.49897e-05 1.49916e-05
12811 12.811 1.50037e-05 1.50261e-05
12812 12.812 1.50139e-05 1.49853e-05
12813 12.813 1.50191e-05 1.50127e-05
12814 12.814 1.50093e-05 1.49981e-05
12815 12.815 1.50069e-05 1.50204e-05
12816 12.816 1.50255e-05 1.50117e-05
12817 12.817 1.50194e-05 1.5019e-05
12818 12.818 1.50123e-05 1.50059e-05
12819 12.819 1.50078e-05 1.50192e-05
12820 12.82 1.50154e-05 1.50177e-05
12821 12.821 1.50038e-05 1.4999e-05
12822 12.822 1.50006e-05 1.49955e-05
12823 12.823 1.50119e-05 1.49891e-05
12824 12.824 1.49981e-05 1.49901e-05
12825 12.825 1.50084e-05 1.49979e-05
12826 12.826 1.50071e-05 1.50259e-05
12827 12.827 1.50025e-05 1.49975e-05
12828 12.828 1.50068e-05 1.50017e-05
12829 12.829 1.49952e-05 1.50025e-05
12830 12.83 1.50193e-05 1.50303e-05
12831 12.831 1.50161e-05 1.50006e-05
12832 12.832 1.50261e-05 1.50299e-05
12833 12.833 1.5029e-05 1.50213e-05
12834 12.834 1.50006e-05 1.49966e-05
12835 12.835 1.50235e-05 1.50343e-05
12836 12.836 1.50171e-05 1.50119e-05
12837 12.837 1.50058e-05 1.50048e-05
12838 12.838 1.50071e-05 1.49852e-05
12839 12.839 1.50242e-05 1.50148e-05
12840 12.84 1.50095e-05 1.50144e-05
12841 12.841 1.5001e-05 1.50028e-05
12842 12.842 1.5007e-05 1.50082e-05
12843 12.843 1.50061e-05 1.49998e-05
12844 12.844 1.50078e-05 1.49938e-05
12845 12.845 1.50192e-05 1.5023e-05
12846 12.846 1.50086e-05 1.50122e-05
12847 12.847 1.50204e-05 1.50237e-05
12848 12.848 1.49938e-05 1.49968e-05
12849 12.849 1.50016e-05 1.50173e-05
12850 12.85 1.49902e-05 1.49839e-05
12851 12.851 1.50288e-05 1.50492e-05
12852 12.852 1.50337e-05 1.50117e-05
12853 12.853 1.50348e-05 1.5034e-05
12854 12.854 1.50081e-05 1.4991e-05
12855 12.855 1.5005e-05 1.50241e-05
12856 12.856 1.50179e-05 1.50197e-05
12857 12.857 1.50197e-05 1.5012e-05
12858 12.858 1.5003e-05 1.50201e-05
12859 12.859 1.50196e-05 1.50203e-05
12860 12.86 1.50049e-05 1.50098e-05
12861 12.861 1.49927e-05 1.50011e-05
12862 12.862 1.50119e-05 1.50094e-05
12863 12.863 1.50056e-05 1.50009e-05
12864 12.864 1.50062e-05 1.50132e-05
12865 12.865 1.50123e-05 1.50031e-05
12866 12.866 1.50266e-05 1.50195e-05
12867 12.867 1.49998e-05 1.49861e-05
12868 12.868 1.50184e-05 1.50238e-05
12869 12.869 1.50059e-05 1.50122e-05
12870 12.87 1.49924e-05 1.50144e-05
12871 12.871 1.49825e-05 1.49888e-05
12872 12.872 1.49854e-05 1.49976e-05
12873 12.873 1.49978e-05 1.49985e-05
12874 12.874 1.49999e-05 1.49817e-05
12875 12.875 1.50012e-05 1.49924e-05
12876 12.876 1.50172e-05 1.49983e-05
12877 12.877 1.5022e-05 1.50254e-05
12878 12.878 1.50216e-05 1.50074e-05
12879 12.879 1.5038e-05 1.50551e-05
12880 12.88 1.5026e-05 1.50313e-05
12881 12.881 1.5001e-05 1.49924e-05
12882 12.882 1.49962e-05 1.49859e-05
12883 12.883 1.50104e-05 1.49958e-05
12884 12.884 1.50042e-05 1.49922e-05
12885 12.885 1.50087e-05 1.50121e-05
12886 12.886 1.49925e-05 1.49807e-05
12887 12.887 1.49853e-05 1.49796e-05
12888 12.888 1.49986e-05 1.49938e-05
12889 12.889 1.49805e-05 1.49834e-05
12890 12.89 1.50088e-05 1.50079e-05
12891 12.891 1.50062e-05 1.50132e-05
12892 12.892 1.49875e-05 1.49617e-05
12893 12.893 1.50032e-05 1.50006e-05
12894 12.894 1.50146e-05 1.50187e-05
12895 12.895 1.49835e-05 1.49666e-05
12896 12.896 1.50151e-05 1.50145e-05
12897 12.897 1.50202e-05 1.50106e-05
12898 12.898 1.49935e-05 1.49836e-05
12899 12.899 1.49972e-05 1.49953e-05
12900 12.9 1.50002e-05 1.49799e-05
12901 12.901 1.5005e-05 1.50101e-05
12902 12.902 1.49833e-05 1.49828e-05
12903 12.903 1.50086e-05 1.50096e-05
12904 12.904 1.50047e-05 1.49957e-05
12905 12.905 1.50119e-05 1.50107e-05
12906 12.906 1.50102e-05 1.50102e-05
12907 12.907 1.50089e-05 1.4996e-05
12908 12.908 1.4993e-05 1.49895e-05
12909 12.909 1.49891e-05 1.49705e-05
12910 12.91 1.50026e-05 1.50007e-05
12911 12.911 1.49926e-05 1.49978e-05
12912 12.912 1.50148e-05 1.50258e-05
12913 12.913 1.50003e-05 1.50058e-05
12914 12.914 1.4994e-05 1.49999e-05
12915 12.915 1.49974e-05 1.5014e-05
12916 12.916 1.49879e-05 1.49905e-05
12917 12.917 1.50003e-05 1.50225e-05
12918 12.918 1.5024e-05 1.50423e-05
12919 12.919 1.50113e-05 1.50109e-05
12920 12.92 1.49901e-05 1.49858e-05
12921 12.921 1.49935e-05 1.49809e-05
12922 12.922 1.50035e-05 1.50101e-05
12923 12.923 1.50123e-05 1.50048e-05
12924 12.924 1.50071e-05 1.50148e-05
12925 12.925 1.49923e-05 1.49978e-05
12926 12.926 1.49801e-05 1.49871e-05
12927 12.927 1.50134e-05 1.50045e-05
12928 12.928 1.5012e-05 1.50119e-05
12929 12.929 1.50096e-05 1.50035e-05
12930 12.93 1.49982e-05 1.49947e-05
12931 12.931 1.50234e-05 1.50161e-05
12932 12.932 1.50049e-05 1.49856e-05
12933 12.933 1.50097e-05 1.50173e-05
12934 12.934 1.50024e-05 1.49999e-05
12935 12.935 1.49899e-05 1.4997e-05
12936 12.936 1.49764e-05 1.49816e-05
12937 12.937 1.50039e-05 1.50099e-05
12938 12.938 1.50023e-05 1.50009e-05
12939 12.939 1.50133e-05 1.50083e-05
12940 12.94 1.49992e-05 1.4994e-05
12941 12.941 1.50105e-05 1.50115e-05
12942 12.942 1.49994e-05 1.50059e-05
12943 12.943 1.50083e-05 1.49845e-05
12944 12.944 1.50083e-05 1.50192e-05
12945 12.945 1.50244e-05 1.50268e-05
12946 12.946 1.4999e-05 1.49922e-05
12947 12.947 1.49894e-05 1.50023e-05
12948 12.948 1.49966e-05 1.49859e-05
12949 12.949 1.49943e-05 1.5006e-05
12950 12.95 1.50005e-05 1.50067e-05
12951 12.951 1.49911e-05 1.50054e-05
12952 12.952 1.50113e-05 1.50203e-05
12953 12.953 1.50031e-05 1.49985e-05
12954 12.954 1.49882e-05 1.49916e-05
12955 12.955 1.50213e-05 1.50276e-05
12956 12.956 1.50177e-05 1.50114e-05
12957 12.957 1.49802e-05 1.49657e-05
12958 12.958 1.49994e-05 1.49929e-05
12959 12.959 1.5004e-05 1.50003e-05
12960 12.96 1.49866e-05 1.49789e-05
12961 12.961 1.49856e-05 1.50029e-05
12962 12.962 1.49957e-05 1.49755e-05
12963 12.963 1.50128e-05 1.50019e-05
12964 12.964 1.50081e-05 1.50127e-05
12965 12.965 1.50106e-05 1.50316e-05
12966 12.966 1.50002e-05 1.49854e-05
12967 12.967 1.50096e-05 1.50282e-05
12968 12.968 1.50002e-05 1.49956e-05
12969 12.969 1.50126e-05 1.50256e-05
12970 12.97 1.50184e-05 1.50266e-05
12971 12.971 1.50131e-05 1.50069e-05
12972 12.972 1.49849e-05 1.5002e-05
12973 12.973 1.49851e-05 1.49805e-05
12974 12.974 1.49881e-05 1.49662e-05
12975 12.975 1.49978e-05 1.50175e-05
12976 12.976 1.50098e-05 1.50089e-05
12977 12.977 1.50052e-05 1.50008e-05
12978 12.978 1.50442e-05 1.50467e-05
12979 12.979 1.5001e-05 1.5008e-05
12980 12.98 1.49911e-05 1.49952e-05
12981 12.981 1.50209e-05 1.50266e-05
12982 12.982 1.49922e-05 1.49994e-05
12983 12.983 1.50031e-05 1.4997e-05
12984 12.984 1.50075e-05 1.50169e-05
12985 12.985 1.50011e-05 1.50027e-05
12986 12.986 1.50055e-05 1.50067e-05
12987 12.987 1.50147e-05 1.50119e-05
12988 12.988 1.50176e-05 1.50004e-05
12989 12.989 1.50009e-05 1.50098e-05
12990 12.99 1.50175e-05 1.50257e-05
12991 12.991 1.50199e-05 1.50201e-05
12992 12.992 1.50058e-05 1.50158e-05
12993 12.993 1.50211e-05 1.50122e-05
12994 12.994 1.49944e-05 1.49716e-05
12995 12.995 1.50065e-05 1.4988e-05
12996 12.996 1.4989e-05 1.49818e-05
12997 12.997 1.50051e-05 1.49905e-05
12998 12.998 1.49823e-05 1.49758e-05
12999 12.999 1.49949e-05 1.50009e-05
13000 13 1.50204e-05 1.50262e-05
13001 13.001 1.5009e-05 1.50076e-05
13002 13.002 1.49994e-05 1.50013e-05
13003 13.003 1.50161e-05 1.50221e-05
13004 13.004 1.50152e-05 1.4988e-05
13005 13.005 1.50236e-05 1.50188e-05
13006 13.006 1.49958e-05 1.50011e-05
13007 13.007 1.50287e-05 1.50255e-05
13008 13.008 1.49744e-05 1.49834e-05
13009 13.009 1.49864e-05 1.49697e-05
13010 13.01 1.50205e-05 1.50201e-05
13011 13.011 1.50209e-05 1.50196e-05
13012 13.012 1.50094e-05 1.50007e-05
13013 13.013 1.50192e-05 1.501e-05
13014 13.014 1.50125e-05 1.49965e-05
13015 13.015 1.49958e-05 1.50065e-05
13016 13.016 1.49955e-05 1.49985e-05
13017 13.017 1.50162e-05 1.50174e-05
13018 13.018 1.49849e-05 1.49843e-05
13019 13.019 1.49912e-05 1.49902e-05
13020 13.02 1.5008e-05 1.50287e-05
13021 13.021 1.50076e-05 1.50153e-05
13022 13.022 1.50152e-05 1.50058e-05
13023 13.023 1.50254e-05 1.5023e-05
13024 13.024 1.5002e-05 1.49962e-05
13025 13.025 1.49852e-05 1.49905e-05
13026 13.026 1.50115e-05 1.49997e-05
13027 13.027 1.49996e-05 1.49867e-05
13028 13.028 1.50122e-05 1.50162e-05
13029 13.029 1.50087e-05 1.50087e-05
13030 13.03 1.4999e-05 1.49894e-05
13031 13.031 1.5006e-05 1.49934e-05
13032 13.032 1.49978e-05 1.49897e-05
13033 13.033 1.49901e-05 1.49944e-05
13034 13.034 1.50053e-05 1.5002e-05
13035 13.035 1.50019e-05 1.50016e-05
13036 13.036 1.49996e-05 1.49799e-05
13037 13.037 1.5007e-05 1.50057e-05
13038 13.038 1.50071e-05 1.4998e-05
13039 13.039 1.50082e-05 1.50031e-05
13040 13.04 1.49858e-05 1.49918e-05
13041 13.041 1.50069e-05 1.50044e-05
13042 13.042 1.49926e-05 1.49919e-05
13043 13.043 1.50165e-05 1.50117e-05
13044 13.044 1.49975e-05 1.49991e-05
13045 13.045 1.50064e-05 1.50022e-05
13046 13.046 1.49875e-05 1.49975e-05
13047 13.047 1.4984e-05 1.49906e-05
13048 13.048 1.49927e-05 1.49888e-05
13049 13.049 1.50098e-05 1.50095e-05
13050 13.05 1.49919e-05 1.50074e-05
13051 13.051 1.50117e-05 1.50129e-05
13052 13.052 1.49965e-05 1.49951e-05
13053 13.053 1.50108e-05 1.50226e-05
13054 13.054 1.50143e-05 1.50062e-05
13055 13.055 1.50173e-05 1.50164e-05
13056 13.056 1.50084e-05 1.49976e-05
13057 13.057 1.4989e-05 1.4987e-05
13058 13.058 1.50015e-05 1.50165e-05
13059 13.059 1.5007e-05 1.50045e-05
13060 13.06 1.50177e-05 1.50368e-05
13061 13.061 1.50185e-05 1.50381e-05
13062 13.062 1.50027e-05 1.49952e-05
13063 13.063 1.50157e-05 1.50115e-05
13064 13.064 1.49963e-05 1.50108e-05
13065 13.065 1.50099e-05 1.50141e-05
13066 13.066 1.50097e-05 1.50052e-05
13067 13.067 1.50097e-05 1.50138e-05
13068 13.068 1.50016e-05 1.50187e-05
13069 13.069 1.50124e-05 1.50161e-05
13070 13.07 1.49961e-05 1.5014e-05
13071 13.071 1.49952e-05 1.50003e-05
13072 13.072 1.49918e-05 1.49843e-05
13073 13.073 1.5007e-05 1.49909e-05
13074 13.074 1.49953e-05 1.49865e-05
13075 13.075 1.49945e-05 1.50029e-05
13076 13.076 1.49895e-05 1.499e-05
13077 13.077 1.49966e-05 1.49771e-05
13078 13.078 1.50003e-05 1.49788e-05
13079 13.079 1.50261e-05 1.50152e-05
13080 13.08 1.50161e-05 1.50154e-05
13081 13.081 1.49953e-05 1.4993e-05
13082 13.082 1.501e-05 1.49924e-05
13083 13.083 1.50065e-05 1.50091e-05
13084 13.084 1.50156e-05 1.49968e-05
13085 13.085 1.49975e-05 1.49983e-05
13086 13.086 1.49935e-05 1.49994e-05
13087 13.087 1.50161e-05 1.50219e-05
13088 13.088 1.50173e-05 1.50139e-05
13089 13.089 1.50285e-05 1.50285e-05
13090 13.09 1.50185e-05 1.50173e-05
13091 13.091 1.50136e-05 1.50038e-05
13092 13.092 1.50023e-05 1.50079e-05
13093 13.093 1.50251e-05 1.50243e-05
13094 13.094 1.50052e-05 1.50169e-05
13095 13.095 1.50124e-05 1.5035e-05
13096 13.096 1.50061e-05 1.50165e-05
13097 13.097 1.50117e-05 1.50222e-05
13098 13.098 1.50073e-05 1.50216e-05
13099 13.099 1.50068e-05 1.50139e-05
13100 13.1 1.50082e-05 1.50231e-05
13101 13.101 1.50267e-05 1.50271e-05
13102 13.102 1.50138e-05 1.50213e-05
13103 13.103 1.49999e-05 1.49867e-05
13104 13.104 1.50011e-05 1.50056e-05
13105 13.105 1.50052e-05 1.50237e-05
13106 13.106 1.50007e-05 1.50031e-05
13107 13.107 1.50059e-05 1.501e-05
13108 13.108 1.50113e-05 1.50015e-05
13109 13.109 1.50349e-05 1.50274e-05
13110 13.11 1.49879e-05 1.4994e-05
13111 13.111 1.49949e-05 1.49828e-05
13112 13.112 1.49985e-05 1.50046e-05
13113 13.113 1.50195e-05 1.50291e-05
13114 13.114 1.50058e-05 1.49893e-05
13115 13.115 1.50159e-05 1.50267e-05
13116 13.116 1.49952e-05 1.49942e-05
13117 13.117 1.49846e-05 1.49766e-05
13118 13.118 1.50139e-05 1.50122e-05
13119 13.119 1.50206e-05 1.50073e-05
13120 13.12 1.50105e-05 1.50054e-05
13121 13.121 1.50241e-05 1.50253e-05
13122 13.122 1.50147e-05 1.50106e-05
13123 13.123 1.49917e-05 1.50035e-05
13124 13.124 1.50151e-05 1.50143e-05
13125 13.125 1.49836e-05 1.49823e-05
13126 13.126 1.50221e-05 1.50351e-05
13127 13.127 1.50161e-05 1.50248e-05
13128 13.128 1.50239e-05 1.50061e-05
13129 13.129 1.50145e-05 1.49995e-05
13130 13.13 1.49779e-05 1.49913e-05
13131 13.131 1.50081e-05 1.49966e-05
13132 13.132 1.50274e-05 1.50148e-05
13133 13.133 1.50231e-05 1.50219e-05
13134 13.134 1.50213e-05 1.50226e-05
13135 13.135 1.50244e-05 1.50091e-05
13136 13.136 1.50193e-05 1.50188e-05
13137 13.137 1.50116e-05 1.50101e-05
13138 13.138 1.49876e-05 1.50029e-05
13139 13.139 1.50073e-05 1.50007e-05
13140 13.14 1.49991e-05 1.50015e-05
13141 13.141 1.50066e-05 1.50085e-05
13142 13.142 1.4993e-05 1.49818e-05
13143 13.143 1.50177e-05 1.5029e-05
13144 13.144 1.4999e-05 1.49955e-05
13145 13.145 1.50091e-05 1.50209e-05
13146 13.146 1.50138e-05 1.50071e-05
13147 13.147 1.49938e-05 1.49966e-05
13148 13.148 1.49896e-05 1.49671e-05
13149 13.149 1.49924e-05 1.50086e-05
13150 13.15 1.50189e-05 1.50038e-05
13151 13.151 1.49943e-05 1.49789e-05
13152 13.152 1.50063e-05 1.4999e-05
13153 13.153 1.49951e-05 1.50032e-05
13154 13.154 1.4986e-05 1.49745e-05
13155 13.155 1.50093e-05 1.50038e-05
13156 13.156 1.50205e-05 1.50139e-05
13157 13.157 1.49985e-05 1.49963e-05
13158 13.158 1.50031e-05 1.50071e-05
13159 13.159 1.49933e-05 1.50005e-05
13160 13.16 1.49958e-05 1.50063e-05
13161 13.161 1.50041e-05 1.50187e-05
13162 13.162 1.50031e-05 1.49943e-05
13163 13.163 1.49958e-05 1.49908e-05
13164 13.164 1.49965e-05 1.49903e-05
13165 13.165 1.49969e-05 1.4997e-05
13166 13.166 1.50015e-05 1.49903e-05
13167 13.167 1.50216e-05 1.50027e-05
13168 13.168 1.5011e-05 1.50096e-05
13169 13.169 1.50109e-05 1.50007e-05
13170 13.17 1.50161e-05 1.49932e-05
13171 13.171 1.50224e-05 1.50533e-05
13172 13.172 1.49846e-05 1.49843e-05
13173 13.173 1.49835e-05 1.49674e-05
13174 13.174 1.50109e-05 1.50076e-05
13175 13.175 1.50148e-05 1.50184e-05
13176 13.176 1.50255e-05 1.50282e-05
13177 13.177 1.50095e-05 1.49964e-05
13178 13.178 1.50386e-05 1.50561e-05
13179 13.179 1.49959e-05 1.50009e-05
13180 13.18 1.49856e-05 1.498e-05
13181 13.181 1.50031e-05 1.49928e-05
13182 13.182 1.50025e-05 1.49979e-05
13183 13.183 1.49974e-05 1.49971e-05
13184 13.184 1.49979e-05 1.50017e-05
13185 13.185 1.50046e-05 1.50174e-05
13186 13.186 1.49928e-05 1.49871e-05
13187 13.187 1.49915e-05 1.49934e-05
13188 13.188 1.50014e-05 1.5002e-05
13189 13.189 1.50121e-05 1.50113e-05
13190 13.19 1.49932e-05 1.49889e-05
13191 13.191 1.49992e-05 1.50029e-05
13192 13.192 1.49922e-05 1.49976e-05
13193 13.193 1.50351e-05 1.50431e-05
13194 13.194 1.49943e-05 1.49879e-05
13195 13.195 1.5008e-05 1.50043e-05
13196 13.196 1.50101e-05 1.50063e-05
13197 13.197 1.49917e-05 1.49863e-05
13198 13.198 1.50257e-05 1.5019e-05
13199 13.199 1.49966e-05 1.50015e-05
13200 13.2 1.50059e-05 1.49983e-05
13201 13.201 1.50181e-05 1.50123e-05
13202 13.202 1.50113e-05 1.50079e-05
13203 13.203 1.49806e-05 1.49644e-05
13204 13.204 1.49786e-05 1.49734e-05
13205 13.205 1.49719e-05 1.49656e-05
13206 13.206 1.49938e-05 1.49969e-05
13207 13.207 1.50036e-05 1.49973e-05
13208 13.208 1.49951e-05 1.50089e-05
13209 13.209 1.5011e-05 1.50458e-05
13210 13.21 1.50124e-05 1.50128e-05
13211 13.211 1.50017e-05 1.49957e-05
13212 13.212 1.50065e-05 1.49985e-05
13213 13.213 1.5003e-05 1.49985e-05
13214 13.214 1.49964e-05 1.50218e-05
13215 13.215 1.49807e-05 1.49861e-05
13216 13.216 1.4998e-05 1.49953e-05
13217 13.217 1.49986e-05 1.50087e-05
13218 13.218 1.49842e-05 1.49912e-05
13219 13.219 1.49883e-05 1.49932e-05
13220 13.22 1.49813e-05 1.49739e-05
13221 13.221 1.50005e-05 1.49951e-05
13222 13.222 1.49826e-05 1.49782e-05
13223 13.223 1.50001e-05 1.50075e-05
13224 13.224 1.50114e-05 1.50031e-05
13225 13.225 1.5006e-05 1.50182e-05
13226 13.226 1.50072e-05 1.50061e-05
13227 13.227 1.50288e-05 1.50264e-05
13228 13.228 1.50025e-05 1.50025e-05
13229 13.229 1.50146e-05 1.50177e-05
13230 13.23 1.49826e-05 1.49831e-05
13231 13.231 1.50061e-05 1.50045e-05
13232 13.232 1.49988e-05 1.50198e-05
13233 13.233 1.50058e-05 1.50168e-05
13234 13.234 1.50066e-05 1.49879e-05
13235 13.235 1.49922e-05 1.49875e-05
13236 13.236 1.49949e-05 1.49864e-05
13237 13.237 1.50148e-05 1.50008e-05
13238 13.238 1.502e-05 1.50174e-05
13239 13.239 1.50133e-05 1.50042e-05
13240 13.24 1.50263e-05 1.50464e-05
13241 13.241 1.49995e-05 1.50004e-05
13242 13.242 1.50132e-05 1.50267e-05
13243 13.243 1.49875e-05 1.49749e-05
13244 13.244 1.50127e-05 1.50223e-05
13245 13.245 1.49945e-05 1.49906e-05
13246 13.246 1.50194e-05 1.50275e-05
13247 13.247 1.50063e-05 1.50191e-05
13248 13.248 1.49991e-05 1.50001e-05
13249 13.249 1.50204e-05 1.50359e-05
13250 13.25 1.50212e-05 1.50351e-05
13251 13.251 1.50287e-05 1.50387e-05
13252 13.252 1.50206e-05 1.50088e-05
13253 13.253 1.50087e-05 1.50172e-05
13254 13.254 1.50013e-05 1.50099e-05
13255 13.255 1.50165e-05 1.50229e-05
13256 13.256 1.50079e-05 1.5e-05
13257 13.257 1.50184e-05 1.50178e-05
13258 13.258 1.50053e-05 1.50132e-05
13259 13.259 1.5012e-05 1.50197e-05
13260 13.26 1.50256e-05 1.50142e-05
13261 13.261 1.50016e-05 1.50027e-05
13262 13.262 1.501e-05 1.50133e-05
13263 13.263 1.49944e-05 1.49978e-05
13264 13.264 1.50174e-05 1.50119e-05
13265 13.265 1.5002e-05 1.49917e-05
13266 13.266 1.49862e-05 1.49838e-05
13267 13.267 1.49976e-05 1.49899e-05
13268 13.268 1.50178e-05 1.50053e-05
13269 13.269 1.50137e-05 1.49954e-05
13270 13.27 1.49969e-05 1.4983e-05
13271 13.271 1.49878e-05 1.49938e-05
13272 13.272 1.5008e-05 1.50037e-05
13273 13.273 1.49993e-05 1.49867e-05
13274 13.274 1.50091e-05 1.5032e-05
13275 13.275 1.49996e-05 1.49888e-05
13276 13.276 1.50059e-05 1.49796e-05
13277 13.277 1.50211e-05 1.50153e-05
13278 13.278 1.50092e-05 1.50104e-05
13279 13.279 1.50201e-05 1.50193e-05
13280 13.28 1.49924e-05 1.49826e-05
13281 13.281 1.4988e-05 1.50053e-05
13282 13.282 1.49982e-05 1.4999e-05
13283 13.283 1.49984e-05 1.50227e-05
13284 13.284 1.49903e-05 1.49888e-05
13285 13.285 1.49909e-05 1.49937e-05
13286 13.286 1.49982e-05 1.49864e-05
13287 13.287 1.49936e-05 1.50117e-05
13288 13.288 1.50185e-05 1.50121e-05
13289 13.289 1.50076e-05 1.50036e-05
13290 13.29 1.50122e-05 1.5019e-05
13291 13.291 1.5015e-05 1.49921e-05
13292 13.292 1.50045e-05 1.50101e-05
13293 13.293 1.50098e-05 1.50234e-05
13294 13.294 1.50037e-05 1.49943e-05
13295 13.295 1.49837e-05 1.49947e-05
13296 13.296 1.50015e-05 1.49887e-05
13297 13.297 1.49889e-05 1.4984e-05
13298 13.298 1.50015e-05 1.50028e-05
13299 13.299 1.50016e-05 1.49947e-05
13300 13.3 1.4986e-05 1.49699e-05
13301 13.301 1.49973e-05 1.49834e-05
13302 13.302 1.49973e-05 1.49975e-05
13303 13.303 1.5001e-05 1.50174e-05
13304 13.304 1.49963e-05 1.50037e-05
13305 13.305 1.5022e-05 1.50203e-05
13306 13.306 1.49918e-05 1.49861e-05
13307 13.307 1.49871e-05 1.49863e-05
13308 13.308 1.50043e-05 1.50063e-05
13309 13.309 1.50009e-05 1.50116e-05
13310 13.31 1.50193e-05 1.50251e-05
13311 13.311 1.50218e-05 1.5024e-05
13312 13.312 1.50104e-05 1.50188e-05
13313 13.313 1.49692e-05 1.49744e-05
13314 13.314 1.50055e-05 1.50112e-05
13315 13.315 1.50116e-05 1.50011e-05
13316 13.316 1.50019e-05 1.50124e-05
13317 13.317 1.50073e-05 1.50262e-05
13318 13.318 1.50244e-05 1.50345e-05
13319 13.319 1.49955e-05 1.49938e-05
13320 13.32 1.50124e-05 1.50232e-05
13321 13.321 1.49951e-05 1.50094e-05
13322 13.322 1.50022e-05 1.49859e-05
13323 13.323 1.50031e-05 1.50095e-05
13324 13.324 1.50162e-05 1.50171e-05
13325 13.325 1.50229e-05 1.50126e-05
13326 13.326 1.49901e-05 1.49795e-05
13327 13.327 1.50101e-05 1.50121e-05
13328 13.328 1.49999e-05 1.49921e-05
13329 13.329 1.50165e-05 1.50124e-05
13330 13.33 1.49887e-05 1.50001e-05
13331 13.331 1.50189e-05 1.49965e-05
13332 13.332 1.49911e-05 1.49991e-05
13333 13.333 1.50128e-05 1.4996e-05
13334 13.334 1.50129e-05 1.49921e-05
13335 13.335 1.50129e-05 1.50311e-05
13336 13.336 1.50356e-05 1.50269e-05
13337 13.337 1.49984e-05 1.50018e-05
13338 13.338 1.49999e-05 1.49887e-05
13339 13.339 1.50049e-05 1.49873e-05
13340 13.34 1.50071e-05 1.5013e-05
13341 13.341 1.50078e-05 1.50159e-05
13342 13.342 1.4999e-05 1.50037e-05
13343 13.343 1.50124e-05 1.50127e-05
13344 13.344 1.50025e-05 1.50112e-05
13345 13.345 1.50024e-05 1.49992e-05
13346 13.346 1.49965e-05 1.49883e-05
13347 13.347 1.49984e-05 1.49987e-05
13348 13.348 1.50095e-05 1.50074e-05
13349 13.349 1.49997e-05 1.50001e-05
13350 13.35 1.50014e-05 1.49943e-05
13351 13.351 1.50097e-05 1.50031e-05
13352 13.352 1.50241e-05 1.50117e-05
13353 13.353 1.50222e-05 1.50215e-05
13354 13.354 1.49956e-05 1.50084e-05
13355 13.355 1.5003e-05 1.49934e-05
13356 13.356 1.50035e-05 1.49961e-05
13357 13.357 1.50062e-05 1.49974e-05
13358 13.358 1.50018e-05 1.50082e-05
13359 13.359 1.49969e-05 1.49911e-05
13360 13.36 1.49837e-05 1.49873e-05
13361 13.361 1.5007e-05 1.49981e-05
13362 13.362 1.50133e-05 1.50129e-05
13363 13.363 1.50133e-05 1.50166e-05
13364 13.364 1.50114e-05 1.50066e-05
13365 13.365 1.50004e-05 1.50051e-05
13366 13.366 1.50204e-05 1.5028e-05
13367 13.367 1.50011e-05 1.50056e-05
13368 13.368 1.49898e-05 1.50014e-05
13369 13.369 1.50106e-05 1.50118e-05
13370 13.37 1.50057e-05 1.50084e-05
13371 13.371 1.50127e-05 1.50128e-05
13372 13.372 1.50229e-05 1.50196e-05
13373 13.373 1.49995e-05 1.50022e-05
13374 13.374 1.50046e-05 1.4999e-05
13375 13.375 1.50149e-05 1.50129e-05
13376 13.376 1.50017e-05 1.50085e-05
13377 13.377 1.49915e-05 1.49993e-05
13378 13.378 1.49932e-05 1.49963e-05
13379 13.379 1.50008e-05 1.50089e-05
13380 13.38 1.50159e-05 1.50305e-05
13381 13.381 1.49994e-05 1.50031e-05
13382 13.382 1.49971e-05 1.50025e-05
13383 13.383 1.49987e-05 1.49915e-05
13384 13.384 1.50027e-05 1.49968e-05
13385 13.385 1.50074e-05 1.50087e-05
13386 13.386 1.50022e-05 1.50189e-05
13387 13.387 1.50103e-05 1.50188e-05
13388 13.388 1.50043e-05 1.5009e-05
13389 13.389 1.5016e-05 1.50339e-05
13390 13.39 1.49937e-05 1.49983e-05
13391 13.391 1.50077e-05 1.49994e-05
13392 13.392 1.50061e-05 1.50043e-05
13393 13.393 1.50176e-05 1.50141e-05
13394 13.394 1.5006e-05 1.50163e-05
13395 13.395 1.50003e-05 1.50064e-05
13396 13.396 1.50102e-05 1.50184e-05
13397 13.397 1.49842e-05 1.49724e-05
13398 13.398 1.50033e-05 1.50107e-05
13399 13.399 1.5002e-05 1.50045e-05
13400 13.4 1.5024e-05 1.50303e-05
13401 13.401 1.50065e-05 1.50142e-05
13402 13.402 1.50142e-05 1.50199e-05
13403 13.403 1.50186e-05 1.49917e-05
13404 13.404 1.5014e-05 1.50114e-05
13405 13.405 1.50141e-05 1.50099e-05
13406 13.406 1.50183e-05 1.50192e-05
13407 13.407 1.49992e-05 1.49896e-05
13408 13.408 1.50054e-05 1.50057e-05
13409 13.409 1.49947e-05 1.49855e-05
13410 13.41 1.50001e-05 1.49948e-05
13411 13.411 1.5004e-05 1.50004e-05
13412 13.412 1.5009e-05 1.5005e-05
13413 13.413 1.49962e-05 1.49954e-05
13414 13.414 1.5011e-05 1.50099e-05
13415 13.415 1.49979e-05 1.49885e-05
13416 13.416 1.50062e-05 1.50282e-05
13417 13.417 1.5018e-05 1.50063e-05
13418 13.418 1.49903e-05 1.50064e-05
13419 13.419 1.4998e-05 1.499e-05
13420 13.42 1.50141e-05 1.50113e-05
13421 13.421 1.50026e-05 1.499e-05
13422 13.422 1.50078e-05 1.49938e-05
13423 13.423 1.50009e-05 1.49977e-05
13424 13.424 1.5003e-05 1.4979e-05
13425 13.425 1.50126e-05 1.50086e-05
13426 13.426 1.50059e-05 1.49866e-05
13427 13.427 1.50168e-05 1.50224e-05
13428 13.428 1.50091e-05 1.49958e-05
13429 13.429 1.49848e-05 1.49896e-05
13430 13.43 1.49862e-05 1.4979e-05
13431 13.431 1.49941e-05 1.49852e-05
13432 13.432 1.49814e-05 1.4988e-05
13433 13.433 1.50036e-05 1.50028e-05
13434 13.434 1.50124e-05 1.50088e-05
13435 13.435 1.49966e-05 1.49874e-05
13436 13.436 1.50315e-05 1.50328e-05
13437 13.437 1.49955e-05 1.49887e-05
13438 13.438 1.49954e-05 1.49991e-05
13439 13.439 1.5e-05 1.503e-05
13440 13.44 1.49997e-05 1.49926e-05
13441 13.441 1.49977e-05 1.49882e-05
13442 13.442 1.49974e-05 1.49995e-05
13443 13.443 1.49965e-05 1.49813e-05
13444 13.444 1.50045e-05 1.50183e-05
13445 13.445 1.49946e-05 1.50008e-05
13446 13.446 1.50083e-05 1.50128e-05
13447 13.447 1.4982e-05 1.49906e-05
13448 13.448 1.49946e-05 1.4994e-05
13449 13.449 1.50187e-05 1.50064e-05
13450 13.45 1.49914e-05 1.49762e-05
13451 13.451 1.49966e-05 1.49874e-05
13452 13.452 1.50024e-05 1.49829e-05
13453 13.453 1.50088e-05 1.5006e-05
13454 13.454 1.50049e-05 1.50142e-05
13455 13.455 1.50232e-05 1.50086e-05
13456 13.456 1.50051e-05 1.49818e-05
13457 13.457 1.50061e-05 1.50009e-05
13458 13.458 1.49966e-05 1.5004e-05
13459 13.459 1.50028e-05 1.49973e-05
13460 13.46 1.49969e-05 1.49858e-05
13461 13.461 1.49935e-05 1.49835e-05
13462 13.462 1.50132e-05 1.50176e-05
13463 13.463 1.49908e-05 1.50022e-05
13464 13.464 1.50088e-05 1.50005e-05
13465 13.465 1.49839e-05 1.49715e-05
13466 13.466 1.50101e-05 1.50085e-05
13467 13.467 1.49948e-05 1.49982e-05
13468 13.468 1.49943e-05 1.49802e-05
13469 13.469 1.50133e-05 1.50059e-05
13470 13.47 1.4999e-05 1.49903e-05
13471 13.471 1.50189e-05 1.50262e-05
13472 13.472 1.50101e-05 1.49939e-05
13473 13.473 1.5029e-05 1.50268e-05
13474 13.474 1.49988e-05 1.50206e-05
13475 13.475 1.49842e-05 1.49774e-05
13476 13.476 1.5015e-05 1.49965e-05
13477 13.477 1.50129e-05 1.50291e-05
13478 13.478 1.50011e-05 1.49967e-05
13479 13.479 1.50029e-05 1.50087e-05
13480 13.48 1.50143e-05 1.50319e-05
13481 13.481 1.50038e-05 1.50189e-05
13482 13.482 1.50067e-05 1.50074e-05
13483 13.483 1.50036e-05 1.49996e-05
13484 13.484 1.50136e-05 1.50065e-05
13485 13.485 1.49968e-05 1.50035e-05
13486 13.486 1.50173e-05 1.5019e-05
13487 13.487 1.49987e-05 1.49972e-05
13488 13.488 1.49814e-05 1.49875e-05
13489 13.489 1.5014e-05 1.50053e-05
13490 13.49 1.49938e-05 1.50071e-05
13491 13.491 1.50071e-05 1.5016e-05
13492 13.492 1.50024e-05 1.49984e-05
13493 13.493 1.501e-05 1.5007e-05
13494 13.494 1.50309e-05 1.5033e-05
13495 13.495 1.50313e-05 1.5012e-05
13496 13.496 1.50236e-05 1.50161e-05
13497 13.497 1.49922e-05 1.49829e-05
13498 13.498 1.49756e-05 1.49741e-05
13499 13.499 1.50069e-05 1.5003e-05
13500 13.5 1.49907e-05 1.49709e-05
13501 13.501 1.49947e-05 1.4968e-05
13502 13.502 1.4996e-05 1.49946e-05
13503 13.503 1.49771e-05 1.49862e-05
13504 13.504 1.49976e-05 1.49936e-05
13505 13.505 1.50279e-05 1.50316e-05
13506 13.506 1.49684e-05 1.49668e-05
13507 13.507 1.50192e-05 1.50003e-05
13508 13.508 1.50167e-05 1.4997e-05
13509 13.509 1.4993e-05 1.49855e-05
13510 13.51 1.50077e-05 1.50112e-05
13511 13.511 1.50112e-05 1.50281e-05
13512 13.512 1.50127e-05 1.50133e-05
13513 13.513 1.49977e-05 1.498e-05
13514 13.514 1.50011e-05 1.50064e-05
13515 13.515 1.50093e-05 1.49979e-05
13516 13.516 1.50012e-05 1.50133e-05
13517 13.517 1.50281e-05 1.50492e-05
13518 13.518 1.49937e-05 1.50006e-05
13519 13.519 1.49902e-05 1.49904e-05
13520 13.52 1.50166e-05 1.50396e-05
13521 13.521 1.50035e-05 1.50125e-05
13522 13.522 1.50148e-05 1.5001e-05
13523 13.523 1.49963e-05 1.50081e-05
13524 13.524 1.50144e-05 1.50161e-05
13525 13.525 1.49876e-05 1.49878e-05
13526 13.526 1.50043e-05 1.50024e-05
13527 13.527 1.50235e-05 1.50396e-05
13528 13.528 1.5014e-05 1.49827e-05
13529 13.529 1.50148e-05 1.50127e-05
13530 13.53 1.49978e-05 1.49889e-05
13531 13.531 1.5006e-05 1.50248e-05
13532 13.532 1.50104e-05 1.50105e-05
13533 13.533 1.50018e-05 1.49937e-05
13534 13.534 1.50117e-05 1.50142e-05
13535 13.535 1.50305e-05 1.50222e-05
13536 13.536 1.50103e-05 1.49975e-05
13537 13.537 1.49994e-05 1.50055e-05
13538 13.538 1.50005e-05 1.50024e-05
13539 13.539 1.50017e-05 1.50104e-05
13540 13.54 1.50187e-05 1.50254e-05
13541 13.541 1.50092e-05 1.5007e-05
13542 13.542 1.50228e-05 1.5039e-05
13543 13.543 1.50113e-05 1.50212e-05
13544 13.544 1.49836e-05 1.4995e-05
13545 13.545 1.50208e-05 1.49981e-05
13546 13.546 1.50086e-05 1.50203e-05
13547 13.547 1.5014e-05 1.5011e-05
13548 13.548 1.5017e-05 1.50184e-05
13549 13.549 1.49855e-05 1.49642e-05
13550 13.55 1.49885e-05 1.49894e-05
13551 13.551 1.50016e-05 1.50157e-05
13552 13.552 1.50079e-05 1.5032e-05
13553 13.553 1.50114e-05 1.50225e-05
13554 13.554 1.49941e-05 1.50077e-05
13555 13.555 1.49954e-05 1.49842e-05
13556 13.556 1.50222e-05 1.50399e-05
13557 13.557 1.50065e-05 1.50062e-05
13558 13.558 1.50091e-05 1.50081e-05
13559 13.559 1.50084e-05 1.50056e-05
13560 13.56 1.4999e-05 1.49807e-05
13561 13.561 1.50217e-05 1.50268e-05
13562 13.562 1.50049e-05 1.49964e-05
13563 13.563 1.50024e-05 1.50008e-05
13564 13.564 1.50201e-05 1.5024e-05
13565 13.565 1.49985e-05 1.49889e-05
13566 13.566 1.50136e-05 1.50104e-05
13567 13.567 1.49993e-05 1.50144e-05
13568 13.568 1.49974e-05 1.50068e-05
13569 13.569 1.49919e-05 1.49851e-05
13570 13.57 1.49951e-05 1.49936e-05
13571 13.571 1.50029e-05 1.49865e-05
13572 13.572 1.50015e-05 1.49761e-05
13573 13.573 1.4986e-05 1.49881e-05
13574 13.574 1.49996e-05 1.49866e-05
13575 13.575 1.50217e-05 1.50292e-05
13576 13.576 1.50033e-05 1.49849e-05
13577 13.577 1.50084e-05 1.50197e-05
13578 13.578 1.50047e-05 1.49831e-05
13579 13.579 1.49966e-05 1.49984e-05
13580 13.58 1.50192e-05 1.50125e-05
13581 13.581 1.49931e-05 1.4986e-05
13582 13.582 1.50141e-05 1.49905e-05
13583 13.583 1.49841e-05 1.49794e-05
13584 13.584 1.49811e-05 1.49931e-05
13585 13.585 1.49939e-05 1.49832e-05
13586 13.586 1.50027e-05 1.49894e-05
13587 13.587 1.49817e-05 1.49897e-05
13588 13.588 1.50037e-05 1.50045e-05
13589 13.589 1.50022e-05 1.50001e-05
13590 13.59 1.49687e-05 1.49761e-05
13591 13.591 1.49745e-05 1.49634e-05
13592 13.592 1.50004e-05 1.50058e-05
13593 13.593 1.49826e-05 1.49745e-05
13594 13.594 1.50042e-05 1.50048e-05
13595 13.595 1.50037e-05 1.50015e-05
13596 13.596 1.4999e-05 1.50246e-05
13597 13.597 1.50249e-05 1.50408e-05
13598 13.598 1.49909e-05 1.49744e-05
13599 13.599 1.49927e-05 1.49977e-05
13600 13.6 1.502e-05 1.50157e-05
13601 13.601 1.49701e-05 1.49686e-05
13602 13.602 1.50171e-05 1.50337e-05
13603 13.603 1.50004e-05 1.49964e-05
13604 13.604 1.50061e-05 1.50093e-05
13605 13.605 1.5003e-05 1.50081e-05
13606 13.606 1.50086e-05 1.4995e-05
13607 13.607 1.50144e-05 1.50209e-05
13608 13.608 1.50003e-05 1.50103e-05
13609 13.609 1.49984e-05 1.50003e-05
13610 13.61 1.50066e-05 1.50012e-05
13611 13.611 1.49925e-05 1.50016e-05
13612 13.612 1.49938e-05 1.49977e-05
13613 13.613 1.49841e-05 1.49824e-05
13614 13.614 1.50039e-05 1.50066e-05
13615 13.615 1.50152e-05 1.50059e-05
13616 13.616 1.50103e-05 1.49955e-05
13617 13.617 1.50049e-05 1.49958e-05
13618 13.618 1.50102e-05 1.50179e-05
13619 13.619 1.50014e-05 1.50018e-05
13620 13.62 1.5008e-05 1.50013e-05
13621 13.621 1.49986e-05 1.4984e-05
13622 13.622 1.50331e-05 1.5036e-05
13623 13.623 1.50264e-05 1.50083e-05
13624 13.624 1.50214e-05 1.50056e-05
13625 13.625 1.50036e-05 1.49916e-05
13626 13.626 1.50248e-05 1.50481e-05
13627 13.627 1.50161e-05 1.5031e-05
13628 13.628 1.50043e-05 1.49931e-05
13629 13.629 1.50173e-05 1.50131e-05
13630 13.63 1.50069e-05 1.50212e-05
13631 13.631 1.49768e-05 1.49796e-05
13632 13.632 1.50356e-05 1.50279e-05
13633 13.633 1.50047e-05 1.50048e-05
13634 13.634 1.50095e-05 1.49963e-05
13635 13.635 1.50255e-05 1.50264e-05
13636 13.636 1.49852e-05 1.49942e-05
13637 13.637 1.50074e-05 1.50056e-05
13638 13.638 1.49993e-05 1.49836e-05
13639 13.639 1.49886e-05 1.50015e-05
13640 13.64 1.49997e-05 1.4991e-05
13641 13.641 1.49765e-05 1.4972e-05
13642 13.642 1.49808e-05 1.49758e-05
13643 13.643 1.4995e-05 1.50071e-05
13644 13.644 1.49995e-05 1.50011e-05
13645 13.645 1.5005e-05 1.50144e-05
13646 13.646 1.50132e-05 1.50086e-05
13647 13.647 1.49929e-05 1.49946e-05
13648 13.648 1.50008e-05 1.49962e-05
13649 13.649 1.50017e-05 1.49977e-05
13650 13.65 1.50081e-05 1.50219e-05
13651 13.651 1.49904e-05 1.49709e-05
13652 13.652 1.50063e-05 1.50052e-05
13653 13.653 1.50144e-05 1.50171e-05
13654 13.654 1.50114e-05 1.50131e-05
13655 13.655 1.49686e-05 1.49555e-05
13656 13.656 1.49855e-05 1.49899e-05
13657 13.657 1.4993e-05 1.49675e-05
13658 13.658 1.50008e-05 1.49853e-05
13659 13.659 1.50008e-05 1.49889e-05
13660 13.66 1.49748e-05 1.49656e-05
13661 13.661 1.49911e-05 1.49826e-05
13662 13.662 1.50091e-05 1.49878e-05
13663 13.663 1.50091e-05 1.5022e-05
13664 13.664 1.4998e-05 1.49854e-05
13665 13.665 1.50211e-05 1.50315e-05
13666 13.666 1.50239e-05 1.50225e-05
13667 13.667 1.49957e-05 1.4989e-05
13668 13.668 1.49893e-05 1.49909e-05
13669 13.669 1.49916e-05 1.49752e-05
13670 13.67 1.50276e-05 1.50155e-05
13671 13.671 1.50252e-05 1.50038e-05
13672 13.672 1.50155e-05 1.49969e-05
13673 13.673 1.50001e-05 1.50071e-05
13674 13.674 1.50205e-05 1.50173e-05
13675 13.675 1.50147e-05 1.50143e-05
13676 13.676 1.50022e-05 1.49999e-05
13677 13.677 1.50096e-05 1.50113e-05
13678 13.678 1.49918e-05 1.49866e-05
13679 13.679 1.49846e-05 1.49879e-05
13680 13.68 1.50037e-05 1.50175e-05
13681 13.681 1.49805e-05 1.49926e-05
13682 13.682 1.4988e-05 1.49775e-05
13683 13.683 1.49962e-05 1.49984e-05
13684 13.684 1.49875e-05 1.4969e-05
13685 13.685 1.50007e-05 1.49986e-05
13686 13.686 1.50039e-05 1.50225e-05
13687 13.687 1.49732e-05 1.49827e-05
13688 13.688 1.50179e-05 1.50262e-05
13689 13.689 1.49895e-05 1.4986e-05
13690 13.69 1.49988e-05 1.49912e-05
13691 13.691 1.50125e-05 1.50215e-05
13692 13.692 1.49951e-05 1.49983e-05
13693 13.693 1.49902e-05 1.49861e-05
13694 13.694 1.50102e-05 1.50056e-05
13695 13.695 1.49937e-05 1.49632e-05
13696 13.696 1.50303e-05 1.50199e-05
13697 13.697 1.50024e-05 1.50237e-05
13698 13.698 1.49876e-05 1.49915e-05
13699 13.699 1.50092e-05 1.50037e-05
13700 13.7 1.49905e-05 1.50061e-05
13701 13.701 1.50072e-05 1.50107e-05
13702 13.702 1.4988e-05 1.49986e-05
13703 13.703 1.50063e-05 1.50046e-05
13704 13.704 1.49763e-05 1.49898e-05
13705 13.705 1.50028e-05 1.49986e-05
13706 13.706 1.50123e-05 1.49943e-05
13707 13.707 1.49808e-05 1.49626e-05
13708 13.708 1.49866e-05 1.4974e-05
13709 13.709 1.49945e-05 1.49956e-05
13710 13.71 1.50185e-05 1.50227e-05
13711 13.711 1.49938e-05 1.49988e-05
13712 13.712 1.50012e-05 1.50034e-05
13713 13.713 1.49887e-05 1.49774e-05
13714 13.714 1.49869e-05 1.49821e-05
13715 13.715 1.49976e-05 1.49928e-05
13716 13.716 1.50165e-05 1.49897e-05
13717 13.717 1.50074e-05 1.49978e-05
13718 13.718 1.50023e-05 1.50013e-05
13719 13.719 1.50127e-05 1.50184e-05
13720 13.72 1.49863e-05 1.49966e-05
13721 13.721 1.50027e-05 1.49849e-05
13722 13.722 1.50061e-05 1.50056e-05
13723 13.723 1.49961e-05 1.50002e-05
13724 13.724 1.50108e-05 1.50099e-05
13725 13.725 1.50232e-05 1.50367e-05
13726 13.726 1.50039e-05 1.50027e-05
13727 13.727 1.4969e-05 1.49941e-05
13728 13.728 1.502e-05 1.50053e-05
13729 13.729 1.50129e-05 1.50281e-05
13730 13.73 1.49974e-05 1.50065e-05
13731 13.731 1.50013e-05 1.50002e-05
13732 13.732 1.5e-05 1.50047e-05
13733 13.733 1.50435e-05 1.50582e-05
13734 13.734 1.50157e-05 1.50306e-05
13735 13.735 1.50104e-05 1.50297e-05
13736 13.736 1.50241e-05 1.504e-05
13737 13.737 1.49928e-05 1.49832e-05
13738 13.738 1.50045e-05 1.4986e-05
13739 13.739 1.4999e-05 1.49799e-05
13740 13.74 1.50033e-05 1.50023e-05
13741 13.741 1.50196e-05 1.4999e-05
13742 13.742 1.50047e-05 1.49904e-05
13743 13.743 1.49976e-05 1.4992e-05
13744 13.744 1.49904e-05 1.49882e-05
13745 13.745 1.50326e-05 1.50234e-05
13746 13.746 1.5008e-05 1.50136e-05
13747 13.747 1.50213e-05 1.50063e-05
13748 13.748 1.50122e-05 1.50098e-05
13749 13.749 1.50184e-05 1.50174e-05
13750 13.75 1.50144e-05 1.50256e-05
13751 13.751 1.49944e-05 1.4993e-05
13752 13.752 1.49927e-05 1.4976e-05
13753 13.753 1.50113e-05 1.50059e-05
13754 13.754 1.49875e-05 1.49876e-05
13755 13.755 1.49851e-05 1.4992e-05
13756 13.756 1.50052e-05 1.50061e-05
13757 13.757 1.50103e-05 1.50074e-05
13758 13.758 1.49969e-05 1.50043e-05
13759 13.759 1.50199e-05 1.50005e-05
13760 13.76 1.50223e-05 1.50366e-05
13761 13.761 1.50056e-05 1.50056e-05
13762 13.762 1.50017e-05 1.50003e-05
13763 13.763 1.49989e-05 1.49961e-05
13764 13.764 1.4999e-05 1.49918e-05
13765 13.765 1.50131e-05 1.50063e-05
13766 13.766 1.50068e-05 1.50121e-05
13767 13.767 1.49879e-05 1.49784e-05
13768 13.768 1.50111e-05 1.50131e-05
13769 13.769 1.50028e-05 1.50187e-05
13770 13.77 1.50034e-05 1.4993e-05
13771 13.771 1.49978e-05 1.49886e-05
13772 13.772 1.49981e-05 1.49699e-05
13773 13.773 1.49961e-05 1.50014e-05
13774 13.774 1.50109e-05 1.50202e-05
13775 13.775 1.5003e-05 1.50043e-05
13776 13.776 1.5002e-05 1.50002e-05
13777 13.777 1.50044e-05 1.50119e-05
13778 13.778 1.50039e-05 1.50008e-05
13779 13.779 1.50057e-05 1.50073e-05
13780 13.78 1.50134e-05 1.50071e-05
13781 13.781 1.50008e-05 1.50047e-05
13782 13.782 1.50001e-05 1.49963e-05
13783 13.783 1.49857e-05 1.49912e-05
13784 13.784 1.50039e-05 1.49822e-05
13785 13.785 1.50015e-05 1.49901e-05
13786 13.786 1.49859e-05 1.49764e-05
13787 13.787 1.4975e-05 1.49821e-05
13788 13.788 1.5008e-05 1.50112e-05
13789 13.789 1.50016e-05 1.50073e-05
13790 13.79 1.49898e-05 1.49763e-05
13791 13.791 1.50178e-05 1.50288e-05
13792 13.792 1.49959e-05 1.4998e-05
13793 13.793 1.49991e-05 1.49948e-05
13794 13.794 1.49908e-05 1.49805e-05
13795 13.795 1.49946e-05 1.49927e-05
13796 13.796 1.49981e-05 1.49846e-05
13797 13.797 1.5016e-05 1.5012e-05
13798 13.798 1.49965e-05 1.49807e-05
13799 13.799 1.50031e-05 1.5003e-05
13800 13.8 1.49923e-05 1.49761e-05
13801 13.801 1.49819e-05 1.49855e-05
13802 13.802 1.49769e-05 1.49656e-05
13803 13.803 1.50148e-05 1.50119e-05
13804 13.804 1.4995e-05 1.49928e-05
13805 13.805 1.50045e-05 1.49893e-05
13806 13.806 1.49868e-05 1.49785e-05
13807 13.807 1.49965e-05 1.49947e-05
13808 13.808 1.49901e-05 1.49855e-05
13809 13.809 1.49838e-05 1.49813e-05
13810 13.81 1.49938e-05 1.49814e-05
13811 13.811 1.49955e-05 1.49871e-05
13812 13.812 1.4982e-05 1.49668e-05
13813 13.813 1.49814e-05 1.49857e-05
13814 13.814 1.49837e-05 1.49844e-05
13815 13.815 1.49956e-05 1.49974e-05
13816 13.816 1.49969e-05 1.50148e-05
13817 13.817 1.50143e-05 1.49956e-05
13818 13.818 1.5009e-05 1.50197e-05
13819 13.819 1.501e-05 1.49793e-05
13820 13.82 1.50023e-05 1.50022e-05
13821 13.821 1.49986e-05 1.49845e-05
13822 13.822 1.49868e-05 1.49981e-05
13823 13.823 1.50006e-05 1.49969e-05
13824 13.824 1.49941e-05 1.49885e-05
13825 13.825 1.49788e-05 1.49777e-05
13826 13.826 1.49875e-05 1.49808e-05
13827 13.827 1.49869e-05 1.49873e-05
13828 13.828 1.49962e-05 1.50011e-05
13829 13.829 1.49851e-05 1.49887e-05
13830 13.83 1.49808e-05 1.49932e-05
13831 13.831 1.4986e-05 1.50141e-05
13832 13.832 1.49774e-05 1.49816e-05
13833 13.833 1.5006e-05 1.50134e-05
13834 13.834 1.49993e-05 1.49978e-05
13835 13.835 1.50055e-05 1.50092e-05
13836 13.836 1.50145e-05 1.50191e-05
13837 13.837 1.50034e-05 1.49965e-05
13838 13.838 1.50038e-05 1.49938e-05
13839 13.839 1.50084e-05 1.50013e-05
13840 13.84 1.50159e-05 1.50111e-05
13841 13.841 1.50092e-05 1.5006e-05
13842 13.842 1.49962e-05 1.49923e-05
13843 13.843 1.49919e-05 1.49985e-05
13844 13.844 1.49989e-05 1.49919e-05
13845 13.845 1.5026e-05 1.50378e-05
13846 13.846 1.49949e-05 1.49997e-05
13847 13.847 1.49851e-05 1.49856e-05
13848 13.848 1.49859e-05 1.49927e-05
13849 13.849 1.49938e-05 1.49937e-05
13850 13.85 1.49968e-05 1.50166e-05
13851 13.851 1.49739e-05 1.49859e-05
13852 13.852 1.5011e-05 1.50101e-05
13853 13.853 1.49834e-05 1.49736e-05
13854 13.854 1.49972e-05 1.49929e-05
13855 13.855 1.50082e-05 1.50175e-05
13856 13.856 1.50137e-05 1.50168e-05
13857 13.857 1.49894e-05 1.49878e-05
13858 13.858 1.49837e-05 1.49717e-05
13859 13.859 1.49943e-05 1.49912e-05
13860 13.86 1.50224e-05 1.5034e-05
13861 13.861 1.50107e-05 1.50258e-05
13862 13.862 1.49972e-05 1.49903e-05
13863 13.863 1.49971e-05 1.49936e-05
13864 13.864 1.50101e-05 1.50216e-05
13865 13.865 1.50127e-05 1.50267e-05
13866 13.866 1.50085e-05 1.50329e-05
13867 13.867 1.50125e-05 1.50211e-05
13868 13.868 1.49946e-05 1.50019e-05
13869 13.869 1.50002e-05 1.4999e-05
13870 13.87 1.50131e-05 1.50123e-05
13871 13.871 1.49908e-05 1.50009e-05
13872 13.872 1.49861e-05 1.50079e-05
13873 13.873 1.49851e-05 1.49987e-05
13874 13.874 1.50085e-05 1.50024e-05
13875 13.875 1.5e-05 1.50123e-05
13876 13.876 1.49919e-05 1.49898e-05
13877 13.877 1.49972e-05 1.49775e-05
13878 13.878 1.50033e-05 1.50062e-05
13879 13.879 1.49954e-05 1.50027e-05
13880 13.88 1.49861e-05 1.4973e-05
13881 13.881 1.50093e-05 1.50191e-05
13882 13.882 1.49942e-05 1.49964e-05
13883 13.883 1.50001e-05 1.49936e-05
13884 13.884 1.49968e-05 1.49989e-05
13885 13.885 1.50243e-05 1.50217e-05
13886 13.886 1.50111e-05 1.50044e-05
13887 13.887 1.50129e-05 1.50082e-05
13888 13.888 1.50203e-05 1.50257e-05
13889 13.889 1.50104e-05 1.50143e-05
13890 13.89 1.50188e-05 1.50288e-05
13891 13.891 1.50068e-05 1.50106e-05
13892 13.892 1.50032e-05 1.501e-05
13893 13.893 1.50031e-05 1.4988e-05
13894 13.894 1.5017e-05 1.50038e-05
13895 13.895 1.49988e-05 1.49925e-05
13896 13.896 1.49866e-05 1.50003e-05
13897 13.897 1.50213e-05 1.50112e-05
13898 13.898 1.50133e-05 1.49841e-05
13899 13.899 1.50013e-05 1.4986e-05
13900 13.9 1.50183e-05 1.50204e-05
13901 13.901 1.50088e-05 1.49847e-05
13902 13.902 1.50066e-05 1.50308e-05
13903 13.903 1.50168e-05 1.5018e-05
13904 13.904 1.5007e-05 1.49881e-05
13905 13.905 1.50191e-05 1.50313e-05
13906 13.906 1.50224e-05 1.50128e-05
13907 13.907 1.50029e-05 1.50139e-05
13908 13.908 1.49984e-05 1.50031e-05
13909 13.909 1.5005e-05 1.5013e-05
13910 13.91 1.49977e-05 1.50077e-05
13911 13.911 1.49986e-05 1.49916e-05
13912 13.912 1.50094e-05 1.50125e-05
13913 13.913 1.49969e-05 1.50057e-05
13914 13.914 1.50135e-05 1.50081e-05
13915 13.915 1.49837e-05 1.49884e-05
13916 13.916 1.50044e-05 1.50088e-05
13917 13.917 1.49963e-05 1.49966e-05
13918 13.918 1.49899e-05 1.49918e-05
13919 13.919 1.50203e-05 1.50284e-05
13920 13.92 1.49996e-05 1.49876e-05
13921 13.921 1.5002e-05 1.50239e-05
13922 13.922 1.50265e-05 1.50237e-05
13923 13.923 1.50214e-05 1.50172e-05
13924 13.924 1.50063e-05 1.50214e-05
13925 13.925 1.5007e-05 1.50141e-05
13926 13.926 1.50162e-05 1.50054e-05
13927 13.927 1.50091e-05 1.49916e-05
13928 13.928 1.50295e-05 1.50445e-05
13929 13.929 1.50007e-05 1.49866e-05
13930 13.93 1.50104e-05 1.49959e-05
13931 13.931 1.5011e-05 1.50168e-05
13932 13.932 1.50082e-05 1.50081e-05
13933 13.933 1.49956e-05 1.49952e-05
13934 13.934 1.50166e-05 1.49994e-05
13935 13.935 1.50067e-05 1.50037e-05
13936 13.936 1.50032e-05 1.50075e-05
13937 13.937 1.50174e-05 1.50468e-05
13938 13.938 1.50085e-05 1.5034e-05
13939 13.939 1.50031e-05 1.49965e-05
13940 13.94 1.49952e-05 1.49803e-05
13941 13.941 1.49988e-05 1.4997e-05
13942 13.942 1.49807e-05 1.4976e-05
13943 13.943 1.49926e-05 1.49778e-05
13944 13.944 1.50067e-05 1.50024e-05
13945 13.945 1.50058e-05 1.50299e-05
13946 13.946 1.49932e-05 1.49834e-05
13947 13.947 1.4982e-05 1.4985e-05
13948 13.948 1.50131e-05 1.50209e-05
13949 13.949 1.49788e-05 1.49828e-05
13950 13.95 1.49995e-05 1.49897e-05
13951 13.951 1.49927e-05 1.50066e-05
13952 13.952 1.50002e-05 1.49907e-05
13953 13.953 1.50062e-05 1.50003e-05
13954 13.954 1.50245e-05 1.5029e-05
13955 13.955 1.49906e-05 1.50033e-05
13956 13.956 1.49904e-05 1.50022e-05
13957 13.957 1.49752e-05 1.49852e-05
13958 13.958 1.50035e-05 1.50201e-05
13959 13.959 1.49982e-05 1.50037e-05
13960 13.96 1.4997e-05 1.50037e-05
13961 13.961 1.50032e-05 1.49917e-05
13962 13.962 1.49949e-05 1.4992e-05
13963 13.963 1.49854e-05 1.49821e-05
13964 13.964 1.49915e-05 1.49781e-05
13965 13.965 1.50122e-05 1.50321e-05
13966 13.966 1.50035e-05 1.49972e-05
13967 13.967 1.49842e-05 1.49834e-05
13968 13.968 1.50018e-05 1.50008e-05
13969 13.969 1.49971e-05 1.4969e-05
13970 13.97 1.50016e-05 1.4994e-05
13971 13.971 1.50197e-05 1.50154e-05
13972 13.972 1.49889e-05 1.49957e-05
13973 13.973 1.49985e-05 1.49998e-05
13974 13.974 1.4987e-05 1.4989e-05
13975 13.975 1.49989e-05 1.49893e-05
13976 13.976 1.49876e-05 1.49891e-05
13977 13.977 1.49831e-05 1.49961e-05
13978 13.978 1.49789e-05 1.49613e-05
13979 13.979 1.49835e-05 1.49916e-05
13980 13.98 1.50148e-05 1.50103e-05
13981 13.981 1.5008e-05 1.5014e-05
13982 13.982 1.50041e-05 1.49969e-05
13983 13.983 1.50004e-05 1.49975e-05
13984 13.984 1.50124e-05 1.49966e-05
13985 13.985 1.49781e-05 1.49581e-05
13986 13.986 1.49997e-05 1.50063e-05
13987 13.987 1.50089e-05 1.49931e-05
13988 13.988 1.50183e-05 1.50122e-05
13989 13.989 1.50059e-05 1.50067e-05
13990 13.99 1.49874e-05 1.49946e-05
13991 13.991 1.50042e-05 1.50154e-05
13992 13.992 1.50022e-05 1.50071e-05
13993 13.993 1.50041e-05 1.49974e-05
13994 13.994 1.49851e-05 1.49875e-05
13995 13.995 1.49933e-05 1.4973e-05
13996 13.996 1.50174e-05 1.5003e-05
13997 13.997 1.49962e-05 1.49703e-05
13998 13.998 1.5004e-05 1.5007e-05
13999 13.999 1.49978e-05 1.50085e-05
14000 14 1.50008e-05 1.50055e-05
14001 14.001 1.50076e-05 1.50063e-05
14002 14.002 1.50173e-05 1.50278e-05
14003 14.003 1.50058e-05 1.50149e-05
14004 14.004 1.50213e-05 1.50252e-05
14005 14.005 1.49932e-05 1.49835e-05
14006 14.006 1.49994e-05 1.50114e-05
14007 14.007 1.50089e-05 1.50038e-05
14008 14.008 1.50144e-05 1.50146e-05
14009 14.009 1.50119e-05 1.5017e-05
14010 14.01 1.49933e-05 1.4991e-05
14011 14.011 1.50094e-05 1.50288e-05
14012 14.012 1.49825e-05 1.4983e-05
14013 14.013 1.49911e-05 1.49844e-05
14014 14.014 1.49957e-05 1.49806e-05
14015 14.015 1.50101e-05 1.50015e-05
14016 14.016 1.50032e-05 1.4988e-05
14017 14.017 1.49978e-05 1.49935e-05
14018 14.018 1.50235e-05 1.50083e-05
14019 14.019 1.50095e-05 1.5019e-05
14020 14.02 1.4981e-05 1.50075e-05
14021 14.021 1.50088e-05 1.50189e-05
14022 14.022 1.50093e-05 1.5018e-05
14023 14.023 1.50076e-05 1.50092e-05
14024 14.024 1.49947e-05 1.4983e-05
14025 14.025 1.49941e-05 1.50049e-05
14026 14.026 1.49964e-05 1.50073e-05
14027 14.027 1.50107e-05 1.50085e-05
14028 14.028 1.49977e-05 1.49938e-05
14029 14.029 1.50121e-05 1.50161e-05
14030 14.03 1.5015e-05 1.50252e-05
14031 14.031 1.50056e-05 1.50114e-05
14032 14.032 1.50011e-05 1.49984e-05
14033 14.033 1.50002e-05 1.50012e-05
14034 14.034 1.49963e-05 1.49982e-05
14035 14.035 1.50068e-05 1.50178e-05
14036 14.036 1.49813e-05 1.4984e-05
14037 14.037 1.50085e-05 1.50117e-05
14038 14.038 1.49949e-05 1.49937e-05
14039 14.039 1.4995e-05 1.49997e-05
14040 14.04 1.50227e-05 1.50163e-05
14041 14.041 1.49998e-05 1.49936e-05
14042 14.042 1.50036e-05 1.50087e-05
14043 14.043 1.501e-05 1.49963e-05
14044 14.044 1.50074e-05 1.50104e-05
14045 14.045 1.50079e-05 1.49909e-05
14046 14.046 1.50071e-05 1.49866e-05
14047 14.047 1.49983e-05 1.49844e-05
14048 14.048 1.49996e-05 1.49931e-05
14049 14.049 1.50046e-05 1.49951e-05
14050 14.05 1.50148e-05 1.50286e-05
14051 14.051 1.49946e-05 1.49847e-05
14052 14.052 1.5022e-05 1.5018e-05
14053 14.053 1.50006e-05 1.49974e-05
14054 14.054 1.49781e-05 1.49634e-05
14055 14.055 1.49847e-05 1.49956e-05
14056 14.056 1.50095e-05 1.49944e-05
14057 14.057 1.49816e-05 1.49784e-05
14058 14.058 1.50032e-05 1.49924e-05
14059 14.059 1.49982e-05 1.50012e-05
14060 14.06 1.4991e-05 1.49934e-05
14061 14.061 1.50099e-05 1.50033e-05
14062 14.062 1.50179e-05 1.50068e-05
14063 14.063 1.49794e-05 1.49909e-05
14064 14.064 1.50274e-05 1.50185e-05
14065 14.065 1.49908e-05 1.49848e-05
14066 14.066 1.50014e-05 1.49925e-05
14067 14.067 1.5007e-05 1.50082e-05
14068 14.068 1.50068e-05 1.49987e-05
14069 14.069 1.50114e-05 1.50218e-05
14070 14.07 1.50093e-05 1.49957e-05
14071 14.071 1.5008e-05 1.50213e-05
14072 14.072 1.50268e-05 1.50203e-05
14073 14.073 1.49932e-05 1.49796e-05
14074 14.074 1.49992e-05 1.50045e-05
14075 14.075 1.49982e-05 1.49981e-05
14076 14.076 1.50037e-05 1.50054e-05
14077 14.077 1.50149e-05 1.50005e-05
14078 14.078 1.50076e-05 1.49941e-05
14079 14.079 1.50205e-05 1.50103e-05
14080 14.08 1.50085e-05 1.50183e-05
14081 14.081 1.50064e-05 1.50091e-05
14082 14.082 1.50005e-05 1.49873e-05
14083 14.083 1.50133e-05 1.49929e-05
14084 14.084 1.49986e-05 1.5003e-05
14085 14.085 1.49833e-05 1.49904e-05
14086 14.086 1.501e-05 1.5008e-05
14087 14.087 1.50048e-05 1.50082e-05
14088 14.088 1.49903e-05 1.49866e-05
14089 14.089 1.50058e-05 1.49977e-05
14090 14.09 1.50135e-05 1.50331e-05
14091 14.091 1.50099e-05 1.50177e-05
14092 14.092 1.49962e-05 1.50122e-05
14093 14.093 1.49929e-05 1.50063e-05
14094 14.094 1.4999e-05 1.50024e-05
14095 14.095 1.49909e-05 1.49906e-05
14096 14.096 1.49998e-05 1.50108e-05
14097 14.097 1.50151e-05 1.50186e-05
14098 14.098 1.49905e-05 1.49964e-05
14099 14.099 1.50024e-05 1.49992e-05
14100 14.1 1.50096e-05 1.50119e-05
14101 14.101 1.49996e-05 1.50153e-05
14102 14.102 1.50011e-05 1.5015e-05
14103 14.103 1.49962e-05 1.50021e-05
14104 14.104 1.49812e-05 1.49685e-05
14105 14.105 1.49995e-05 1.50012e-05
14106 14.106 1.50104e-05 1.50203e-05
14107 14.107 1.50151e-05 1.50071e-05
14108 14.108 1.50073e-05 1.50135e-05
14109 14.109 1.501e-05 1.50136e-05
14110 14.11 1.50066e-05 1.50159e-05
14111 14.111 1.50038e-05 1.50292e-05
14112 14.112 1.50052e-05 1.50009e-05
14113 14.113 1.50255e-05 1.50269e-05
14114 14.114 1.49988e-05 1.50022e-05
14115 14.115 1.50036e-05 1.5008e-05
14116 14.116 1.50225e-05 1.5032e-05
14117 14.117 1.50075e-05 1.50006e-05
14118 14.118 1.50048e-05 1.4984e-05
14119 14.119 1.50048e-05 1.50024e-05
14120 14.12 1.49917e-05 1.49836e-05
14121 14.121 1.50093e-05 1.49999e-05
14122 14.122 1.49827e-05 1.49827e-05
14123 14.123 1.49812e-05 1.49655e-05
14124 14.124 1.49987e-05 1.49932e-05
14125 14.125 1.49963e-05 1.49894e-05
14126 14.126 1.4993e-05 1.49875e-05
14127 14.127 1.49828e-05 1.49688e-05
14128 14.128 1.49985e-05 1.49978e-05
14129 14.129 1.49805e-05 1.49883e-05
14130 14.13 1.49856e-05 1.49899e-05
14131 14.131 1.50107e-05 1.50035e-05
14132 14.132 1.49909e-05 1.49892e-05
14133 14.133 1.49947e-05 1.4992e-05
14134 14.134 1.49988e-05 1.49965e-05
14135 14.135 1.49678e-05 1.498e-05
14136 14.136 1.50079e-05 1.50185e-05
14137 14.137 1.50037e-05 1.49967e-05
14138 14.138 1.50063e-05 1.50068e-05
14139 14.139 1.49757e-05 1.49645e-05
14140 14.14 1.4998e-05 1.49771e-05
14141 14.141 1.50291e-05 1.50259e-05
14142 14.142 1.49827e-05 1.49823e-05
14143 14.143 1.49869e-05 1.49757e-05
14144 14.144 1.50164e-05 1.50122e-05
14145 14.145 1.50081e-05 1.50036e-05
14146 14.146 1.49974e-05 1.50119e-05
14147 14.147 1.49989e-05 1.4992e-05
14148 14.148 1.49664e-05 1.49693e-05
14149 14.149 1.49904e-05 1.49938e-05
14150 14.15 1.49932e-05 1.49955e-05
14151 14.151 1.49851e-05 1.49809e-05
14152 14.152 1.50115e-05 1.50225e-05
14153 14.153 1.49889e-05 1.49771e-05
14154 14.154 1.49951e-05 1.50029e-05
14155 14.155 1.49892e-05 1.49901e-05
14156 14.156 1.49976e-05 1.50013e-05
14157 14.157 1.50076e-05 1.50254e-05
14158 14.158 1.50135e-05 1.50022e-05
14159 14.159 1.49618e-05 1.4962e-05
14160 14.16 1.49983e-05 1.49825e-05
14161 14.161 1.50024e-05 1.499e-05
14162 14.162 1.49921e-05 1.49717e-05
14163 14.163 1.5012e-05 1.50061e-05
14164 14.164 1.49718e-05 1.49827e-05
14165 14.165 1.49851e-05 1.4992e-05
14166 14.166 1.5011e-05 1.50325e-05
14167 14.167 1.50421e-05 1.50453e-05
14168 14.168 1.50165e-05 1.50202e-05
14169 14.169 1.50038e-05 1.50115e-05
14170 14.17 1.49927e-05 1.5007e-05
14171 14.171 1.50154e-05 1.50175e-05
14172 14.172 1.49989e-05 1.50117e-05
14173 14.173 1.50039e-05 1.50046e-05
14174 14.174 1.49795e-05 1.49706e-05
14175 14.175 1.49915e-05 1.49997e-05
14176 14.176 1.49964e-05 1.49983e-05
14177 14.177 1.49882e-05 1.49741e-05
14178 14.178 1.4974e-05 1.49776e-05
14179 14.179 1.49884e-05 1.49875e-05
14180 14.18 1.49924e-05 1.49866e-05
14181 14.181 1.49992e-05 1.50012e-05
14182 14.182 1.49776e-05 1.49711e-05
14183 14.183 1.49888e-05 1.49769e-05
14184 14.184 1.49887e-05 1.49907e-05
14185 14.185 1.50022e-05 1.49954e-05
14186 14.186 1.50096e-05 1.50071e-05
14187 14.187 1.50228e-05 1.50175e-05
14188 14.188 1.50159e-05 1.50333e-05
14189 14.189 1.4993e-05 1.50073e-05
14190 14.19 1.49887e-05 1.49872e-05
14191 14.191 1.5024e-05 1.50331e-05
14192 14.192 1.49922e-05 1.49825e-05
14193 14.193 1.49886e-05 1.49998e-05
14194 14.194 1.49886e-05 1.49957e-05
14195 14.195 1.50074e-05 1.50178e-05
14196 14.196 1.50055e-05 1.50122e-05
14197 14.197 1.50074e-05 1.50108e-05
14198 14.198 1.50065e-05 1.49733e-05
14199 14.199 1.50094e-05 1.50039e-05
14200 14.2 1.49975e-05 1.50046e-05
14201 14.201 1.50118e-05 1.50079e-05
14202 14.202 1.49973e-05 1.50223e-05
14203 14.203 1.50033e-05 1.50033e-05
14204 14.204 1.49889e-05 1.49957e-05
14205 14.205 1.50016e-05 1.50053e-05
14206 14.206 1.499e-05 1.49783e-05
14207 14.207 1.50003e-05 1.5006e-05
14208 14.208 1.49971e-05 1.50132e-05
14209 14.209 1.49993e-05 1.50316e-05
14210 14.21 1.49991e-05 1.50118e-05
14211 14.211 1.49888e-05 1.49814e-05
14212 14.212 1.50067e-05 1.50068e-05
14213 14.213 1.49949e-05 1.50133e-05
14214 14.214 1.50039e-05 1.49966e-05
14215 14.215 1.50143e-05 1.50138e-05
14216 14.216 1.5006e-05 1.50196e-05
14217 14.217 1.5017e-05 1.5015e-05
14218 14.218 1.4989e-05 1.50066e-05
14219 14.219 1.49974e-05 1.50022e-05
14220 14.22 1.50182e-05 1.50048e-05
14221 14.221 1.50065e-05 1.50107e-05
14222 14.222 1.49823e-05 1.49931e-05
14223 14.223 1.5e-05 1.49978e-05
14224 14.224 1.49984e-05 1.50168e-05
14225 14.225 1.50118e-05 1.49879e-05
14226 14.226 1.50082e-05 1.50107e-05
14227 14.227 1.50195e-05 1.50277e-05
14228 14.228 1.50119e-05 1.50234e-05
14229 14.229 1.50109e-05 1.50049e-05
14230 14.23 1.49832e-05 1.49742e-05
14231 14.231 1.50172e-05 1.50281e-05
14232 14.232 1.50074e-05 1.50054e-05
14233 14.233 1.50075e-05 1.49773e-05
14234 14.234 1.49886e-05 1.49984e-05
14235 14.235 1.50149e-05 1.50242e-05
14236 14.236 1.49951e-05 1.50086e-05
14237 14.237 1.49917e-05 1.49968e-05
14238 14.238 1.49831e-05 1.49882e-05
14239 14.239 1.50001e-05 1.49977e-05
14240 14.24 1.49867e-05 1.49898e-05
14241 14.241 1.50121e-05 1.50067e-05
14242 14.242 1.50369e-05 1.50443e-05
14243 14.243 1.50098e-05 1.4999e-05
14244 14.244 1.50091e-05 1.50072e-05
14245 14.245 1.49757e-05 1.49703e-05
14246 14.246 1.50034e-05 1.50004e-05
14247 14.247 1.50079e-05 1.49925e-05
14248 14.248 1.50135e-05 1.50072e-05
14249 14.249 1.50017e-05 1.50107e-05
14250 14.25 1.50131e-05 1.50192e-05
14251 14.251 1.5026e-05 1.5027e-05
14252 14.252 1.49971e-05 1.4999e-05
14253 14.253 1.50173e-05 1.50009e-05
14254 14.254 1.50043e-05 1.49911e-05
14255 14.255 1.5e-05 1.50235e-05
14256 14.256 1.49899e-05 1.49817e-05
14257 14.257 1.50114e-05 1.49939e-05
14258 14.258 1.49853e-05 1.49882e-05
14259 14.259 1.50016e-05 1.50178e-05
14260 14.26 1.49855e-05 1.49957e-05
14261 14.261 1.49765e-05 1.49798e-05
14262 14.262 1.50045e-05 1.49965e-05
14263 14.263 1.5006e-05 1.50147e-05
14264 14.264 1.49798e-05 1.49861e-05
14265 14.265 1.49985e-05 1.50137e-05
14266 14.266 1.50062e-05 1.50167e-05
14267 14.267 1.50047e-05 1.50092e-05
14268 14.268 1.49745e-05 1.49757e-05
14269 14.269 1.50151e-05 1.50061e-05
14270 14.27 1.50164e-05 1.50158e-05
14271 14.271 1.50007e-05 1.49895e-05
14272 14.272 1.49664e-05 1.49646e-05
14273 14.273 1.49913e-05 1.49727e-05
14274 14.274 1.49964e-05 1.50014e-05
14275 14.275 1.49875e-05 1.4969e-05
14276 14.276 1.49902e-05 1.49719e-05
14277 14.277 1.50202e-05 1.50125e-05
14278 14.278 1.4987e-05 1.499e-05
14279 14.279 1.49958e-05 1.50106e-05
14280 14.28 1.50031e-05 1.50191e-05
14281 14.281 1.49948e-05 1.49888e-05
14282 14.282 1.49962e-05 1.5005e-05
14283 14.283 1.50304e-05 1.50324e-05
14284 14.284 1.50034e-05 1.50212e-05
14285 14.285 1.4989e-05 1.50009e-05
14286 14.286 1.49985e-05 1.49977e-05
14287 14.287 1.49933e-05 1.49971e-05
14288 14.288 1.50027e-05 1.50026e-05
14289 14.289 1.50137e-05 1.50015e-05
14290 14.29 1.4989e-05 1.49518e-05
14291 14.291 1.49951e-05 1.50003e-05
14292 14.292 1.50105e-05 1.49945e-05
14293 14.293 1.49965e-05 1.50172e-05
14294 14.294 1.50035e-05 1.49978e-05
14295 14.295 1.5023e-05 1.50282e-05
14296 14.296 1.50023e-05 1.49838e-05
14297 14.297 1.50029e-05 1.49988e-05
14298 14.298 1.50153e-05 1.50112e-05
14299 14.299 1.50038e-05 1.50066e-05
14300 14.3 1.49851e-05 1.49821e-05
14301 14.301 1.5018e-05 1.50189e-05
14302 14.302 1.49844e-05 1.49707e-05
14303 14.303 1.50047e-05 1.50051e-05
14304 14.304 1.49818e-05 1.49993e-05
14305 14.305 1.49963e-05 1.49882e-05
14306 14.306 1.50127e-05 1.50286e-05
14307 14.307 1.49886e-05 1.49865e-05
14308 14.308 1.49824e-05 1.49715e-05
14309 14.309 1.50066e-05 1.50062e-05
14310 14.31 1.50161e-05 1.50011e-05
14311 14.311 1.49977e-05 1.49792e-05
14312 14.312 1.49956e-05 1.49953e-05
14313 14.313 1.50197e-05 1.50275e-05
14314 14.314 1.50038e-05 1.49931e-05
14315 14.315 1.50066e-05 1.49899e-05
14316 14.316 1.49858e-05 1.49825e-05
14317 14.317 1.49863e-05 1.49874e-05
14318 14.318 1.50059e-05 1.49994e-05
14319 14.319 1.5023e-05 1.50229e-05
14320 14.32 1.50025e-05 1.50196e-05
14321 14.321 1.50104e-05 1.4996e-05
14322 14.322 1.49838e-05 1.49879e-05
14323 14.323 1.50032e-05 1.49937e-05
14324 14.324 1.49997e-05 1.50034e-05
14325 14.325 1.50086e-05 1.5007e-05
14326 14.326 1.49792e-05 1.49698e-05
14327 14.327 1.49915e-05 1.49932e-05
14328 14.328 1.49862e-05 1.4988e-05
14329 14.329 1.49904e-05 1.49907e-05
14330 14.33 1.49924e-05 1.49788e-05
14331 14.331 1.50103e-05 1.49982e-05
14332 14.332 1.50117e-05 1.49936e-05
14333 14.333 1.50197e-05 1.50175e-05
14334 14.334 1.49997e-05 1.49891e-05
14335 14.335 1.50098e-05 1.5014e-05
14336 14.336 1.50073e-05 1.50158e-05
14337 14.337 1.49944e-05 1.49899e-05
14338 14.338 1.50313e-05 1.50404e-05
14339 14.339 1.49862e-05 1.49867e-05
14340 14.34 1.50187e-05 1.50056e-05
14341 14.341 1.50103e-05 1.50172e-05
14342 14.342 1.49991e-05 1.50093e-05
14343 14.343 1.49763e-05 1.49794e-05
14344 14.344 1.50083e-05 1.49991e-05
14345 14.345 1.50129e-05 1.4992e-05
14346 14.346 1.50154e-05 1.50041e-05
14347 14.347 1.4987e-05 1.4975e-05
14348 14.348 1.49944e-05 1.49977e-05
14349 14.349 1.49917e-05 1.49793e-05
14350 14.35 1.50005e-05 1.49853e-05
14351 14.351 1.49918e-05 1.49939e-05
14352 14.352 1.50036e-05 1.50131e-05
14353 14.353 1.50067e-05 1.50028e-05
14354 14.354 1.50052e-05 1.50054e-05
14355 14.355 1.50038e-05 1.49987e-05
14356 14.356 1.4993e-05 1.49777e-05
14357 14.357 1.50117e-05 1.50266e-05
14358 14.358 1.50047e-05 1.50123e-05
14359 14.359 1.50137e-05 1.50226e-05
14360 14.36 1.49934e-05 1.50133e-05
14361 14.361 1.50129e-05 1.50262e-05
14362 14.362 1.49959e-05 1.49916e-05
14363 14.363 1.49921e-05 1.49851e-05
14364 14.364 1.49982e-05 1.49819e-05
14365 14.365 1.49955e-05 1.49822e-05
14366 14.366 1.5006e-05 1.50019e-05
14367 14.367 1.49884e-05 1.49777e-05
14368 14.368 1.4997e-05 1.49879e-05
14369 14.369 1.49955e-05 1.50005e-05
14370 14.37 1.50328e-05 1.50464e-05
14371 14.371 1.49939e-05 1.49981e-05
14372 14.372 1.49866e-05 1.49999e-05
14373 14.373 1.50009e-05 1.49979e-05
14374 14.374 1.5e-05 1.50083e-05
14375 14.375 1.50096e-05 1.50095e-05
14376 14.376 1.50337e-05 1.50294e-05
14377 14.377 1.50066e-05 1.49971e-05
14378 14.378 1.49767e-05 1.4986e-05
14379 14.379 1.49882e-05 1.49911e-05
14380 14.38 1.49991e-05 1.49884e-05
14381 14.381 1.49953e-05 1.49986e-05
14382 14.382 1.50183e-05 1.50299e-05
14383 14.383 1.50109e-05 1.50021e-05
14384 14.384 1.50124e-05 1.50323e-05
14385 14.385 1.49773e-05 1.497e-05
14386 14.386 1.49812e-05 1.49902e-05
14387 14.387 1.50004e-05 1.49863e-05
14388 14.388 1.49861e-05 1.49825e-05
14389 14.389 1.49873e-05 1.49952e-05
14390 14.39 1.49921e-05 1.50108e-05
14391 14.391 1.49905e-05 1.49977e-05
14392 14.392 1.49928e-05 1.49855e-05
14393 14.393 1.4986e-05 1.4984e-05
14394 14.394 1.5004e-05 1.50025e-05
14395 14.395 1.50211e-05 1.50262e-05
14396 14.396 1.49981e-05 1.4998e-05
14397 14.397 1.5019e-05 1.50176e-05
14398 14.398 1.50102e-05 1.50136e-05
14399 14.399 1.50072e-05 1.50073e-05
14400 14.4 1.50065e-05 1.49874e-05
14401 14.401 1.50056e-05 1.50292e-05
14402 14.402 1.50154e-05 1.5024e-05
14403 14.403 1.50156e-05 1.50341e-05
14404 14.404 1.50133e-05 1.50171e-05
14405 14.405 1.49868e-05 1.49862e-05
14406 14.406 1.49942e-05 1.49998e-05
14407 14.407 1.50046e-05 1.49734e-05
14408 14.408 1.50118e-05 1.50045e-05
14409 14.409 1.49825e-05 1.4966e-05
14410 14.41 1.49968e-05 1.49886e-05
14411 14.411 1.49911e-05 1.49861e-05
14412 14.412 1.50068e-05 1.50024e-05
14413 14.413 1.49878e-05 1.49792e-05
14414 14.414 1.4994e-05 1.49985e-05
14415 14.415 1.49998e-05 1.50029e-05
14416 14.416 1.50085e-05 1.4998e-05
14417 14.417 1.49906e-05 1.50108e-05
14418 14.418 1.50095e-05 1.50129e-05
14419 14.419 1.49986e-05 1.50088e-05
14420 14.42 1.5005e-05 1.49871e-05
14421 14.421 1.49939e-05 1.49885e-05
14422 14.422 1.50077e-05 1.49977e-05
14423 14.423 1.50054e-05 1.49934e-05
14424 14.424 1.49926e-05 1.49838e-05
14425 14.425 1.50015e-05 1.50063e-05
14426 14.426 1.49867e-05 1.50006e-05
14427 14.427 1.50139e-05 1.50268e-05
14428 14.428 1.49857e-05 1.49988e-05
14429 14.429 1.49886e-05 1.49942e-05
14430 14.43 1.49878e-05 1.49876e-05
14431 14.431 1.49882e-05 1.49812e-05
14432 14.432 1.50047e-05 1.49951e-05
14433 14.433 1.50166e-05 1.50168e-05
14434 14.434 1.49878e-05 1.49826e-05
14435 14.435 1.49849e-05 1.49829e-05
14436 14.436 1.49871e-05 1.49652e-05
14437 14.437 1.49904e-05 1.49792e-05
14438 14.438 1.4984e-05 1.49818e-05
14439 14.439 1.49904e-05 1.49991e-05
14440 14.44 1.50117e-05 1.50091e-05
14441 14.441 1.49858e-05 1.49741e-05
14442 14.442 1.49705e-05 1.49825e-05
14443 14.443 1.49924e-05 1.50058e-05
14444 14.444 1.4989e-05 1.49838e-05
14445 14.445 1.49885e-05 1.50017e-05
14446 14.446 1.49732e-05 1.49853e-05
14447 14.447 1.49956e-05 1.49832e-05
14448 14.448 1.5005e-05 1.50178e-05
14449 14.449 1.49892e-05 1.49876e-05
14450 14.45 1.5e-05 1.4996e-05
14451 14.451 1.4981e-05 1.49888e-05
14452 14.452 1.4988e-05 1.5003e-05
14453 14.453 1.49894e-05 1.49912e-05
14454 14.454 1.50015e-05 1.50122e-05
14455 14.455 1.49938e-05 1.49946e-05
14456 14.456 1.50228e-05 1.50331e-05
14457 14.457 1.501e-05 1.50112e-05
14458 14.458 1.50003e-05 1.49975e-05
14459 14.459 1.50102e-05 1.5013e-05
14460 14.46 1.4994e-05 1.4987e-05
14461 14.461 1.50087e-05 1.50082e-05
14462 14.462 1.49738e-05 1.4972e-05
14463 14.463 1.49909e-05 1.50098e-05
14464 14.464 1.49915e-05 1.49801e-05
14465 14.465 1.49851e-05 1.49848e-05
14466 14.466 1.49799e-05 1.4988e-05
14467 14.467 1.50021e-05 1.49879e-05
14468 14.468 1.49822e-05 1.49849e-05
14469 14.469 1.49962e-05 1.49936e-05
14470 14.47 1.49984e-05 1.50042e-05
14471 14.471 1.49953e-05 1.49858e-05
14472 14.472 1.49929e-05 1.49974e-05
14473 14.473 1.49739e-05 1.4974e-05
14474 14.474 1.4992e-05 1.49795e-05
14475 14.475 1.49883e-05 1.49702e-05
14476 14.476 1.5001e-05 1.49931e-05
14477 14.477 1.49846e-05 1.49763e-05
14478 14.478 1.50064e-05 1.50039e-05
14479 14.479 1.50146e-05 1.50227e-05
14480 14.48 1.498e-05 1.49826e-05
14481 14.481 1.49906e-05 1.49749e-05
14482 14.482 1.4995e-05 1.50035e-05
14483 14.483 1.50135e-05 1.50117e-05
14484 14.484 1.4981e-05 1.49819e-05
14485 14.485 1.49982e-05 1.50132e-05
14486 14.486 1.49922e-05 1.50108e-05
14487 14.487 1.49952e-05 1.50003e-05
14488 14.488 1.50048e-05 1.50068e-05
14489 14.489 1.50042e-05 1.50087e-05
14490 14.49 1.50186e-05 1.50212e-05
14491 14.491 1.50181e-05 1.50335e-05
14492 14.492 1.49977e-05 1.4997e-05
14493 14.493 1.50262e-05 1.50217e-05
14494 14.494 1.49973e-05 1.49885e-05
14495 14.495 1.50061e-05 1.50003e-05
14496 14.496 1.4998e-05 1.50048e-05
14497 14.497 1.50125e-05 1.5031e-05
14498 14.498 1.49957e-05 1.50013e-05
14499 14.499 1.49951e-05 1.49982e-05
14500 14.5 1.49906e-05 1.49731e-05
14501 14.501 1.49843e-05 1.49919e-05
14502 14.502 1.49839e-05 1.49508e-05
14503 14.503 1.49992e-05 1.49906e-05
14504 14.504 1.50078e-05 1.50247e-05
14505 14.505 1.49991e-05 1.50188e-05
14506 14.506 1.5011e-05 1.50041e-05
14507 14.507 1.49988e-05 1.49883e-05
14508 14.508 1.49829e-05 1.4972e-05
14509 14.509 1.49894e-05 1.49985e-05
14510 14.51 1.49735e-05 1.49739e-05
14511 14.511 1.49772e-05 1.49904e-05
14512 14.512 1.50074e-05 1.50075e-05
14513 14.513 1.49881e-05 1.49968e-05
14514 14.514 1.5001e-05 1.5026e-05
14515 14.515 1.50246e-05 1.50142e-05
14516 14.516 1.50015e-05 1.50109e-05
14517 14.517 1.50091e-05 1.49973e-05
14518 14.518 1.50188e-05 1.50216e-05
14519 14.519 1.49791e-05 1.49567e-05
14520 14.52 1.50044e-05 1.49994e-05
14521 14.521 1.49956e-05 1.49802e-05
14522 14.522 1.49869e-05 1.49917e-05
14523 14.523 1.50074e-05 1.49974e-05
14524 14.524 1.50127e-05 1.50204e-05
14525 14.525 1.49779e-05 1.49701e-05
14526 14.526 1.50068e-05 1.50041e-05
14527 14.527 1.49976e-05 1.49921e-05
14528 14.528 1.50013e-05 1.50051e-05
14529 14.529 1.49857e-05 1.49784e-05
14530 14.53 1.49829e-05 1.49698e-05
14531 14.531 1.49996e-05 1.49936e-05
14532 14.532 1.50029e-05 1.49926e-05
14533 14.533 1.50119e-05 1.50112e-05
14534 14.534 1.50194e-05 1.50212e-05
14535 14.535 1.49962e-05 1.49899e-05
14536 14.536 1.49866e-05 1.49743e-05
14537 14.537 1.49876e-05 1.49983e-05
14538 14.538 1.49907e-05 1.49906e-05
14539 14.539 1.49951e-05 1.49993e-05
14540 14.54 1.50005e-05 1.5e-05
14541 14.541 1.4999e-05 1.50016e-05
14542 14.542 1.50258e-05 1.50262e-05
14543 14.543 1.50039e-05 1.50033e-05
14544 14.544 1.49913e-05 1.49989e-05
14545 14.545 1.49931e-05 1.49952e-05
14546 14.546 1.50077e-05 1.50053e-05
14547 14.547 1.49895e-05 1.49936e-05
14548 14.548 1.5011e-05 1.50246e-05
14549 14.549 1.49807e-05 1.49848e-05
14550 14.55 1.49782e-05 1.49613e-05
14551 14.551 1.49882e-05 1.50004e-05
14552 14.552 1.50071e-05 1.50104e-05
14553 14.553 1.50174e-05 1.5014e-05
14554 14.554 1.50302e-05 1.50326e-05
14555 14.555 1.50011e-05 1.5e-05
14556 14.556 1.50054e-05 1.49978e-05
14557 14.557 1.49908e-05 1.49851e-05
14558 14.558 1.50035e-05 1.50091e-05
14559 14.559 1.50092e-05 1.50031e-05
14560 14.56 1.50018e-05 1.50019e-05
14561 14.561 1.49961e-05 1.50032e-05
14562 14.562 1.50028e-05 1.50119e-05
14563 14.563 1.5005e-05 1.50033e-05
14564 14.564 1.49972e-05 1.49929e-05
14565 14.565 1.49804e-05 1.49613e-05
14566 14.566 1.49875e-05 1.49951e-05
14567 14.567 1.49849e-05 1.50082e-05
14568 14.568 1.49857e-05 1.49689e-05
14569 14.569 1.49984e-05 1.49832e-05
14570 14.57 1.50027e-05 1.49973e-05
14571 14.571 1.5012e-05 1.50011e-05
14572 14.572 1.49903e-05 1.49956e-05
14573 14.573 1.49946e-05 1.49954e-05
14574 14.574 1.4999e-05 1.49951e-05
14575 14.575 1.50107e-05 1.50118e-05
14576 14.576 1.50258e-05 1.50285e-05
14577 14.577 1.50039e-05 1.5004e-05
14578 14.578 1.50008e-05 1.49953e-05
14579 14.579 1.50046e-05 1.50104e-05
14580 14.58 1.50006e-05 1.50055e-05
14581 14.581 1.50149e-05 1.50244e-05
14582 14.582 1.49958e-05 1.5003e-05
14583 14.583 1.5014e-05 1.50073e-05
14584 14.584 1.49964e-05 1.49923e-05
14585 14.585 1.49976e-05 1.49876e-05
14586 14.586 1.49686e-05 1.49653e-05
14587 14.587 1.49908e-05 1.49931e-05
14588 14.588 1.50055e-05 1.50035e-05
14589 14.589 1.50103e-05 1.50002e-05
14590 14.59 1.49919e-05 1.49969e-05
14591 14.591 1.5013e-05 1.50082e-05
14592 14.592 1.49987e-05 1.50149e-05
14593 14.593 1.50218e-05 1.5021e-05
14594 14.594 1.49986e-05 1.5012e-05
14595 14.595 1.49952e-05 1.49997e-05
14596 14.596 1.5009e-05 1.50058e-05
14597 14.597 1.50097e-05 1.50088e-05
14598 14.598 1.5005e-05 1.49835e-05
14599 14.599 1.49901e-05 1.49941e-05
14600 14.6 1.49963e-05 1.49994e-05
14601 14.601 1.50088e-05 1.50064e-05
14602 14.602 1.49953e-05 1.5018e-05
14603 14.603 1.50172e-05 1.50388e-05
14604 14.604 1.4997e-05 1.49996e-05
14605 14.605 1.49789e-05 1.49643e-05
14606 14.606 1.50068e-05 1.50075e-05
14607 14.607 1.4992e-05 1.49884e-05
14608 14.608 1.49864e-05 1.49906e-05
14609 14.609 1.50092e-05 1.50098e-05
14610 14.61 1.50056e-05 1.50112e-05
14611 14.611 1.50035e-05 1.5008e-05
14612 14.612 1.49999e-05 1.50137e-05
14613 14.613 1.49984e-05 1.4994e-05
14614 14.614 1.50081e-05 1.50173e-05
14615 14.615 1.49925e-05 1.50058e-05
14616 14.616 1.49928e-05 1.49726e-05
14617 14.617 1.50122e-05 1.50082e-05
14618 14.618 1.49829e-05 1.49841e-05
14619 14.619 1.49733e-05 1.49757e-05
14620 14.62 1.50093e-05 1.50295e-05
14621 14.621 1.49858e-05 1.49822e-05
14622 14.622 1.50065e-05 1.50233e-05
14623 14.623 1.50159e-05 1.5011e-05
14624 14.624 1.50223e-05 1.50239e-05
14625 14.625 1.50116e-05 1.50253e-05
14626 14.626 1.49957e-05 1.50102e-05
14627 14.627 1.50176e-05 1.50117e-05
14628 14.628 1.49954e-05 1.49915e-05
14629 14.629 1.49954e-05 1.50056e-05
14630 14.63 1.49908e-05 1.5002e-05
14631 14.631 1.4999e-05 1.49977e-05
14632 14.632 1.50077e-05 1.50237e-05
14633 14.633 1.50143e-05 1.50149e-05
14634 14.634 1.50103e-05 1.50154e-05
14635 14.635 1.49996e-05 1.49933e-05
14636 14.636 1.50183e-05 1.50377e-05
14637 14.637 1.5e-05 1.4989e-05
14638 14.638 1.50109e-05 1.5018e-05
14639 14.639 1.50015e-05 1.49866e-05
14640 14.64 1.50057e-05 1.50121e-05
14641 14.641 1.50205e-05 1.50206e-05
14642 14.642 1.50204e-05 1.5008e-05
14643 14.643 1.50049e-05 1.49965e-05
14644 14.644 1.50132e-05 1.50135e-05
14645 14.645 1.50142e-05 1.50236e-05
14646 14.646 1.50016e-05 1.50089e-05
14647 14.647 1.50141e-05 1.49922e-05
14648 14.648 1.50105e-05 1.50152e-05
14649 14.649 1.50313e-05 1.50263e-05
14650 14.65 1.49875e-05 1.49986e-05
14651 14.651 1.50001e-05 1.49919e-05
14652 14.652 1.49808e-05 1.49622e-05
14653 14.653 1.50017e-05 1.50061e-05
14654 14.654 1.49893e-05 1.50041e-05
14655 14.655 1.50119e-05 1.5024e-05
14656 14.656 1.49964e-05 1.50088e-05
14657 14.657 1.50002e-05 1.49972e-05
14658 14.658 1.49876e-05 1.49935e-05
14659 14.659 1.49973e-05 1.49941e-05
14660 14.66 1.49878e-05 1.49962e-05
14661 14.661 1.50034e-05 1.5005e-05
14662 14.662 1.49701e-05 1.49577e-05
14663 14.663 1.49762e-05 1.50003e-05
14664 14.664 1.49987e-05 1.50072e-05
14665 14.665 1.49983e-05 1.49889e-05
14666 14.666 1.49944e-05 1.50075e-05
14667 14.667 1.50119e-05 1.50063e-05
14668 14.668 1.49892e-05 1.49891e-05
14669 14.669 1.49871e-05 1.49901e-05
14670 14.67 1.4999e-05 1.49918e-05
14671 14.671 1.49878e-05 1.49947e-05
14672 14.672 1.50056e-05 1.50193e-05
14673 14.673 1.50233e-05 1.50377e-05
14674 14.674 1.49955e-05 1.49992e-05
14675 14.675 1.50036e-05 1.50016e-05
14676 14.676 1.49873e-05 1.49896e-05
14677 14.677 1.49844e-05 1.4961e-05
14678 14.678 1.50012e-05 1.50026e-05
14679 14.679 1.49933e-05 1.4998e-05
14680 14.68 1.50032e-05 1.50021e-05
14681 14.681 1.50188e-05 1.50421e-05
14682 14.682 1.49828e-05 1.49916e-05
14683 14.683 1.50138e-05 1.50065e-05
14684 14.684 1.50093e-05 1.50157e-05
14685 14.685 1.50153e-05 1.50013e-05
14686 14.686 1.49852e-05 1.49896e-05
14687 14.687 1.5013e-05 1.50133e-05
14688 14.688 1.49992e-05 1.49902e-05
14689 14.689 1.50138e-05 1.50036e-05
14690 14.69 1.49979e-05 1.50006e-05
14691 14.691 1.50102e-05 1.501e-05
14692 14.692 1.50067e-05 1.49903e-05
14693 14.693 1.49991e-05 1.49891e-05
14694 14.694 1.49941e-05 1.49947e-05
14695 14.695 1.49872e-05 1.4995e-05
14696 14.696 1.49891e-05 1.49895e-05
14697 14.697 1.50003e-05 1.50004e-05
14698 14.698 1.49924e-05 1.49988e-05
14699 14.699 1.50045e-05 1.50048e-05
14700 14.7 1.50133e-05 1.5012e-05
14701 14.701 1.50169e-05 1.50252e-05
14702 14.702 1.49913e-05 1.49931e-05
14703 14.703 1.49846e-05 1.49654e-05
14704 14.704 1.50123e-05 1.50262e-05
14705 14.705 1.50046e-05 1.5009e-05
14706 14.706 1.50047e-05 1.50076e-05
14707 14.707 1.5023e-05 1.50253e-05
14708 14.708 1.49923e-05 1.49998e-05
14709 14.709 1.49969e-05 1.49937e-05
14710 14.71 1.49994e-05 1.49824e-05
14711 14.711 1.50074e-05 1.49961e-05
14712 14.712 1.50044e-05 1.50147e-05
14713 14.713 1.50132e-05 1.50172e-05
14714 14.714 1.50025e-05 1.50203e-05
14715 14.715 1.50001e-05 1.49982e-05
14716 14.716 1.5009e-05 1.49892e-05
14717 14.717 1.49943e-05 1.49865e-05
14718 14.718 1.5006e-05 1.50184e-05
14719 14.719 1.49961e-05 1.49974e-05
14720 14.72 1.49998e-05 1.49879e-05
14721 14.721 1.5017e-05 1.50068e-05
14722 14.722 1.49882e-05 1.49945e-05
14723 14.723 1.4998e-05 1.49887e-05
14724 14.724 1.50149e-05 1.50161e-05
14725 14.725 1.49976e-05 1.49791e-05
14726 14.726 1.49952e-05 1.4982e-05
14727 14.727 1.50009e-05 1.50021e-05
14728 14.728 1.5018e-05 1.49997e-05
14729 14.729 1.50001e-05 1.50041e-05
14730 14.73 1.49993e-05 1.49787e-05
14731 14.731 1.50077e-05 1.50216e-05
14732 14.732 1.50011e-05 1.49866e-05
14733 14.733 1.50105e-05 1.50198e-05
14734 14.734 1.49947e-05 1.49931e-05
14735 14.735 1.50154e-05 1.50239e-05
14736 14.736 1.5e-05 1.49969e-05
14737 14.737 1.50342e-05 1.50462e-05
14738 14.738 1.50122e-05 1.50194e-05
14739 14.739 1.50102e-05 1.49999e-05
14740 14.74 1.50053e-05 1.50122e-05
14741 14.741 1.50013e-05 1.50007e-05
14742 14.742 1.50215e-05 1.5015e-05
14743 14.743 1.49879e-05 1.49685e-05
14744 14.744 1.49991e-05 1.49958e-05
14745 14.745 1.50025e-05 1.50077e-05
14746 14.746 1.50108e-05 1.50103e-05
14747 14.747 1.49862e-05 1.4986e-05
14748 14.748 1.49966e-05 1.49917e-05
14749 14.749 1.49746e-05 1.49568e-05
14750 14.75 1.50001e-05 1.50012e-05
14751 14.751 1.49866e-05 1.50012e-05
14752 14.752 1.50006e-05 1.49879e-05
14753 14.753 1.49859e-05 1.49791e-05
14754 14.754 1.49809e-05 1.4975e-05
14755 14.755 1.49899e-05 1.49932e-05
14756 14.756 1.50161e-05 1.50036e-05
14757 14.757 1.49996e-05 1.49842e-05
14758 14.758 1.50018e-05 1.49972e-05
14759 14.759 1.50147e-05 1.50082e-05
14760 14.76 1.50145e-05 1.5004e-05
14761 14.761 1.50223e-05 1.50326e-05
14762 14.762 1.50368e-05 1.5042e-05
14763 14.763 1.50062e-05 1.50095e-05
14764 14.764 1.50106e-05 1.50317e-05
14765 14.765 1.50177e-05 1.50206e-05
14766 14.766 1.50217e-05 1.50317e-05
14767 14.767 1.50094e-05 1.50167e-05
14768 14.768 1.49972e-05 1.49911e-05
14769 14.769 1.49876e-05 1.49812e-05
14770 14.77 1.50261e-05 1.50336e-05
14771 14.771 1.49902e-05 1.4992e-05
14772 14.772 1.50187e-05 1.50121e-05
14773 14.773 1.49886e-05 1.49953e-05
14774 14.774 1.50056e-05 1.49945e-05
14775 14.775 1.50005e-05 1.49995e-05
14776 14.776 1.50034e-05 1.49853e-05
14777 14.777 1.50128e-05 1.50181e-05
14778 14.778 1.4997e-05 1.50193e-05
14779 14.779 1.50037e-05 1.49976e-05
14780 14.78 1.5009e-05 1.49951e-05
14781 14.781 1.50122e-05 1.49991e-05
14782 14.782 1.5005e-05 1.50058e-05
14783 14.783 1.50221e-05 1.50241e-05
14784 14.784 1.50044e-05 1.49881e-05
14785 14.785 1.49938e-05 1.49931e-05
14786 14.786 1.50037e-05 1.49945e-05
14787 14.787 1.49994e-05 1.50008e-05
14788 14.788 1.50127e-05 1.50074e-05
14789 14.789 1.5021e-05 1.5024e-05
14790 14.79 1.49935e-05 1.49947e-05
14791 14.791 1.49934e-05 1.50031e-05
14792 14.792 1.50044e-05 1.49983e-05
14793 14.793 1.49971e-05 1.49964e-05
14794 14.794 1.50028e-05 1.50105e-05
14795 14.795 1.50043e-05 1.50185e-05
14796 14.796 1.49974e-05 1.50093e-05
14797 14.797 1.50071e-05 1.50076e-05
14798 14.798 1.502e-05 1.50283e-05
14799 14.799 1.50118e-05 1.50063e-05
14800 14.8 1.50067e-05 1.49931e-05
14801 14.801 1.50149e-05 1.50152e-05
14802 14.802 1.4999e-05 1.49916e-05
14803 14.803 1.49998e-05 1.50016e-05
14804 14.804 1.50081e-05 1.4983e-05
14805 14.805 1.49901e-05 1.49742e-05
14806 14.806 1.50089e-05 1.50094e-05
14807 14.807 1.50249e-05 1.50314e-05
14808 14.808 1.5024e-05 1.50075e-05
14809 14.809 1.49982e-05 1.50002e-05
14810 14.81 1.50127e-05 1.50166e-05
14811 14.811 1.50143e-05 1.5011e-05
14812 14.812 1.50098e-05 1.50132e-05
14813 14.813 1.50087e-05 1.50189e-05
14814 14.814 1.5003e-05 1.50039e-05
14815 14.815 1.50076e-05 1.50055e-05
14816 14.816 1.4991e-05 1.49998e-05
14817 14.817 1.50039e-05 1.49995e-05
14818 14.818 1.50105e-05 1.50252e-05
14819 14.819 1.50024e-05 1.50105e-05
14820 14.82 1.50089e-05 1.50121e-05
14821 14.821 1.50067e-05 1.50049e-05
14822 14.822 1.50182e-05 1.50107e-05
14823 14.823 1.49932e-05 1.50036e-05
14824 14.824 1.50133e-05 1.50125e-05
14825 14.825 1.50008e-05 1.4999e-05
14826 14.826 1.49946e-05 1.49682e-05
14827 14.827 1.49985e-05 1.49992e-05
14828 14.828 1.49988e-05 1.49913e-05
14829 14.829 1.49858e-05 1.49755e-05
14830 14.83 1.50005e-05 1.49825e-05
14831 14.831 1.50064e-05 1.50091e-05
14832 14.832 1.50118e-05 1.50025e-05
14833 14.833 1.50042e-05 1.49704e-05
14834 14.834 1.50024e-05 1.50074e-05
14835 14.835 1.50007e-05 1.4981e-05
14836 14.836 1.50134e-05 1.50221e-05
14837 14.837 1.50202e-05 1.50226e-05
14838 14.838 1.49782e-05 1.49688e-05
14839 14.839 1.4996e-05 1.50026e-05
14840 14.84 1.50069e-05 1.50119e-05
14841 14.841 1.49889e-05 1.49838e-05
14842 14.842 1.50183e-05 1.50182e-05
14843 14.843 1.50221e-05 1.50182e-05
14844 14.844 1.50052e-05 1.49806e-05
14845 14.845 1.50039e-05 1.49984e-05
14846 14.846 1.50046e-05 1.49845e-05
14847 14.847 1.4984e-05 1.49743e-05
14848 14.848 1.50046e-05 1.50086e-05
14849 14.849 1.49851e-05 1.49772e-05
14850 14.85 1.50077e-05 1.50015e-05
14851 14.851 1.4992e-05 1.49813e-05
14852 14.852 1.5003e-05 1.50117e-05
14853 14.853 1.49991e-05 1.50217e-05
14854 14.854 1.49852e-05 1.49898e-05
14855 14.855 1.49959e-05 1.5011e-05
14856 14.856 1.49948e-05 1.49785e-05
14857 14.857 1.50085e-05 1.50086e-05
14858 14.858 1.50156e-05 1.50345e-05
14859 14.859 1.50154e-05 1.50206e-05
14860 14.86 1.50045e-05 1.49931e-05
14861 14.861 1.49937e-05 1.49724e-05
14862 14.862 1.50091e-05 1.50299e-05
14863 14.863 1.50143e-05 1.50136e-05
14864 14.864 1.49958e-05 1.50079e-05
14865 14.865 1.5016e-05 1.50317e-05
14866 14.866 1.5019e-05 1.50128e-05
14867 14.867 1.50006e-05 1.50088e-05
14868 14.868 1.50122e-05 1.49976e-05
14869 14.869 1.5016e-05 1.50049e-05
14870 14.87 1.49911e-05 1.50163e-05
14871 14.871 1.49926e-05 1.49977e-05
14872 14.872 1.50255e-05 1.50146e-05
14873 14.873 1.50015e-05 1.49992e-05
14874 14.874 1.49942e-05 1.49844e-05
14875 14.875 1.5013e-05 1.50174e-05
14876 14.876 1.49801e-05 1.49812e-05
14877 14.877 1.50051e-05 1.50069e-05
14878 14.878 1.50001e-05 1.49857e-05
14879 14.879 1.50175e-05 1.5019e-05
14880 14.88 1.5009e-05 1.49963e-05
14881 14.881 1.50207e-05 1.50247e-05
14882 14.882 1.50197e-05 1.50247e-05
14883 14.883 1.49903e-05 1.49973e-05
14884 14.884 1.50229e-05 1.50164e-05
14885 14.885 1.50142e-05 1.5002e-05
14886 14.886 1.50075e-05 1.50184e-05
14887 14.887 1.5008e-05 1.49951e-05
14888 14.888 1.50092e-05 1.49933e-05
14889 14.889 1.50204e-05 1.50309e-05
14890 14.89 1.50104e-05 1.5012e-05
14891 14.891 1.50079e-05 1.49938e-05
14892 14.892 1.50173e-05 1.50183e-05
14893 14.893 1.50163e-05 1.49955e-05
14894 14.894 1.49979e-05 1.49919e-05
14895 14.895 1.50083e-05 1.50157e-05
14896 14.896 1.50037e-05 1.50127e-05
14897 14.897 1.49968e-05 1.49933e-05
14898 14.898 1.49948e-05 1.49964e-05
14899 14.899 1.50154e-05 1.49939e-05
14900 14.9 1.49946e-05 1.50145e-05
14901 14.901 1.49831e-05 1.50008e-05
14902 14.902 1.5021e-05 1.50085e-05
14903 14.903 1.50112e-05 1.50231e-05
14904 14.904 1.50002e-05 1.50062e-05
14905 14.905 1.50103e-05 1.50041e-05
14906 14.906 1.4999e-05 1.50099e-05
14907 14.907 1.50179e-05 1.5021e-05
14908 14.908 1.49893e-05 1.49915e-05
14909 14.909 1.50056e-05 1.50037e-05
14910 14.91 1.50033e-05 1.49918e-05
14911 14.911 1.49962e-05 1.49849e-05
14912 14.912 1.49926e-05 1.50068e-05
14913 14.913 1.4988e-05 1.49918e-05
14914 14.914 1.49971e-05 1.49887e-05
14915 14.915 1.49931e-05 1.49879e-05
14916 14.916 1.50062e-05 1.50185e-05
14917 14.917 1.50052e-05 1.50123e-05
14918 14.918 1.49941e-05 1.49988e-05
14919 14.919 1.50091e-05 1.50033e-05
14920 14.92 1.50091e-05 1.50318e-05
14921 14.921 1.49952e-05 1.50056e-05
14922 14.922 1.50097e-05 1.50081e-05
14923 14.923 1.50104e-05 1.50021e-05
14924 14.924 1.49823e-05 1.49867e-05
14925 14.925 1.50012e-05 1.49811e-05
14926 14.926 1.50018e-05 1.50009e-05
14927 14.927 1.50174e-05 1.50153e-05
14928 14.928 1.49998e-05 1.50104e-05
14929 14.929 1.4993e-05 1.50015e-05
14930 14.93 1.49974e-05 1.5e-05
14931 14.931 1.50163e-05 1.50117e-05
14932 14.932 1.50143e-05 1.50123e-05
14933 14.933 1.50055e-05 1.50007e-05
14934 14.934 1.49973e-05 1.50032e-05
14935 14.935 1.50092e-05 1.50166e-05
14936 14.936 1.49831e-05 1.49714e-05
14937 14.937 1.50059e-05 1.49957e-05
14938 14.938 1.50129e-05 1.50249e-05
14939 14.939 1.50013e-05 1.49998e-05
14940 14.94 1.49704e-05 1.49486e-05
14941 14.941 1.50069e-05 1.49987e-05
14942 14.942 1.49972e-05 1.49797e-05
14943 14.943 1.49783e-05 1.49739e-05
14944 14.944 1.4981e-05 1.49686e-05
14945 14.945 1.50063e-05 1.50095e-05
14946 14.946 1.50026e-05 1.49994e-05
14947 14.947 1.49835e-05 1.49834e-05
14948 14.948 1.49894e-05 1.49654e-05
14949 14.949 1.49885e-05 1.49824e-05
14950 14.95 1.5005e-05 1.49947e-05
14951 14.951 1.5006e-05 1.4996e-05
14952 14.952 1.49921e-05 1.49857e-05
14953 14.953 1.50042e-05 1.50108e-05
14954 14.954 1.49852e-05 1.49891e-05
14955 14.955 1.4999e-05 1.49944e-05
14956 14.956 1.49999e-05 1.50137e-05
14957 14.957 1.50016e-05 1.50168e-05
14958 14.958 1.49842e-05 1.49973e-05
14959 14.959 1.49959e-05 1.49912e-05
14960 14.96 1.50049e-05 1.49946e-05
14961 14.961 1.50134e-05 1.50215e-05
14962 14.962 1.49992e-05 1.50076e-05
14963 14.963 1.50012e-05 1.49966e-05
14964 14.964 1.49921e-05 1.50008e-05
14965 14.965 1.50045e-05 1.50048e-05
14966 14.966 1.49951e-05 1.49864e-05
14967 14.967 1.50103e-05 1.50063e-05
14968 14.968 1.50141e-05 1.50098e-05
14969 14.969 1.4991e-05 1.49806e-05
14970 14.97 1.50025e-05 1.50063e-05
14971 14.971 1.50014e-05 1.50067e-05
14972 14.972 1.50003e-05 1.50097e-05
14973 14.973 1.49934e-05 1.49783e-05
14974 14.974 1.50085e-05 1.49972e-05
14975 14.975 1.50018e-05 1.50179e-05
14976 14.976 1.50032e-05 1.50061e-05
14977 14.977 1.50243e-05 1.50386e-05
14978 14.978 1.50023e-05 1.49976e-05
14979 14.979 1.50208e-05 1.50319e-05
14980 14.98 1.5013e-05 1.50054e-05
14981 14.981 1.50229e-05 1.50182e-05
14982 14.982 1.49951e-05 1.49979e-05
14983 14.983 1.50073e-05 1.50208e-05
14984 14.984 1.49926e-05 1.49763e-05
14985 14.985 1.50049e-05 1.50034e-05
14986 14.986 1.50021e-05 1.50115e-05
14987 14.987 1.50336e-05 1.5037e-05
14988 14.988 1.50165e-05 1.50206e-05
14989 14.989 1.50278e-05 1.50362e-05
14990 14.99 1.50273e-05 1.50227e-05
14991 14.991 1.49945e-05 1.50197e-05
14992 14.992 1.50175e-05 1.50214e-05
14993 14.993 1.49967e-05 1.49845e-05
14994 14.994 1.50298e-05 1.50202e-05
14995 14.995 1.49971e-05 1.49983e-05
14996 14.996 1.50261e-05 1.50031e-05
14997 14.997 1.5009e-05 1.49944e-05
14998 14.998 1.50051e-05 1.50162e-05
14999 14.999 1.50005e-05 1.50103e-05
15000 15 1.49933e-05 1.49877e-05
15001 15.001 1.49864e-05 1.49906e-05
15002 15.002 1.49998e-05 1.50039e-05
15003 15.003 1.50056e-05 1.50063e-05
15004 15.004 1.4994e-05 1.50035e-05
15005 15.005 1.50132e-05 1.49967e-05
15006 15.006 1.50247e-05 1.50252e-05
15007 15.007 1.50081e-05 1.50024e-05
15008 15.008 1.5005e-05 1.49892e-05
15009 15.009 1.49982e-05 1.50047e-05
15010 15.01 1.50103e-05 1.50062e-05
15011 15.011 1.50221e-05 1.50165e-05
15012 15.012 1.50159e-05 1.5016e-05
15013 15.013 1.50105e-05 1.50086e-05
15014 15.014 1.50227e-05 1.50028e-05
15015 15.015 1.50148e-05 1.50331e-05
15016 15.016 1.50133e-05 1.5029e-05
15017 15.017 1.49973e-05 1.49954e-05
15018 15.018 1.50042e-05 1.50013e-05
15019 15.019 1.50143e-05 1.50099e-05
15020 15.02 1.502e-05 1.5024e-05
15021 15.021 1.49978e-05 1.50078e-05
15022 15.022 1.49954e-05 1.50003e-05
15023 15.023 1.49999e-05 1.50055e-05
15024 15.024 1.50046e-05 1.50141e-05
15025 15.025 1.49887e-05 1.49792e-05
15026 15.026 1.50113e-05 1.50378e-05
15027 15.027 1.50086e-05 1.50046e-05
15028 15.028 1.50051e-05 1.50124e-05
15029 15.029 1.50027e-05 1.49878e-05
15030 15.03 1.50139e-05 1.50224e-05
15031 15.031 1.50139e-05 1.50317e-05
15032 15.032 1.50127e-05 1.50112e-05
15033 15.033 1.50287e-05 1.50236e-05
15034 15.034 1.50119e-05 1.50232e-05
15035 15.035 1.50059e-05 1.5007e-05
15036 15.036 1.50356e-05 1.50354e-05
15037 15.037 1.50265e-05 1.5027e-05
15038 15.038 1.50071e-05 1.49891e-05
15039 15.039 1.50235e-05 1.50088e-05
15040 15.04 1.50318e-05 1.50235e-05
15041 15.041 1.50196e-05 1.50333e-05
15042 15.042 1.49798e-05 1.49829e-05
15043 15.043 1.50014e-05 1.50012e-05
15044 15.044 1.5006e-05 1.50106e-05
15045 15.045 1.50155e-05 1.50167e-05
15046 15.046 1.50119e-05 1.49925e-05
15047 15.047 1.50029e-05 1.49981e-05
15048 15.048 1.50092e-05 1.50094e-05
15049 15.049 1.50207e-05 1.50152e-05
15050 15.05 1.49896e-05 1.49722e-05
15051 15.051 1.50186e-05 1.50291e-05
15052 15.052 1.50177e-05 1.5003e-05
15053 15.053 1.49977e-05 1.4985e-05
15054 15.054 1.50046e-05 1.50188e-05
15055 15.055 1.49955e-05 1.49914e-05
15056 15.056 1.49893e-05 1.49895e-05
15057 15.057 1.49931e-05 1.49767e-05
15058 15.058 1.50075e-05 1.5001e-05
15059 15.059 1.50259e-05 1.50487e-05
15060 15.06 1.49917e-05 1.49884e-05
15061 15.061 1.50033e-05 1.49947e-05
15062 15.062 1.50071e-05 1.50148e-05
15063 15.063 1.49864e-05 1.4977e-05
15064 15.064 1.49961e-05 1.49669e-05
15065 15.065 1.50275e-05 1.5004e-05
15066 15.066 1.49983e-05 1.49998e-05
15067 15.067 1.49856e-05 1.49963e-05
15068 15.068 1.50019e-05 1.49925e-05
15069 15.069 1.49944e-05 1.5001e-05
15070 15.07 1.50301e-05 1.50397e-05
15071 15.071 1.50228e-05 1.50312e-05
15072 15.072 1.49997e-05 1.49928e-05
15073 15.073 1.50148e-05 1.50056e-05
15074 15.074 1.50171e-05 1.50283e-05
15075 15.075 1.50252e-05 1.50171e-05
15076 15.076 1.49983e-05 1.49962e-05
15077 15.077 1.49889e-05 1.49904e-05
15078 15.078 1.50111e-05 1.49982e-05
15079 15.079 1.50107e-05 1.4999e-05
15080 15.08 1.50057e-05 1.49941e-05
15081 15.081 1.50052e-05 1.49945e-05
15082 15.082 1.49909e-05 1.49884e-05
15083 15.083 1.49902e-05 1.49713e-05
15084 15.084 1.49959e-05 1.49873e-05
15085 15.085 1.49822e-05 1.49675e-05
15086 15.086 1.49919e-05 1.49933e-05
15087 15.087 1.49901e-05 1.49805e-05
15088 15.088 1.49949e-05 1.49864e-05
15089 15.089 1.49997e-05 1.50048e-05
15090 15.09 1.5013e-05 1.50264e-05
15091 15.091 1.49823e-05 1.4993e-05
15092 15.092 1.50029e-05 1.50083e-05
15093 15.093 1.49789e-05 1.497e-05
15094 15.094 1.49983e-05 1.49846e-05
15095 15.095 1.50025e-05 1.50095e-05
15096 15.096 1.50067e-05 1.50195e-05
15097 15.097 1.49867e-05 1.49892e-05
15098 15.098 1.49939e-05 1.49916e-05
15099 15.099 1.50088e-05 1.50227e-05
15100 15.1 1.50138e-05 1.49796e-05
15101 15.101 1.4994e-05 1.49956e-05
15102 15.102 1.49994e-05 1.49898e-05
15103 15.103 1.49908e-05 1.49966e-05
15104 15.104 1.49848e-05 1.49837e-05
15105 15.105 1.50114e-05 1.50139e-05
15106 15.106 1.5017e-05 1.5019e-05
15107 15.107 1.49691e-05 1.49774e-05
15108 15.108 1.50074e-05 1.49937e-05
15109 15.109 1.5009e-05 1.50039e-05
15110 15.11 1.5026e-05 1.50146e-05
15111 15.111 1.50207e-05 1.50194e-05
15112 15.112 1.50101e-05 1.49881e-05
15113 15.113 1.50148e-05 1.50094e-05
15114 15.114 1.50234e-05 1.5016e-05
15115 15.115 1.50003e-05 1.50061e-05
15116 15.116 1.49932e-05 1.4983e-05
15117 15.117 1.50075e-05 1.50088e-05
15118 15.118 1.49679e-05 1.49672e-05
15119 15.119 1.49894e-05 1.49799e-05
15120 15.12 1.4968e-05 1.49542e-05
15121 15.121 1.49886e-05 1.49813e-05
15122 15.122 1.50149e-05 1.5005e-05
15123 15.123 1.5013e-05 1.49897e-05
15124 15.124 1.49884e-05 1.49762e-05
15125 15.125 1.49945e-05 1.4988e-05
15126 15.126 1.49991e-05 1.49942e-05
15127 15.127 1.49904e-05 1.49863e-05
15128 15.128 1.50201e-05 1.50145e-05
15129 15.129 1.49982e-05 1.49817e-05
15130 15.13 1.50191e-05 1.50101e-05
15131 15.131 1.502e-05 1.50071e-05
15132 15.132 1.49907e-05 1.49893e-05
15133 15.133 1.50148e-05 1.50108e-05
15134 15.134 1.50153e-05 1.50199e-05
15135 15.135 1.49975e-05 1.49887e-05
15136 15.136 1.50207e-05 1.50235e-05
15137 15.137 1.49891e-05 1.49866e-05
15138 15.138 1.49849e-05 1.49916e-05
15139 15.139 1.50103e-05 1.4999e-05
15140 15.14 1.50083e-05 1.5014e-05
15141 15.141 1.5018e-05 1.50032e-05
15142 15.142 1.50042e-05 1.50072e-05
15143 15.143 1.49959e-05 1.49854e-05
15144 15.144 1.50021e-05 1.49864e-05
15145 15.145 1.50036e-05 1.49897e-05
15146 15.146 1.4988e-05 1.49912e-05
15147 15.147 1.49927e-05 1.49903e-05
15148 15.148 1.49959e-05 1.50003e-05
15149 15.149 1.50033e-05 1.49945e-05
15150 15.15 1.50265e-05 1.50233e-05
15151 15.151 1.49978e-05 1.50081e-05
15152 15.152 1.50207e-05 1.50289e-05
15153 15.153 1.49954e-05 1.49948e-05
15154 15.154 1.4996e-05 1.49891e-05
15155 15.155 1.50007e-05 1.49983e-05
15156 15.156 1.49814e-05 1.49762e-05
15157 15.157 1.50058e-05 1.5016e-05
15158 15.158 1.49966e-05 1.50029e-05
15159 15.159 1.49932e-05 1.49868e-05
15160 15.16 1.49776e-05 1.49593e-05
15161 15.161 1.49998e-05 1.5001e-05
15162 15.162 1.50253e-05 1.50016e-05
15163 15.163 1.4982e-05 1.49755e-05
15164 15.164 1.50056e-05 1.49989e-05
15165 15.165 1.49958e-05 1.50104e-05
15166 15.166 1.50109e-05 1.50115e-05
15167 15.167 1.49842e-05 1.49886e-05
15168 15.168 1.49912e-05 1.49888e-05
15169 15.169 1.4985e-05 1.49909e-05
15170 15.17 1.49872e-05 1.49836e-05
15171 15.171 1.50011e-05 1.49928e-05
15172 15.172 1.50072e-05 1.49888e-05
15173 15.173 1.50163e-05 1.5032e-05
15174 15.174 1.50008e-05 1.4992e-05
15175 15.175 1.50114e-05 1.50074e-05
15176 15.176 1.49992e-05 1.50039e-05
15177 15.177 1.50148e-05 1.50142e-05
15178 15.178 1.49969e-05 1.50089e-05
15179 15.179 1.49929e-05 1.49782e-05
15180 15.18 1.49874e-05 1.49846e-05
15181 15.181 1.49857e-05 1.49765e-05
15182 15.182 1.49863e-05 1.4988e-05
15183 15.183 1.49911e-05 1.50038e-05
15184 15.184 1.50065e-05 1.50007e-05
15185 15.185 1.50206e-05 1.49997e-05
15186 15.186 1.50126e-05 1.49809e-05
15187 15.187 1.50056e-05 1.49958e-05
15188 15.188 1.49924e-05 1.49791e-05
15189 15.189 1.50089e-05 1.49952e-05
15190 15.19 1.5017e-05 1.50281e-05
15191 15.191 1.49627e-05 1.49723e-05
15192 15.192 1.501e-05 1.49869e-05
15193 15.193 1.49749e-05 1.49652e-05
15194 15.194 1.50179e-05 1.50143e-05
15195 15.195 1.50023e-05 1.50022e-05
15196 15.196 1.49962e-05 1.50055e-05
15197 15.197 1.49888e-05 1.49658e-05
15198 15.198 1.50037e-05 1.50083e-05
15199 15.199 1.50013e-05 1.49829e-05
15200 15.2 1.49949e-05 1.49822e-05
15201 15.201 1.49952e-05 1.50122e-05
15202 15.202 1.50065e-05 1.49881e-05
15203 15.203 1.49854e-05 1.49862e-05
15204 15.204 1.50032e-05 1.50102e-05
15205 15.205 1.49933e-05 1.49873e-05
15206 15.206 1.50068e-05 1.50055e-05
15207 15.207 1.50174e-05 1.50153e-05
15208 15.208 1.50179e-05 1.49962e-05
15209 15.209 1.50065e-05 1.50233e-05
15210 15.21 1.50059e-05 1.50035e-05
15211 15.211 1.49942e-05 1.49972e-05
15212 15.212 1.50113e-05 1.49987e-05
15213 15.213 1.50044e-05 1.50086e-05
15214 15.214 1.50075e-05 1.50169e-05
15215 15.215 1.50013e-05 1.49961e-05
15216 15.216 1.50108e-05 1.50172e-05
15217 15.217 1.50079e-05 1.50078e-05
15218 15.218 1.49915e-05 1.49835e-05
15219 15.219 1.49952e-05 1.49965e-05
15220 15.22 1.49929e-05 1.49836e-05
15221 15.221 1.50051e-05 1.50114e-05
15222 15.222 1.50032e-05 1.49989e-05
15223 15.223 1.50008e-05 1.50032e-05
15224 15.224 1.49893e-05 1.50016e-05
15225 15.225 1.4982e-05 1.49864e-05
15226 15.226 1.50092e-05 1.50084e-05
15227 15.227 1.49891e-05 1.49855e-05
15228 15.228 1.49963e-05 1.49939e-05
15229 15.229 1.49947e-05 1.49915e-05
15230 15.23 1.49819e-05 1.49773e-05
15231 15.231 1.49977e-05 1.4981e-05
15232 15.232 1.50041e-05 1.50062e-05
15233 15.233 1.49796e-05 1.49696e-05
15234 15.234 1.50044e-05 1.49958e-05
15235 15.235 1.50227e-05 1.50144e-05
15236 15.236 1.50185e-05 1.50152e-05
15237 15.237 1.49847e-05 1.49801e-05
15238 15.238 1.501e-05 1.50171e-05
15239 15.239 1.50111e-05 1.50206e-05
15240 15.24 1.49931e-05 1.4987e-05
15241 15.241 1.50204e-05 1.50185e-05
15242 15.242 1.49893e-05 1.49828e-05
15243 15.243 1.49973e-05 1.50069e-05
15244 15.244 1.50192e-05 1.50151e-05
15245 15.245 1.49964e-05 1.50071e-05
15246 15.246 1.50268e-05 1.50161e-05
15247 15.247 1.49772e-05 1.49822e-05
15248 15.248 1.49876e-05 1.5011e-05
15249 15.249 1.49938e-05 1.50086e-05
15250 15.25 1.4997e-05 1.49903e-05
15251 15.251 1.49938e-05 1.49967e-05
15252 15.252 1.50108e-05 1.49988e-05
15253 15.253 1.50117e-05 1.50175e-05
15254 15.254 1.49975e-05 1.49935e-05
15255 15.255 1.49961e-05 1.50051e-05
15256 15.256 1.50109e-05 1.50141e-05
15257 15.257 1.49889e-05 1.49981e-05
15258 15.258 1.50145e-05 1.50176e-05
15259 15.259 1.50001e-05 1.50027e-05
15260 15.26 1.50133e-05 1.50272e-05
15261 15.261 1.50028e-05 1.50078e-05
15262 15.262 1.50049e-05 1.50015e-05
15263 15.263 1.49831e-05 1.49654e-05
15264 15.264 1.50238e-05 1.50192e-05
15265 15.265 1.5004e-05 1.49963e-05
15266 15.266 1.49931e-05 1.49879e-05
15267 15.267 1.50045e-05 1.50111e-05
15268 15.268 1.50106e-05 1.50089e-05
15269 15.269 1.49999e-05 1.50044e-05
15270 15.27 1.50143e-05 1.50026e-05
15271 15.271 1.49991e-05 1.50013e-05
15272 15.272 1.49862e-05 1.49784e-05
15273 15.273 1.50015e-05 1.49828e-05
15274 15.274 1.50181e-05 1.50082e-05
15275 15.275 1.49966e-05 1.49843e-05
15276 15.276 1.49809e-05 1.49914e-05
15277 15.277 1.50137e-05 1.50324e-05
15278 15.278 1.50112e-05 1.49988e-05
15279 15.279 1.50102e-05 1.50194e-05
15280 15.28 1.50177e-05 1.5008e-05
15281 15.281 1.50201e-05 1.50224e-05
15282 15.282 1.50266e-05 1.50279e-05
15283 15.283 1.5013e-05 1.50306e-05
15284 15.284 1.49913e-05 1.50058e-05
15285 15.285 1.50118e-05 1.50111e-05
15286 15.286 1.50121e-05 1.5018e-05
15287 15.287 1.50135e-05 1.49974e-05
15288 15.288 1.50044e-05 1.50012e-05
15289 15.289 1.50304e-05 1.50405e-05
15290 15.29 1.5001e-05 1.49911e-05
15291 15.291 1.50172e-05 1.50274e-05
15292 15.292 1.50054e-05 1.50227e-05
15293 15.293 1.50044e-05 1.50158e-05
15294 15.294 1.50185e-05 1.50143e-05
15295 15.295 1.50274e-05 1.50303e-05
15296 15.296 1.49967e-05 1.49954e-05
15297 15.297 1.499e-05 1.50007e-05
15298 15.298 1.5004e-05 1.49913e-05
15299 15.299 1.49957e-05 1.5018e-05
15300 15.3 1.50003e-05 1.50036e-05
15301 15.301 1.50046e-05 1.50014e-05
15302 15.302 1.50116e-05 1.50094e-05
15303 15.303 1.50057e-05 1.50118e-05
15304 15.304 1.5019e-05 1.50335e-05
15305 15.305 1.50309e-05 1.50182e-05
15306 15.306 1.50023e-05 1.50078e-05
15307 15.307 1.50303e-05 1.50274e-05
15308 15.308 1.49945e-05 1.49704e-05
15309 15.309 1.49882e-05 1.49997e-05
15310 15.31 1.49879e-05 1.50014e-05
15311 15.311 1.49939e-05 1.49946e-05
15312 15.312 1.49781e-05 1.49556e-05
15313 15.313 1.50004e-05 1.50118e-05
15314 15.314 1.50096e-05 1.50083e-05
15315 15.315 1.49972e-05 1.50144e-05
15316 15.316 1.50011e-05 1.50041e-05
15317 15.317 1.50147e-05 1.49861e-05
15318 15.318 1.49998e-05 1.49936e-05
15319 15.319 1.50062e-05 1.50068e-05
15320 15.32 1.49886e-05 1.50052e-05
15321 15.321 1.49948e-05 1.49974e-05
15322 15.322 1.50023e-05 1.49922e-05
15323 15.323 1.50118e-05 1.49986e-05
15324 15.324 1.50005e-05 1.49919e-05
15325 15.325 1.50229e-05 1.50179e-05
15326 15.326 1.50015e-05 1.50052e-05
15327 15.327 1.50231e-05 1.50238e-05
15328 15.328 1.4998e-05 1.49789e-05
15329 15.329 1.50082e-05 1.5013e-05
15330 15.33 1.49876e-05 1.4989e-05
15331 15.331 1.50083e-05 1.50212e-05
15332 15.332 1.50145e-05 1.50203e-05
15333 15.333 1.49924e-05 1.49942e-05
15334 15.334 1.50014e-05 1.50078e-05
15335 15.335 1.49953e-05 1.49815e-05
15336 15.336 1.50028e-05 1.50108e-05
15337 15.337 1.50246e-05 1.5029e-05
15338 15.338 1.50056e-05 1.49948e-05
15339 15.339 1.50257e-05 1.50335e-05
15340 15.34 1.50107e-05 1.50141e-05
15341 15.341 1.50133e-05 1.50106e-05
15342 15.342 1.50018e-05 1.5006e-05
15343 15.343 1.50011e-05 1.50221e-05
15344 15.344 1.50028e-05 1.49999e-05
15345 15.345 1.50018e-05 1.50071e-05
15346 15.346 1.50063e-05 1.50089e-05
15347 15.347 1.50058e-05 1.50024e-05
15348 15.348 1.50261e-05 1.50126e-05
15349 15.349 1.50103e-05 1.50143e-05
15350 15.35 1.49808e-05 1.49647e-05
15351 15.351 1.49856e-05 1.49933e-05
15352 15.352 1.5005e-05 1.49913e-05
15353 15.353 1.49946e-05 1.49807e-05
15354 15.354 1.49902e-05 1.49811e-05
15355 15.355 1.49805e-05 1.49859e-05
15356 15.356 1.50166e-05 1.50052e-05
15357 15.357 1.49883e-05 1.49832e-05
15358 15.358 1.50026e-05 1.50216e-05
15359 15.359 1.49872e-05 1.49859e-05
15360 15.36 1.49865e-05 1.49764e-05
15361 15.361 1.50094e-05 1.4995e-05
15362 15.362 1.50148e-05 1.50073e-05
15363 15.363 1.50241e-05 1.50219e-05
15364 15.364 1.49879e-05 1.49922e-05
15365 15.365 1.49848e-05 1.49613e-05
15366 15.366 1.50117e-05 1.50257e-05
15367 15.367 1.50038e-05 1.50262e-05
15368 15.368 1.49912e-05 1.49967e-05
15369 15.369 1.49922e-05 1.50159e-05
15370 15.37 1.50051e-05 1.50189e-05
15371 15.371 1.49899e-05 1.4991e-05
15372 15.372 1.50122e-05 1.50261e-05
15373 15.373 1.49789e-05 1.49869e-05
15374 15.374 1.50145e-05 1.50084e-05
15375 15.375 1.50109e-05 1.50052e-05
15376 15.376 1.50115e-05 1.50016e-05
15377 15.377 1.49987e-05 1.50031e-05
15378 15.378 1.49901e-05 1.49918e-05
15379 15.379 1.50091e-05 1.50056e-05
15380 15.38 1.49871e-05 1.49794e-05
15381 15.381 1.50131e-05 1.50138e-05
15382 15.382 1.50163e-05 1.50256e-05
15383 15.383 1.49938e-05 1.49993e-05
15384 15.384 1.49949e-05 1.49977e-05
15385 15.385 1.49985e-05 1.50044e-05
15386 15.386 1.50164e-05 1.50113e-05
15387 15.387 1.49939e-05 1.49864e-05
15388 15.388 1.49987e-05 1.49908e-05
15389 15.389 1.49969e-05 1.50123e-05
15390 15.39 1.49931e-05 1.49946e-05
15391 15.391 1.49832e-05 1.49894e-05
15392 15.392 1.50108e-05 1.50098e-05
15393 15.393 1.49941e-05 1.50024e-05
15394 15.394 1.49918e-05 1.50062e-05
15395 15.395 1.50036e-05 1.49965e-05
15396 15.396 1.49919e-05 1.50001e-05
15397 15.397 1.50076e-05 1.50243e-05
15398 15.398 1.49794e-05 1.49846e-05
15399 15.399 1.49898e-05 1.49993e-05
15400 15.4 1.49732e-05 1.49816e-05
15401 15.401 1.49861e-05 1.49649e-05
15402 15.402 1.50004e-05 1.50004e-05
15403 15.403 1.50014e-05 1.49978e-05
15404 15.404 1.49913e-05 1.49705e-05
15405 15.405 1.50085e-05 1.50217e-05
15406 15.406 1.49921e-05 1.49779e-05
15407 15.407 1.5017e-05 1.4999e-05
15408 15.408 1.49997e-05 1.49795e-05
15409 15.409 1.50045e-05 1.49987e-05
15410 15.41 1.50128e-05 1.5011e-05
15411 15.411 1.50006e-05 1.50207e-05
15412 15.412 1.49897e-05 1.49939e-05
15413 15.413 1.5007e-05 1.50224e-05
15414 15.414 1.50001e-05 1.50012e-05
15415 15.415 1.50029e-05 1.49849e-05
15416 15.416 1.49921e-05 1.49893e-05
15417 15.417 1.50174e-05 1.49981e-05
15418 15.418 1.49986e-05 1.50103e-05
15419 15.419 1.49938e-05 1.49863e-05
15420 15.42 1.49961e-05 1.49953e-05
15421 15.421 1.49975e-05 1.49909e-05
15422 15.422 1.49886e-05 1.49887e-05
15423 15.423 1.49876e-05 1.49988e-05
15424 15.424 1.50072e-05 1.49915e-05
15425 15.425 1.49784e-05 1.49669e-05
15426 15.426 1.49908e-05 1.50181e-05
15427 15.427 1.4982e-05 1.50057e-05
15428 15.428 1.49844e-05 1.49942e-05
15429 15.429 1.49948e-05 1.50007e-05
15430 15.43 1.49954e-05 1.49839e-05
15431 15.431 1.49849e-05 1.49638e-05
15432 15.432 1.49865e-05 1.49689e-05
15433 15.433 1.50139e-05 1.5024e-05
15434 15.434 1.49977e-05 1.5e-05
15435 15.435 1.50031e-05 1.50013e-05
15436 15.436 1.50029e-05 1.50122e-05
15437 15.437 1.49818e-05 1.49814e-05
15438 15.438 1.50122e-05 1.49985e-05
15439 15.439 1.49961e-05 1.50081e-05
15440 15.44 1.49944e-05 1.50004e-05
15441 15.441 1.5012e-05 1.49994e-05
15442 15.442 1.49897e-05 1.49887e-05
15443 15.443 1.50224e-05 1.50271e-05
15444 15.444 1.50086e-05 1.50263e-05
15445 15.445 1.49736e-05 1.49837e-05
15446 15.446 1.5003e-05 1.50292e-05
15447 15.447 1.50147e-05 1.50289e-05
15448 15.448 1.49841e-05 1.49917e-05
15449 15.449 1.50128e-05 1.50249e-05
15450 15.45 1.49911e-05 1.50089e-05
15451 15.451 1.49986e-05 1.50095e-05
15452 15.452 1.50101e-05 1.50224e-05
15453 15.453 1.49869e-05 1.49889e-05
15454 15.454 1.50127e-05 1.50367e-05
15455 15.455 1.49947e-05 1.49907e-05
15456 15.456 1.50041e-05 1.50178e-05
15457 15.457 1.49967e-05 1.49995e-05
15458 15.458 1.49919e-05 1.50099e-05
15459 15.459 1.49876e-05 1.5007e-05
15460 15.46 1.49997e-05 1.50129e-05
15461 15.461 1.49801e-05 1.49851e-05
15462 15.462 1.5009e-05 1.5007e-05
15463 15.463 1.49946e-05 1.49972e-05
15464 15.464 1.50132e-05 1.50158e-05
15465 15.465 1.5011e-05 1.50171e-05
15466 15.466 1.49819e-05 1.49727e-05
15467 15.467 1.50183e-05 1.50133e-05
15468 15.468 1.49986e-05 1.49982e-05
15469 15.469 1.50121e-05 1.50062e-05
15470 15.47 1.49826e-05 1.49834e-05
15471 15.471 1.50013e-05 1.49868e-05
15472 15.472 1.49959e-05 1.49937e-05
15473 15.473 1.49994e-05 1.50064e-05
15474 15.474 1.50095e-05 1.50152e-05
15475 15.475 1.50024e-05 1.50152e-05
15476 15.476 1.50097e-05 1.5004e-05
15477 15.477 1.49985e-05 1.49851e-05
15478 15.478 1.4987e-05 1.49937e-05
15479 15.479 1.50242e-05 1.50427e-05
15480 15.48 1.5006e-05 1.50022e-05
15481 15.481 1.49914e-05 1.49928e-05
15482 15.482 1.50021e-05 1.49955e-05
15483 15.483 1.49745e-05 1.4968e-05
15484 15.484 1.49857e-05 1.49957e-05
15485 15.485 1.4994e-05 1.49799e-05
15486 15.486 1.49942e-05 1.50174e-05
15487 15.487 1.49818e-05 1.49944e-05
15488 15.488 1.50033e-05 1.50123e-05
15489 15.489 1.49936e-05 1.49904e-05
15490 15.49 1.49857e-05 1.49826e-05
15491 15.491 1.49992e-05 1.49933e-05
15492 15.492 1.50113e-05 1.49968e-05
15493 15.493 1.49902e-05 1.50057e-05
15494 15.494 1.49864e-05 1.49889e-05
15495 15.495 1.49876e-05 1.4993e-05
15496 15.496 1.49936e-05 1.50066e-05
15497 15.497 1.50016e-05 1.50048e-05
15498 15.498 1.49796e-05 1.49815e-05
15499 15.499 1.49964e-05 1.50063e-05
15500 15.5 1.49852e-05 1.49951e-05
15501 15.501 1.49987e-05 1.49966e-05
15502 15.502 1.50068e-05 1.50142e-05
15503 15.503 1.50143e-05 1.50118e-05
15504 15.504 1.50135e-05 1.50097e-05
15505 15.505 1.50016e-05 1.49986e-05
15506 15.506 1.49921e-05 1.4997e-05
15507 15.507 1.50075e-05 1.49919e-05
15508 15.508 1.50251e-05 1.50113e-05
15509 15.509 1.49724e-05 1.49574e-05
15510 15.51 1.49964e-05 1.49755e-05
15511 15.511 1.50193e-05 1.49954e-05
15512 15.512 1.50027e-05 1.49925e-05
15513 15.513 1.50091e-05 1.50002e-05
15514 15.514 1.49991e-05 1.50048e-05
15515 15.515 1.49897e-05 1.50042e-05
15516 15.516 1.49876e-05 1.49947e-05
15517 15.517 1.49884e-05 1.49853e-05
15518 15.518 1.50007e-05 1.4991e-05
15519 15.519 1.50057e-05 1.50068e-05
15520 15.52 1.49896e-05 1.49944e-05
15521 15.521 1.49803e-05 1.49698e-05
15522 15.522 1.4996e-05 1.50026e-05
15523 15.523 1.49875e-05 1.4991e-05
15524 15.524 1.50045e-05 1.50026e-05
15525 15.525 1.49943e-05 1.4981e-05
15526 15.526 1.50067e-05 1.50009e-05
15527 15.527 1.50082e-05 1.49993e-05
15528 15.528 1.50208e-05 1.50119e-05
15529 15.529 1.50107e-05 1.50007e-05
15530 15.53 1.50183e-05 1.50143e-05
15531 15.531 1.49954e-05 1.50115e-05
15532 15.532 1.50036e-05 1.50167e-05
15533 15.533 1.50098e-05 1.50038e-05
15534 15.534 1.50178e-05 1.5017e-05
15535 15.535 1.50117e-05 1.49958e-05
15536 15.536 1.49989e-05 1.49918e-05
15537 15.537 1.50139e-05 1.50175e-05
15538 15.538 1.50025e-05 1.50069e-05
15539 15.539 1.49925e-05 1.4986e-05
15540 15.54 1.49946e-05 1.49938e-05
15541 15.541 1.49991e-05 1.49995e-05
15542 15.542 1.50124e-05 1.50024e-05
15543 15.543 1.49916e-05 1.49784e-05
15544 15.544 1.50072e-05 1.50033e-05
15545 15.545 1.49751e-05 1.49733e-05
15546 15.546 1.50068e-05 1.50065e-05
15547 15.547 1.49946e-05 1.49819e-05
15548 15.548 1.49883e-05 1.49839e-05
15549 15.549 1.49873e-05 1.49641e-05
15550 15.55 1.499e-05 1.49665e-05
15551 15.551 1.49906e-05 1.4978e-05
15552 15.552 1.49932e-05 1.49748e-05
15553 15.553 1.49851e-05 1.49966e-05
15554 15.554 1.4973e-05 1.4976e-05
15555 15.555 1.50006e-05 1.49884e-05
15556 15.556 1.49922e-05 1.49876e-05
15557 15.557 1.50037e-05 1.50181e-05
15558 15.558 1.49827e-05 1.49611e-05
15559 15.559 1.50031e-05 1.49989e-05
15560 15.56 1.50108e-05 1.50087e-05
15561 15.561 1.50058e-05 1.49935e-05
15562 15.562 1.50235e-05 1.50414e-05
15563 15.563 1.50092e-05 1.49948e-05
15564 15.564 1.50059e-05 1.49949e-05
15565 15.565 1.49995e-05 1.49781e-05
15566 15.566 1.50073e-05 1.50235e-05
15567 15.567 1.50079e-05 1.50061e-05
15568 15.568 1.49989e-05 1.49881e-05
15569 15.569 1.50045e-05 1.50196e-05
15570 15.57 1.50182e-05 1.50107e-05
15571 15.571 1.50173e-05 1.50279e-05
15572 15.572 1.5009e-05 1.50008e-05
15573 15.573 1.49884e-05 1.49867e-05
15574 15.574 1.5023e-05 1.50057e-05
15575 15.575 1.49996e-05 1.49984e-05
15576 15.576 1.50037e-05 1.49874e-05
15577 15.577 1.49998e-05 1.499e-05
15578 15.578 1.49802e-05 1.49797e-05
15579 15.579 1.498e-05 1.4965e-05
15580 15.58 1.50151e-05 1.50079e-05
15581 15.581 1.49961e-05 1.50028e-05
15582 15.582 1.50099e-05 1.50088e-05
15583 15.583 1.49892e-05 1.49889e-05
15584 15.584 1.50189e-05 1.5005e-05
15585 15.585 1.50064e-05 1.50074e-05
15586 15.586 1.50267e-05 1.50109e-05
15587 15.587 1.49976e-05 1.49969e-05
15588 15.588 1.49944e-05 1.49967e-05
15589 15.589 1.50029e-05 1.49951e-05
15590 15.59 1.50043e-05 1.49967e-05
15591 15.591 1.49979e-05 1.49951e-05
15592 15.592 1.50096e-05 1.50158e-05
15593 15.593 1.49719e-05 1.49757e-05
15594 15.594 1.49827e-05 1.49852e-05
15595 15.595 1.50117e-05 1.50031e-05
15596 15.596 1.49976e-05 1.50009e-05
15597 15.597 1.4972e-05 1.49738e-05
15598 15.598 1.49955e-05 1.49838e-05
15599 15.599 1.50232e-05 1.50138e-05
15600 15.6 1.50111e-05 1.50157e-05
15601 15.601 1.49992e-05 1.50184e-05
15602 15.602 1.5007e-05 1.50094e-05
15603 15.603 1.50029e-05 1.49943e-05
15604 15.604 1.50084e-05 1.5e-05
15605 15.605 1.50199e-05 1.5022e-05
15606 15.606 1.50015e-05 1.50141e-05
15607 15.607 1.50133e-05 1.50158e-05
15608 15.608 1.50092e-05 1.49889e-05
15609 15.609 1.50116e-05 1.50184e-05
15610 15.61 1.50252e-05 1.50312e-05
15611 15.611 1.50076e-05 1.50247e-05
15612 15.612 1.50215e-05 1.50308e-05
15613 15.613 1.5006e-05 1.50061e-05
15614 15.614 1.50137e-05 1.50049e-05
15615 15.615 1.5016e-05 1.5016e-05
15616 15.616 1.50204e-05 1.50148e-05
15617 15.617 1.50077e-05 1.49985e-05
15618 15.618 1.50064e-05 1.49896e-05
15619 15.619 1.50043e-05 1.49984e-05
15620 15.62 1.4994e-05 1.49958e-05
15621 15.621 1.50044e-05 1.50261e-05
15622 15.622 1.5013e-05 1.50147e-05
15623 15.623 1.50057e-05 1.49971e-05
15624 15.624 1.50141e-05 1.50201e-05
15625 15.625 1.49873e-05 1.49707e-05
15626 15.626 1.50094e-05 1.49898e-05
15627 15.627 1.50222e-05 1.50064e-05
15628 15.628 1.50193e-05 1.50234e-05
15629 15.629 1.49946e-05 1.49986e-05
15630 15.63 1.50069e-05 1.50252e-05
15631 15.631 1.50026e-05 1.50051e-05
15632 15.632 1.50149e-05 1.50181e-05
15633 15.633 1.50025e-05 1.4995e-05
15634 15.634 1.5006e-05 1.50054e-05
15635 15.635 1.50067e-05 1.49967e-05
15636 15.636 1.49857e-05 1.50092e-05
15637 15.637 1.49778e-05 1.49857e-05
15638 15.638 1.49957e-05 1.49976e-05
15639 15.639 1.49933e-05 1.49985e-05
15640 15.64 1.50111e-05 1.50142e-05
15641 15.641 1.49945e-05 1.49927e-05
15642 15.642 1.50063e-05 1.50134e-05
15643 15.643 1.49929e-05 1.49885e-05
15644 15.644 1.50076e-05 1.50084e-05
15645 15.645 1.49985e-05 1.49943e-05
15646 15.646 1.49983e-05 1.50118e-05
15647 15.647 1.50199e-05 1.50201e-05
15648 15.648 1.49994e-05 1.49997e-05
15649 15.649 1.50101e-05 1.5014e-05
15650 15.65 1.5009e-05 1.5001e-05
15651 15.651 1.50217e-05 1.50007e-05
15652 15.652 1.50051e-05 1.49902e-05
15653 15.653 1.50056e-05 1.50019e-05
15654 15.654 1.50004e-05 1.50006e-05
15655 15.655 1.50254e-05 1.50194e-05
15656 15.656 1.50165e-05 1.50379e-05
15657 15.657 1.50131e-05 1.49979e-05
15658 15.658 1.49995e-05 1.50056e-05
15659 15.659 1.50048e-05 1.50116e-05
15660 15.66 1.50147e-05 1.50061e-05
15661 15.661 1.49936e-05 1.49924e-05
15662 15.662 1.5024e-05 1.50145e-05
15663 15.663 1.50077e-05 1.4996e-05
15664 15.664 1.50124e-05 1.50052e-05
15665 15.665 1.50064e-05 1.49804e-05
15666 15.666 1.50135e-05 1.50293e-05
15667 15.667 1.50147e-05 1.50279e-05
15668 15.668 1.50156e-05 1.50163e-05
15669 15.669 1.5017e-05 1.50003e-05
15670 15.67 1.50012e-05 1.49995e-05
15671 15.671 1.49889e-05 1.49895e-05
15672 15.672 1.50022e-05 1.50022e-05
15673 15.673 1.50025e-05 1.49738e-05
15674 15.674 1.49808e-05 1.49724e-05
15675 15.675 1.501e-05 1.49912e-05
15676 15.676 1.50016e-05 1.49898e-05
15677 15.677 1.49966e-05 1.49964e-05
15678 15.678 1.49995e-05 1.49793e-05
15679 15.679 1.50016e-05 1.49844e-05
15680 15.68 1.50297e-05 1.50402e-05
15681 15.681 1.50003e-05 1.5004e-05
15682 15.682 1.49978e-05 1.49981e-05
15683 15.683 1.50059e-05 1.4993e-05
15684 15.684 1.49998e-05 1.50076e-05
15685 15.685 1.50195e-05 1.50185e-05
15686 15.686 1.50124e-05 1.50219e-05
15687 15.687 1.50022e-05 1.4996e-05
15688 15.688 1.50027e-05 1.50052e-05
15689 15.689 1.5002e-05 1.49977e-05
15690 15.69 1.50139e-05 1.50174e-05
15691 15.691 1.50136e-05 1.50183e-05
15692 15.692 1.4999e-05 1.50003e-05
15693 15.693 1.5007e-05 1.49865e-05
15694 15.694 1.50152e-05 1.49909e-05
15695 15.695 1.50098e-05 1.50062e-05
15696 15.696 1.49942e-05 1.49879e-05
15697 15.697 1.50039e-05 1.50074e-05
15698 15.698 1.49917e-05 1.49835e-05
15699 15.699 1.49956e-05 1.5014e-05
15700 15.7 1.50046e-05 1.50068e-05
15701 15.701 1.49878e-05 1.49851e-05
15702 15.702 1.50046e-05 1.50169e-05
15703 15.703 1.50009e-05 1.49983e-05
15704 15.704 1.49976e-05 1.5013e-05
15705 15.705 1.49783e-05 1.49944e-05
15706 15.706 1.49859e-05 1.4975e-05
15707 15.707 1.50006e-05 1.50073e-05
15708 15.708 1.49896e-05 1.49749e-05
15709 15.709 1.49901e-05 1.499e-05
15710 15.71 1.49993e-05 1.49872e-05
15711 15.711 1.4996e-05 1.50076e-05
15712 15.712 1.49991e-05 1.49916e-05
15713 15.713 1.49628e-05 1.49552e-05
15714 15.714 1.50116e-05 1.49983e-05
15715 15.715 1.50224e-05 1.50062e-05
15716 15.716 1.49956e-05 1.49871e-05
15717 15.717 1.50148e-05 1.50144e-05
15718 15.718 1.50061e-05 1.50007e-05
15719 15.719 1.49915e-05 1.50012e-05
15720 15.72 1.49955e-05 1.4981e-05
15721 15.721 1.50026e-05 1.49959e-05
15722 15.722 1.49949e-05 1.50011e-05
15723 15.723 1.49896e-05 1.49916e-05
15724 15.724 1.49844e-05 1.49718e-05
15725 15.725 1.50229e-05 1.50234e-05
15726 15.726 1.50111e-05 1.50281e-05
15727 15.727 1.50095e-05 1.50178e-05
15728 15.728 1.5006e-05 1.50136e-05
15729 15.729 1.501e-05 1.50104e-05
15730 15.73 1.5028e-05 1.50169e-05
15731 15.731 1.50143e-05 1.50072e-05
15732 15.732 1.49945e-05 1.499e-05
15733 15.733 1.50311e-05 1.50022e-05
15734 15.734 1.50214e-05 1.5023e-05
15735 15.735 1.5008e-05 1.50086e-05
15736 15.736 1.50011e-05 1.49972e-05
15737 15.737 1.50026e-05 1.50121e-05
15738 15.738 1.50071e-05 1.50212e-05
15739 15.739 1.50183e-05 1.50128e-05
15740 15.74 1.50114e-05 1.50192e-05
15741 15.741 1.50042e-05 1.50157e-05
15742 15.742 1.49977e-05 1.50033e-05
15743 15.743 1.50004e-05 1.49944e-05
15744 15.744 1.50086e-05 1.50026e-05
15745 15.745 1.50105e-05 1.50128e-05
15746 15.746 1.49937e-05 1.49937e-05
15747 15.747 1.50162e-05 1.50105e-05
15748 15.748 1.50017e-05 1.50044e-05
15749 15.749 1.50101e-05 1.49982e-05
15750 15.75 1.49753e-05 1.4957e-05
15751 15.751 1.50038e-05 1.49997e-05
15752 15.752 1.49986e-05 1.49886e-05
15753 15.753 1.50087e-05 1.49978e-05
15754 15.754 1.50034e-05 1.49941e-05
15755 15.755 1.4979e-05 1.49777e-05
15756 15.756 1.50064e-05 1.50025e-05
15757 15.757 1.50045e-05 1.50174e-05
15758 15.758 1.50138e-05 1.5004e-05
15759 15.759 1.50142e-05 1.50089e-05
15760 15.76 1.50181e-05 1.49816e-05
15761 15.761 1.50148e-05 1.49971e-05
15762 15.762 1.50107e-05 1.49932e-05
15763 15.763 1.49963e-05 1.49842e-05
15764 15.764 1.50063e-05 1.50128e-05
15765 15.765 1.50091e-05 1.50008e-05
15766 15.766 1.50081e-05 1.50143e-05
15767 15.767 1.50264e-05 1.5012e-05
15768 15.768 1.49962e-05 1.49742e-05
15769 15.769 1.50078e-05 1.49979e-05
15770 15.77 1.49838e-05 1.49784e-05
15771 15.771 1.50214e-05 1.50269e-05
15772 15.772 1.4976e-05 1.49745e-05
15773 15.773 1.50244e-05 1.50344e-05
15774 15.774 1.50019e-05 1.50089e-05
15775 15.775 1.49965e-05 1.49823e-05
15776 15.776 1.50002e-05 1.49946e-05
15777 15.777 1.50268e-05 1.50132e-05
15778 15.778 1.49967e-05 1.4984e-05
15779 15.779 1.50048e-05 1.50133e-05
15780 15.78 1.50055e-05 1.49825e-05
15781 15.781 1.49914e-05 1.50008e-05
15782 15.782 1.50204e-05 1.50168e-05
15783 15.783 1.50073e-05 1.49991e-05
15784 15.784 1.50029e-05 1.49985e-05
15785 15.785 1.5026e-05 1.5032e-05
15786 15.786 1.50057e-05 1.49876e-05
15787 15.787 1.49861e-05 1.49896e-05
15788 15.788 1.49977e-05 1.50078e-05
15789 15.789 1.4988e-05 1.49872e-05
15790 15.79 1.49962e-05 1.49932e-05
15791 15.791 1.49982e-05 1.49971e-05
15792 15.792 1.49896e-05 1.49794e-05
15793 15.793 1.50021e-05 1.50164e-05
15794 15.794 1.49962e-05 1.50036e-05
15795 15.795 1.49868e-05 1.4976e-05
15796 15.796 1.50037e-05 1.50126e-05
15797 15.797 1.4991e-05 1.49853e-05
15798 15.798 1.5009e-05 1.50034e-05
15799 15.799 1.50078e-05 1.50027e-05
15800 15.8 1.5008e-05 1.50076e-05
15801 15.801 1.50089e-05 1.5001e-05
15802 15.802 1.50158e-05 1.50322e-05
15803 15.803 1.50071e-05 1.50054e-05
15804 15.804 1.49993e-05 1.49915e-05
15805 15.805 1.50125e-05 1.50115e-05
15806 15.806 1.50098e-05 1.50051e-05
15807 15.807 1.50172e-05 1.50185e-05
15808 15.808 1.50045e-05 1.50052e-05
15809 15.809 1.50292e-05 1.50254e-05
15810 15.81 1.49948e-05 1.50021e-05
15811 15.811 1.49945e-05 1.4991e-05
15812 15.812 1.49997e-05 1.49819e-05
15813 15.813 1.50111e-05 1.5019e-05
15814 15.814 1.5006e-05 1.49894e-05
15815 15.815 1.50071e-05 1.50131e-05
15816 15.816 1.49931e-05 1.49959e-05
15817 15.817 1.4997e-05 1.49851e-05
15818 15.818 1.50101e-05 1.50127e-05
15819 15.819 1.49828e-05 1.49782e-05
15820 15.82 1.50189e-05 1.49994e-05
15821 15.821 1.49895e-05 1.49842e-05
15822 15.822 1.5012e-05 1.50183e-05
15823 15.823 1.49929e-05 1.50035e-05
15824 15.824 1.50103e-05 1.50111e-05
15825 15.825 1.50123e-05 1.49997e-05
15826 15.826 1.50166e-05 1.50246e-05
15827 15.827 1.5001e-05 1.5002e-05
15828 15.828 1.50031e-05 1.50159e-05
15829 15.829 1.49922e-05 1.50157e-05
15830 15.83 1.50271e-05 1.50384e-05
15831 15.831 1.50168e-05 1.50251e-05
15832 15.832 1.50099e-05 1.50172e-05
15833 15.833 1.50072e-05 1.50176e-05
15834 15.834 1.50023e-05 1.49844e-05
15835 15.835 1.50158e-05 1.50186e-05
15836 15.836 1.49978e-05 1.50027e-05
15837 15.837 1.49916e-05 1.50206e-05
15838 15.838 1.50005e-05 1.49978e-05
15839 15.839 1.50083e-05 1.49888e-05
15840 15.84 1.4982e-05 1.49698e-05
15841 15.841 1.50066e-05 1.50167e-05
15842 15.842 1.4992e-05 1.49805e-05
15843 15.843 1.50085e-05 1.50009e-05
15844 15.844 1.50085e-05 1.49858e-05
15845 15.845 1.49953e-05 1.49773e-05
15846 15.846 1.50151e-05 1.5004e-05
15847 15.847 1.50092e-05 1.50047e-05
15848 15.848 1.49871e-05 1.49704e-05
15849 15.849 1.50029e-05 1.49839e-05
15850 15.85 1.50172e-05 1.50196e-05
15851 15.851 1.50208e-05 1.50159e-05
15852 15.852 1.49961e-05 1.49933e-05
15853 15.853 1.49931e-05 1.49938e-05
15854 15.854 1.50004e-05 1.49956e-05
15855 15.855 1.50099e-05 1.49966e-05
15856 15.856 1.49994e-05 1.4978e-05
15857 15.857 1.50279e-05 1.4997e-05
15858 15.858 1.50157e-05 1.50229e-05
15859 15.859 1.49894e-05 1.49893e-05
15860 15.86 1.49955e-05 1.50105e-05
15861 15.861 1.4997e-05 1.50031e-05
15862 15.862 1.49961e-05 1.49968e-05
15863 15.863 1.49939e-05 1.49952e-05
15864 15.864 1.50061e-05 1.50198e-05
15865 15.865 1.50096e-05 1.50087e-05
15866 15.866 1.49975e-05 1.49888e-05
15867 15.867 1.50068e-05 1.502e-05
15868 15.868 1.50179e-05 1.50213e-05
15869 15.869 1.49962e-05 1.49862e-05
15870 15.87 1.49858e-05 1.50063e-05
15871 15.871 1.49968e-05 1.49996e-05
15872 15.872 1.4998e-05 1.49956e-05
15873 15.873 1.50268e-05 1.50262e-05
15874 15.874 1.49969e-05 1.4982e-05
15875 15.875 1.50104e-05 1.4998e-05
15876 15.876 1.50125e-05 1.50022e-05
15877 15.877 1.50082e-05 1.50141e-05
15878 15.878 1.50137e-05 1.49989e-05
15879 15.879 1.50025e-05 1.49954e-05
15880 15.88 1.49797e-05 1.49672e-05
15881 15.881 1.50041e-05 1.49888e-05
15882 15.882 1.49948e-05 1.50064e-05
15883 15.883 1.49973e-05 1.49938e-05
15884 15.884 1.49964e-05 1.4969e-05
15885 15.885 1.50008e-05 1.49823e-05
15886 15.886 1.5002e-05 1.50033e-05
15887 15.887 1.499e-05 1.4973e-05
15888 15.888 1.49972e-05 1.50165e-05
15889 15.889 1.49929e-05 1.49989e-05
15890 15.89 1.50086e-05 1.50044e-05
15891 15.891 1.50102e-05 1.50085e-05
15892 15.892 1.49997e-05 1.4992e-05
15893 15.893 1.49954e-05 1.49838e-05
15894 15.894 1.49925e-05 1.49739e-05
15895 15.895 1.50047e-05 1.50025e-05
15896 15.896 1.49958e-05 1.4981e-05
15897 15.897 1.5002e-05 1.50086e-05
15898 15.898 1.49918e-05 1.49796e-05
15899 15.899 1.49997e-05 1.50162e-05
15900 15.9 1.49859e-05 1.49973e-05
15901 15.901 1.4995e-05 1.5021e-05
15902 15.902 1.49918e-05 1.50115e-05
15903 15.903 1.4987e-05 1.49885e-05
15904 15.904 1.50163e-05 1.50011e-05
15905 15.905 1.50036e-05 1.4995e-05
15906 15.906 1.50239e-05 1.5001e-05
15907 15.907 1.49939e-05 1.49877e-05
15908 15.908 1.50226e-05 1.50118e-05
15909 15.909 1.4979e-05 1.49913e-05
15910 15.91 1.4989e-05 1.49835e-05
15911 15.911 1.49985e-05 1.5006e-05
15912 15.912 1.50102e-05 1.50062e-05
15913 15.913 1.49999e-05 1.49972e-05
15914 15.914 1.50162e-05 1.50165e-05
15915 15.915 1.49838e-05 1.49567e-05
15916 15.916 1.5004e-05 1.4995e-05
15917 15.917 1.49905e-05 1.49808e-05
15918 15.918 1.50119e-05 1.50037e-05
15919 15.919 1.50048e-05 1.49964e-05
15920 15.92 1.49827e-05 1.49611e-05
15921 15.921 1.49958e-05 1.50179e-05
15922 15.922 1.50127e-05 1.50146e-05
15923 15.923 1.49965e-05 1.49789e-05
15924 15.924 1.49939e-05 1.50038e-05
15925 15.925 1.50102e-05 1.50326e-05
15926 15.926 1.49937e-05 1.49982e-05
15927 15.927 1.49995e-05 1.49912e-05
15928 15.928 1.49764e-05 1.49631e-05
15929 15.929 1.49941e-05 1.49948e-05
15930 15.93 1.49928e-05 1.50068e-05
15931 15.931 1.50191e-05 1.50116e-05
15932 15.932 1.49872e-05 1.4992e-05
15933 15.933 1.50211e-05 1.50226e-05
15934 15.934 1.49883e-05 1.4972e-05
15935 15.935 1.50195e-05 1.49936e-05
15936 15.936 1.49922e-05 1.49957e-05
15937 15.937 1.50131e-05 1.50076e-05
15938 15.938 1.49803e-05 1.49895e-05
15939 15.939 1.50079e-05 1.49975e-05
15940 15.94 1.4999e-05 1.50036e-05
15941 15.941 1.50163e-05 1.50359e-05
15942 15.942 1.50215e-05 1.50344e-05
15943 15.943 1.49945e-05 1.49956e-05
15944 15.944 1.50064e-05 1.50028e-05
15945 15.945 1.49788e-05 1.49805e-05
15946 15.946 1.49944e-05 1.4994e-05
15947 15.947 1.50048e-05 1.50097e-05
15948 15.948 1.50164e-05 1.50003e-05
15949 15.949 1.50074e-05 1.50026e-05
15950 15.95 1.49958e-05 1.49874e-05
15951 15.951 1.50177e-05 1.50241e-05
15952 15.952 1.50128e-05 1.50014e-05
15953 15.953 1.50009e-05 1.49979e-05
15954 15.954 1.49929e-05 1.49742e-05
15955 15.955 1.50106e-05 1.50211e-05
15956 15.956 1.50053e-05 1.49966e-05
15957 15.957 1.49914e-05 1.49675e-05
15958 15.958 1.49952e-05 1.50075e-05
15959 15.959 1.49979e-05 1.49974e-05
15960 15.96 1.49876e-05 1.49822e-05
15961 15.961 1.49893e-05 1.50005e-05
15962 15.962 1.50232e-05 1.50323e-05
15963 15.963 1.50043e-05 1.50024e-05
15964 15.964 1.5006e-05 1.49999e-05
15965 15.965 1.50161e-05 1.50031e-05
15966 15.966 1.50002e-05 1.49912e-05
15967 15.967 1.50104e-05 1.50003e-05
15968 15.968 1.50063e-05 1.49935e-05
15969 15.969 1.49871e-05 1.49915e-05
15970 15.97 1.49819e-05 1.49817e-05
15971 15.971 1.50008e-05 1.49975e-05
15972 15.972 1.50131e-05 1.50128e-05
15973 15.973 1.50089e-05 1.49801e-05
15974 15.974 1.49978e-05 1.49941e-05
15975 15.975 1.49758e-05 1.49867e-05
15976 15.976 1.49927e-05 1.49852e-05
15977 15.977 1.50121e-05 1.50031e-05
15978 15.978 1.50045e-05 1.49896e-05
15979 15.979 1.49764e-05 1.49531e-05
15980 15.98 1.50153e-05 1.49878e-05
15981 15.981 1.49906e-05 1.50009e-05
15982 15.982 1.49916e-05 1.50123e-05
15983 15.983 1.49915e-05 1.49856e-05
15984 15.984 1.4998e-05 1.50066e-05
15985 15.985 1.49993e-05 1.50172e-05
15986 15.986 1.50147e-05 1.50181e-05
15987 15.987 1.50138e-05 1.50096e-05
15988 15.988 1.50034e-05 1.50152e-05
15989 15.989 1.49992e-05 1.50026e-05
15990 15.99 1.49867e-05 1.49909e-05
15991 15.991 1.49886e-05 1.49766e-05
15992 15.992 1.50144e-05 1.50168e-05
15993 15.993 1.49999e-05 1.49808e-05
15994 15.994 1.50097e-05 1.50183e-05
15995 15.995 1.50105e-05 1.50098e-05
15996 15.996 1.50069e-05 1.49892e-05
15997 15.997 1.50154e-05 1.49981e-05
15998 15.998 1.50058e-05 1.4999e-05
15999 15.999 1.5021e-05 1.50058e-05
16000 16 1.50023e-05 1.5012e-05
16001 16.001 1.50067e-05 1.50124e-05
16002 16.002 1.49925e-05 1.49977e-05
16003 16.003 1.50259e-05 1.50226e-05
16004 16.004 1.50189e-05 1.50311e-05
16005 16.005 1.50085e-05 1.50118e-05
16006 16.006 1.50107e-05 1.50094e-05
16007 16.007 1.50255e-05 1.50231e-05
16008 16.008 1.50004e-05 1.50018e-05
16009 16.009 1.50116e-05 1.4988e-05
16010 16.01 1.50155e-05 1.50096e-05
16011 16.011 1.5005e-05 1.50078e-05
16012 16.012 1.50153e-05 1.50346e-05
16013 16.013 1.50103e-05 1.50219e-05
16014 16.014 1.49986e-05 1.49758e-05
16015 16.015 1.49929e-05 1.49939e-05
16016 16.016 1.50118e-05 1.50102e-05
16017 16.017 1.49991e-05 1.49964e-05
16018 16.018 1.50111e-05 1.50144e-05
16019 16.019 1.49914e-05 1.49711e-05
16020 16.02 1.50044e-05 1.50036e-05
16021 16.021 1.50176e-05 1.50138e-05
16022 16.022 1.50188e-05 1.50168e-05
16023 16.023 1.49928e-05 1.50019e-05
16024 16.024 1.50151e-05 1.50116e-05
16025 16.025 1.50328e-05 1.50279e-05
16026 16.026 1.50198e-05 1.50191e-05
16027 16.027 1.50284e-05 1.5004e-05
16028 16.028 1.50127e-05 1.50073e-05
16029 16.029 1.50188e-05 1.50091e-05
16030 16.03 1.50089e-05 1.49964e-05
16031 16.031 1.50125e-05 1.5e-05
16032 16.032 1.50144e-05 1.50051e-05
16033 16.033 1.50087e-05 1.50127e-05
16034 16.034 1.50121e-05 1.50189e-05
16035 16.035 1.50083e-05 1.50222e-05
16036 16.036 1.50006e-05 1.49962e-05
16037 16.037 1.50227e-05 1.50275e-05
16038 16.038 1.49914e-05 1.50009e-05
16039 16.039 1.50076e-05 1.50024e-05
16040 16.04 1.49864e-05 1.49784e-05
16041 16.041 1.50191e-05 1.49915e-05
16042 16.042 1.50135e-05 1.49983e-05
16043 16.043 1.50172e-05 1.5002e-05
16044 16.044 1.5e-05 1.50017e-05
16045 16.045 1.5e-05 1.50037e-05
16046 16.046 1.49978e-05 1.50049e-05
16047 16.047 1.50063e-05 1.50159e-05
16048 16.048 1.50123e-05 1.50088e-05
16049 16.049 1.49969e-05 1.49901e-05
16050 16.05 1.49937e-05 1.49965e-05
16051 16.051 1.50095e-05 1.50023e-05
16052 16.052 1.50192e-05 1.50268e-05
16053 16.053 1.50266e-05 1.50246e-05
16054 16.054 1.50142e-05 1.50221e-05
16055 16.055 1.4993e-05 1.49843e-05
16056 16.056 1.50221e-05 1.5034e-05
16057 16.057 1.50176e-05 1.50079e-05
16058 16.058 1.50037e-05 1.50102e-05
16059 16.059 1.50171e-05 1.50112e-05
16060 16.06 1.50206e-05 1.50249e-05
16061 16.061 1.50214e-05 1.50347e-05
16062 16.062 1.5005e-05 1.49814e-05
16063 16.063 1.4977e-05 1.49709e-05
16064 16.064 1.49995e-05 1.50013e-05
16065 16.065 1.50108e-05 1.50154e-05
16066 16.066 1.50077e-05 1.50018e-05
16067 16.067 1.49931e-05 1.4987e-05
16068 16.068 1.50104e-05 1.50292e-05
16069 16.069 1.49813e-05 1.49647e-05
16070 16.07 1.50113e-05 1.50075e-05
16071 16.071 1.49807e-05 1.4979e-05
16072 16.072 1.49884e-05 1.50008e-05
16073 16.073 1.49815e-05 1.49826e-05
16074 16.074 1.50003e-05 1.49912e-05
16075 16.075 1.49979e-05 1.50028e-05
16076 16.076 1.49899e-05 1.49942e-05
16077 16.077 1.5012e-05 1.50203e-05
16078 16.078 1.49948e-05 1.49973e-05
16079 16.079 1.4994e-05 1.50135e-05
16080 16.08 1.50113e-05 1.50186e-05
16081 16.081 1.4975e-05 1.4972e-05
16082 16.082 1.50047e-05 1.50046e-05
16083 16.083 1.50037e-05 1.49977e-05
16084 16.084 1.49935e-05 1.49986e-05
16085 16.085 1.49953e-05 1.49972e-05
16086 16.086 1.4997e-05 1.49962e-05
16087 16.087 1.49993e-05 1.49887e-05
16088 16.088 1.50169e-05 1.50228e-05
16089 16.089 1.50309e-05 1.5035e-05
16090 16.09 1.49964e-05 1.49835e-05
16091 16.091 1.50135e-05 1.49993e-05
16092 16.092 1.50094e-05 1.50061e-05
16093 16.093 1.50226e-05 1.50286e-05
16094 16.094 1.501e-05 1.50223e-05
16095 16.095 1.50098e-05 1.50046e-05
16096 16.096 1.50018e-05 1.50066e-05
16097 16.097 1.49937e-05 1.49944e-05
16098 16.098 1.49988e-05 1.49985e-05
16099 16.099 1.50254e-05 1.5016e-05
16100 16.1 1.49914e-05 1.49981e-05
16101 16.101 1.49962e-05 1.50051e-05
16102 16.102 1.49919e-05 1.49776e-05
16103 16.103 1.49815e-05 1.49619e-05
16104 16.104 1.50035e-05 1.50095e-05
16105 16.105 1.49987e-05 1.49964e-05
16106 16.106 1.49863e-05 1.49871e-05
16107 16.107 1.49962e-05 1.5006e-05
16108 16.108 1.4994e-05 1.49887e-05
16109 16.109 1.50274e-05 1.50367e-05
16110 16.11 1.49844e-05 1.49723e-05
16111 16.111 1.50079e-05 1.50104e-05
16112 16.112 1.5004e-05 1.50062e-05
16113 16.113 1.50039e-05 1.50015e-05
16114 16.114 1.50026e-05 1.50063e-05
16115 16.115 1.5001e-05 1.50175e-05
16116 16.116 1.50073e-05 1.4991e-05
16117 16.117 1.49924e-05 1.50038e-05
16118 16.118 1.50135e-05 1.5004e-05
16119 16.119 1.4998e-05 1.49973e-05
16120 16.12 1.49849e-05 1.50065e-05
16121 16.121 1.49879e-05 1.49987e-05
16122 16.122 1.50256e-05 1.50083e-05
16123 16.123 1.4991e-05 1.49928e-05
16124 16.124 1.50079e-05 1.50111e-05
16125 16.125 1.49972e-05 1.49764e-05
16126 16.126 1.49938e-05 1.49845e-05
16127 16.127 1.4993e-05 1.49938e-05
16128 16.128 1.49905e-05 1.4984e-05
16129 16.129 1.50011e-05 1.49971e-05
16130 16.13 1.49855e-05 1.49757e-05
16131 16.131 1.49832e-05 1.49662e-05
16132 16.132 1.50095e-05 1.50058e-05
16133 16.133 1.49842e-05 1.49887e-05
16134 16.134 1.50021e-05 1.50015e-05
16135 16.135 1.50229e-05 1.50039e-05
16136 16.136 1.49829e-05 1.49876e-05
16137 16.137 1.49887e-05 1.49866e-05
16138 16.138 1.49932e-05 1.49901e-05
16139 16.139 1.5013e-05 1.49912e-05
16140 16.14 1.49955e-05 1.49917e-05
16141 16.141 1.49941e-05 1.50059e-05
16142 16.142 1.49834e-05 1.49627e-05
16143 16.143 1.4978e-05 1.49581e-05
16144 16.144 1.50033e-05 1.49917e-05
16145 16.145 1.49843e-05 1.49808e-05
16146 16.146 1.50026e-05 1.49782e-05
16147 16.147 1.49847e-05 1.49882e-05
16148 16.148 1.50076e-05 1.49885e-05
16149 16.149 1.50039e-05 1.50138e-05
16150 16.15 1.4978e-05 1.49625e-05
16151 16.151 1.50046e-05 1.50002e-05
16152 16.152 1.49951e-05 1.49865e-05
16153 16.153 1.49933e-05 1.49782e-05
16154 16.154 1.49929e-05 1.49905e-05
16155 16.155 1.49763e-05 1.49775e-05
16156 16.156 1.49838e-05 1.49808e-05
16157 16.157 1.49967e-05 1.49894e-05
16158 16.158 1.50038e-05 1.50161e-05
16159 16.159 1.49731e-05 1.49697e-05
16160 16.16 1.4991e-05 1.4988e-05
16161 16.161 1.49853e-05 1.49943e-05
16162 16.162 1.49886e-05 1.49941e-05
16163 16.163 1.49991e-05 1.49842e-05
16164 16.164 1.49813e-05 1.49898e-05
16165 16.165 1.50049e-05 1.49999e-05
16166 16.166 1.49878e-05 1.49862e-05
16167 16.167 1.4991e-05 1.49913e-05
16168 16.168 1.49914e-05 1.49752e-05
16169 16.169 1.49915e-05 1.4984e-05
16170 16.17 1.49912e-05 1.49899e-05
16171 16.171 1.50156e-05 1.50089e-05
16172 16.172 1.49935e-05 1.49941e-05
16173 16.173 1.5006e-05 1.50009e-05
16174 16.174 1.50066e-05 1.49897e-05
16175 16.175 1.49879e-05 1.49786e-05
16176 16.176 1.50151e-05 1.49957e-05
16177 16.177 1.50188e-05 1.50319e-05
16178 16.178 1.50145e-05 1.50043e-05
16179 16.179 1.50033e-05 1.50125e-05
16180 16.18 1.50158e-05 1.49923e-05
16181 16.181 1.49927e-05 1.49847e-05
16182 16.182 1.4995e-05 1.49887e-05
16183 16.183 1.50217e-05 1.50099e-05
16184 16.184 1.50134e-05 1.50073e-05
16185 16.185 1.49901e-05 1.49796e-05
16186 16.186 1.50066e-05 1.50059e-05
16187 16.187 1.49947e-05 1.50118e-05
16188 16.188 1.49965e-05 1.50029e-05
16189 16.189 1.49949e-05 1.50259e-05
16190 16.19 1.49747e-05 1.49617e-05
16191 16.191 1.49946e-05 1.4981e-05
16192 16.192 1.49923e-05 1.49879e-05
16193 16.193 1.49869e-05 1.49793e-05
16194 16.194 1.49883e-05 1.49838e-05
16195 16.195 1.49871e-05 1.49716e-05
16196 16.196 1.49835e-05 1.49825e-05
16197 16.197 1.49729e-05 1.4981e-05
16198 16.198 1.50197e-05 1.50103e-05
16199 16.199 1.50066e-05 1.49977e-05
16200 16.2 1.49891e-05 1.50013e-05
16201 16.201 1.50063e-05 1.50281e-05
16202 16.202 1.49941e-05 1.49956e-05
16203 16.203 1.4985e-05 1.49902e-05
16204 16.204 1.50193e-05 1.50253e-05
16205 16.205 1.5001e-05 1.5015e-05
16206 16.206 1.50045e-05 1.50202e-05
16207 16.207 1.49971e-05 1.49995e-05
16208 16.208 1.49914e-05 1.49939e-05
16209 16.209 1.50038e-05 1.50143e-05
16210 16.21 1.50047e-05 1.50146e-05
16211 16.211 1.49894e-05 1.5004e-05
16212 16.212 1.49944e-05 1.49804e-05
16213 16.213 1.50051e-05 1.50094e-05
16214 16.214 1.50014e-05 1.49951e-05
16215 16.215 1.50023e-05 1.49947e-05
16216 16.216 1.50058e-05 1.4995e-05
16217 16.217 1.50043e-05 1.50084e-05
16218 16.218 1.50174e-05 1.50165e-05
16219 16.219 1.50045e-05 1.501e-05
16220 16.22 1.4987e-05 1.49742e-05
16221 16.221 1.49974e-05 1.50076e-05
16222 16.222 1.50108e-05 1.50007e-05
16223 16.223 1.50127e-05 1.50093e-05
16224 16.224 1.49966e-05 1.49906e-05
16225 16.225 1.49953e-05 1.50038e-05
16226 16.226 1.50108e-05 1.50104e-05
16227 16.227 1.50103e-05 1.50099e-05
16228 16.228 1.49843e-05 1.49828e-05
16229 16.229 1.50032e-05 1.50097e-05
16230 16.23 1.49824e-05 1.49984e-05
16231 16.231 1.50023e-05 1.50037e-05
16232 16.232 1.49909e-05 1.49962e-05
16233 16.233 1.50018e-05 1.4992e-05
16234 16.234 1.4994e-05 1.49935e-05
16235 16.235 1.49783e-05 1.49835e-05
16236 16.236 1.49923e-05 1.50057e-05
16237 16.237 1.50048e-05 1.50157e-05
16238 16.238 1.49953e-05 1.49942e-05
16239 16.239 1.50235e-05 1.50259e-05
16240 16.24 1.50007e-05 1.50278e-05
16241 16.241 1.50319e-05 1.50161e-05
16242 16.242 1.49969e-05 1.49888e-05
16243 16.243 1.50287e-05 1.50238e-05
16244 16.244 1.49995e-05 1.4981e-05
16245 16.245 1.50112e-05 1.50189e-05
16246 16.246 1.50176e-05 1.50171e-05
16247 16.247 1.50173e-05 1.50319e-05
16248 16.248 1.49854e-05 1.49947e-05
16249 16.249 1.5002e-05 1.50074e-05
16250 16.25 1.50064e-05 1.5008e-05
16251 16.251 1.50094e-05 1.49891e-05
16252 16.252 1.50125e-05 1.50053e-05
16253 16.253 1.49804e-05 1.49726e-05
16254 16.254 1.50018e-05 1.49918e-05
16255 16.255 1.49943e-05 1.49979e-05
16256 16.256 1.50263e-05 1.50021e-05
16257 16.257 1.50101e-05 1.50246e-05
16258 16.258 1.49986e-05 1.50014e-05
16259 16.259 1.50101e-05 1.49901e-05
16260 16.26 1.50156e-05 1.49969e-05
16261 16.261 1.50184e-05 1.5007e-05
16262 16.262 1.50147e-05 1.5006e-05
16263 16.263 1.50207e-05 1.50181e-05
16264 16.264 1.50036e-05 1.50103e-05
16265 16.265 1.50041e-05 1.50195e-05
16266 16.266 1.50034e-05 1.49965e-05
16267 16.267 1.5015e-05 1.50224e-05
16268 16.268 1.50238e-05 1.50337e-05
16269 16.269 1.50121e-05 1.5003e-05
16270 16.27 1.50024e-05 1.50075e-05
16271 16.271 1.50167e-05 1.50195e-05
16272 16.272 1.49897e-05 1.49954e-05
16273 16.273 1.49781e-05 1.49713e-05
16274 16.274 1.49894e-05 1.49957e-05
16275 16.275 1.49997e-05 1.50021e-05
16276 16.276 1.49771e-05 1.49944e-05
16277 16.277 1.49957e-05 1.49982e-05
16278 16.278 1.5002e-05 1.50019e-05
16279 16.279 1.49918e-05 1.49975e-05
16280 16.28 1.49958e-05 1.49916e-05
16281 16.281 1.49681e-05 1.49634e-05
16282 16.282 1.49896e-05 1.4985e-05
16283 16.283 1.50129e-05 1.50264e-05
16284 16.284 1.49939e-05 1.49923e-05
16285 16.285 1.49934e-05 1.50021e-05
16286 16.286 1.49876e-05 1.50011e-05
16287 16.287 1.50069e-05 1.50228e-05
16288 16.288 1.50078e-05 1.50184e-05
16289 16.289 1.50078e-05 1.50132e-05
16290 16.29 1.50117e-05 1.50141e-05
16291 16.291 1.49997e-05 1.50003e-05
16292 16.292 1.4998e-05 1.50091e-05
16293 16.293 1.49969e-05 1.49819e-05
16294 16.294 1.50037e-05 1.49967e-05
16295 16.295 1.50118e-05 1.50195e-05
16296 16.296 1.50098e-05 1.5024e-05
16297 16.297 1.50014e-05 1.5004e-05
16298 16.298 1.5038e-05 1.50126e-05
16299 16.299 1.50023e-05 1.49884e-05
16300 16.3 1.50128e-05 1.49996e-05
16301 16.301 1.50102e-05 1.50164e-05
16302 16.302 1.49866e-05 1.49765e-05
16303 16.303 1.50076e-05 1.4991e-05
16304 16.304 1.50013e-05 1.50036e-05
16305 16.305 1.50102e-05 1.50123e-05
16306 16.306 1.49906e-05 1.49525e-05
16307 16.307 1.499e-05 1.50051e-05
16308 16.308 1.49887e-05 1.49787e-05
16309 16.309 1.49896e-05 1.49965e-05
16310 16.31 1.50115e-05 1.50174e-05
16311 16.311 1.50056e-05 1.50126e-05
16312 16.312 1.50081e-05 1.50009e-05
16313 16.313 1.50333e-05 1.50366e-05
16314 16.314 1.50002e-05 1.49918e-05
16315 16.315 1.50071e-05 1.50065e-05
16316 16.316 1.5001e-05 1.50147e-05
16317 16.317 1.4996e-05 1.49991e-05
16318 16.318 1.50224e-05 1.50216e-05
16319 16.319 1.49915e-05 1.49921e-05
16320 16.32 1.49898e-05 1.49731e-05
16321 16.321 1.50205e-05 1.50042e-05
16322 16.322 1.49934e-05 1.49786e-05
16323 16.323 1.50125e-05 1.50232e-05
16324 16.324 1.50168e-05 1.49939e-05
16325 16.325 1.5007e-05 1.50143e-05
16326 16.326 1.49992e-05 1.50023e-05
16327 16.327 1.50246e-05 1.50186e-05
16328 16.328 1.50129e-05 1.50244e-05
16329 16.329 1.49983e-05 1.4993e-05
16330 16.33 1.50117e-05 1.50166e-05
16331 16.331 1.49767e-05 1.49706e-05
16332 16.332 1.49875e-05 1.4994e-05
16333 16.333 1.50084e-05 1.50035e-05
16334 16.334 1.50109e-05 1.50199e-05
16335 16.335 1.50059e-05 1.50093e-05
16336 16.336 1.50176e-05 1.50143e-05
16337 16.337 1.50103e-05 1.5007e-05
16338 16.338 1.50097e-05 1.50143e-05
16339 16.339 1.50016e-05 1.49997e-05
16340 16.34 1.49922e-05 1.49809e-05
16341 16.341 1.50067e-05 1.50046e-05
16342 16.342 1.50044e-05 1.50024e-05
16343 16.343 1.49971e-05 1.49913e-05
16344 16.344 1.4984e-05 1.49859e-05
16345 16.345 1.50222e-05 1.50324e-05
16346 16.346 1.4982e-05 1.50083e-05
16347 16.347 1.50164e-05 1.50189e-05
16348 16.348 1.50139e-05 1.50218e-05
16349 16.349 1.50243e-05 1.50272e-05
16350 16.35 1.50063e-05 1.49968e-05
16351 16.351 1.50017e-05 1.50261e-05
16352 16.352 1.50024e-05 1.4992e-05
16353 16.353 1.49932e-05 1.50016e-05
16354 16.354 1.49962e-05 1.50044e-05
16355 16.355 1.50127e-05 1.50167e-05
16356 16.356 1.50121e-05 1.50002e-05
16357 16.357 1.50058e-05 1.50121e-05
16358 16.358 1.49898e-05 1.49888e-05
16359 16.359 1.50018e-05 1.50031e-05
16360 16.36 1.49972e-05 1.5004e-05
16361 16.361 1.50004e-05 1.50021e-05
16362 16.362 1.49761e-05 1.49686e-05
16363 16.363 1.50052e-05 1.50036e-05
16364 16.364 1.50196e-05 1.50219e-05
16365 16.365 1.49829e-05 1.49987e-05
16366 16.366 1.49891e-05 1.49966e-05
16367 16.367 1.49991e-05 1.50052e-05
16368 16.368 1.50247e-05 1.50236e-05
16369 16.369 1.50066e-05 1.49873e-05
16370 16.37 1.49981e-05 1.49842e-05
16371 16.371 1.50014e-05 1.50028e-05
16372 16.372 1.49955e-05 1.49977e-05
16373 16.373 1.50016e-05 1.50048e-05
16374 16.374 1.50005e-05 1.50076e-05
16375 16.375 1.49891e-05 1.4985e-05
16376 16.376 1.50113e-05 1.50044e-05
16377 16.377 1.50055e-05 1.50156e-05
16378 16.378 1.49974e-05 1.50035e-05
16379 16.379 1.49926e-05 1.49803e-05
16380 16.38 1.50116e-05 1.50081e-05
16381 16.381 1.49903e-05 1.49709e-05
16382 16.382 1.50195e-05 1.50219e-05
16383 16.383 1.50006e-05 1.49728e-05
16384 16.384 1.50016e-05 1.50022e-05
16385 16.385 1.50031e-05 1.49921e-05
16386 16.386 1.50124e-05 1.50142e-05
16387 16.387 1.50109e-05 1.50136e-05
16388 16.388 1.49981e-05 1.50187e-05
16389 16.389 1.50387e-05 1.5038e-05
16390 16.39 1.50005e-05 1.49885e-05
16391 16.391 1.50113e-05 1.50097e-05
16392 16.392 1.50069e-05 1.50038e-05
16393 16.393 1.49953e-05 1.50011e-05
16394 16.394 1.50199e-05 1.50283e-05
16395 16.395 1.49945e-05 1.50053e-05
16396 16.396 1.50097e-05 1.50155e-05
16397 16.397 1.50037e-05 1.50059e-05
16398 16.398 1.50112e-05 1.50177e-05
16399 16.399 1.49995e-05 1.50044e-05
16400 16.4 1.49741e-05 1.49769e-05
16401 16.401 1.50178e-05 1.50328e-05
16402 16.402 1.49733e-05 1.49784e-05
16403 16.403 1.49985e-05 1.50015e-05
16404 16.404 1.4983e-05 1.49928e-05
16405 16.405 1.49935e-05 1.49931e-05
16406 16.406 1.50153e-05 1.50167e-05
16407 16.407 1.50013e-05 1.49977e-05
16408 16.408 1.50089e-05 1.5008e-05
16409 16.409 1.50198e-05 1.50231e-05
16410 16.41 1.50009e-05 1.49867e-05
16411 16.411 1.5011e-05 1.50173e-05
16412 16.412 1.49937e-05 1.49854e-05
16413 16.413 1.49852e-05 1.4995e-05
16414 16.414 1.50077e-05 1.50148e-05
16415 16.415 1.49867e-05 1.49969e-05
16416 16.416 1.49933e-05 1.50057e-05
16417 16.417 1.49804e-05 1.4992e-05
16418 16.418 1.4999e-05 1.50088e-05
16419 16.419 1.50101e-05 1.50049e-05
16420 16.42 1.50212e-05 1.5016e-05
16421 16.421 1.49854e-05 1.50035e-05
16422 16.422 1.50237e-05 1.50168e-05
16423 16.423 1.5e-05 1.49968e-05
16424 16.424 1.49945e-05 1.49904e-05
16425 16.425 1.50042e-05 1.50007e-05
16426 16.426 1.49768e-05 1.49918e-05
16427 16.427 1.50073e-05 1.50005e-05
16428 16.428 1.49897e-05 1.498e-05
16429 16.429 1.50032e-05 1.49938e-05
16430 16.43 1.50103e-05 1.50103e-05
16431 16.431 1.50086e-05 1.49971e-05
16432 16.432 1.5006e-05 1.5009e-05
16433 16.433 1.49928e-05 1.49765e-05
16434 16.434 1.49902e-05 1.49809e-05
16435 16.435 1.50176e-05 1.50209e-05
16436 16.436 1.49928e-05 1.49757e-05
16437 16.437 1.5016e-05 1.50199e-05
16438 16.438 1.50017e-05 1.50197e-05
16439 16.439 1.49946e-05 1.50152e-05
16440 16.44 1.49974e-05 1.49883e-05
16441 16.441 1.50078e-05 1.50138e-05
16442 16.442 1.49876e-05 1.4993e-05
16443 16.443 1.5002e-05 1.49979e-05
16444 16.444 1.50255e-05 1.5028e-05
16445 16.445 1.50086e-05 1.50195e-05
16446 16.446 1.50092e-05 1.50252e-05
16447 16.447 1.50127e-05 1.49991e-05
16448 16.448 1.49997e-05 1.50008e-05
16449 16.449 1.50015e-05 1.50053e-05
16450 16.45 1.50023e-05 1.50099e-05
16451 16.451 1.49973e-05 1.49972e-05
16452 16.452 1.50151e-05 1.50089e-05
16453 16.453 1.50042e-05 1.49916e-05
16454 16.454 1.50054e-05 1.5001e-05
16455 16.455 1.49906e-05 1.50015e-05
16456 16.456 1.50093e-05 1.50127e-05
16457 16.457 1.50219e-05 1.50114e-05
16458 16.458 1.5e-05 1.49971e-05
16459 16.459 1.50002e-05 1.50116e-05
16460 16.46 1.50164e-05 1.50105e-05
16461 16.461 1.50072e-05 1.50169e-05
16462 16.462 1.49908e-05 1.4985e-05
16463 16.463 1.5006e-05 1.49994e-05
16464 16.464 1.50241e-05 1.50215e-05
16465 16.465 1.50285e-05 1.5016e-05
16466 16.466 1.50072e-05 1.50217e-05
16467 16.467 1.49966e-05 1.49959e-05
16468 16.468 1.49987e-05 1.50089e-05
16469 16.469 1.50173e-05 1.5031e-05
16470 16.47 1.49855e-05 1.49793e-05
16471 16.471 1.4973e-05 1.49734e-05
16472 16.472 1.49809e-05 1.49803e-05
16473 16.473 1.49803e-05 1.49641e-05
16474 16.474 1.50112e-05 1.50294e-05
16475 16.475 1.49765e-05 1.49605e-05
16476 16.476 1.49699e-05 1.49824e-05
16477 16.477 1.49769e-05 1.49906e-05
16478 16.478 1.49959e-05 1.49953e-05
16479 16.479 1.49978e-05 1.50008e-05
16480 16.48 1.5004e-05 1.50208e-05
16481 16.481 1.50031e-05 1.50061e-05
16482 16.482 1.49938e-05 1.49838e-05
16483 16.483 1.50023e-05 1.50115e-05
16484 16.484 1.50118e-05 1.50141e-05
16485 16.485 1.49868e-05 1.4983e-05
16486 16.486 1.50008e-05 1.49836e-05
16487 16.487 1.4995e-05 1.49681e-05
16488 16.488 1.50163e-05 1.50254e-05
16489 16.489 1.50078e-05 1.49963e-05
16490 16.49 1.49988e-05 1.49888e-05
16491 16.491 1.50146e-05 1.50048e-05
16492 16.492 1.50066e-05 1.50045e-05
16493 16.493 1.49984e-05 1.50019e-05
16494 16.494 1.49946e-05 1.50028e-05
16495 16.495 1.50078e-05 1.50082e-05
16496 16.496 1.50154e-05 1.5011e-05
16497 16.497 1.49668e-05 1.49296e-05
16498 16.498 1.49592e-05 1.49625e-05
16499 16.499 1.50064e-05 1.5013e-05
16500 16.5 1.50192e-05 1.50122e-05
16501 16.501 1.50067e-05 1.50148e-05
16502 16.502 1.50019e-05 1.50198e-05
16503 16.503 1.50181e-05 1.50072e-05
16504 16.504 1.50045e-05 1.49936e-05
16505 16.505 1.49989e-05 1.49794e-05
16506 16.506 1.50216e-05 1.50158e-05
16507 16.507 1.50217e-05 1.50273e-05
16508 16.508 1.49973e-05 1.50064e-05
16509 16.509 1.49793e-05 1.49857e-05
16510 16.51 1.50007e-05 1.5009e-05
16511 16.511 1.50216e-05 1.50275e-05
16512 16.512 1.50012e-05 1.50161e-05
16513 16.513 1.50331e-05 1.50456e-05
16514 16.514 1.4995e-05 1.49987e-05
16515 16.515 1.50068e-05 1.501e-05
16516 16.516 1.49985e-05 1.49973e-05
16517 16.517 1.49993e-05 1.4996e-05
16518 16.518 1.5006e-05 1.50089e-05
16519 16.519 1.49998e-05 1.49984e-05
16520 16.52 1.5008e-05 1.50284e-05
16521 16.521 1.50422e-05 1.50286e-05
16522 16.522 1.49882e-05 1.49983e-05
16523 16.523 1.50145e-05 1.50611e-05
16524 16.524 1.50078e-05 1.50138e-05
16525 16.525 1.50076e-05 1.49999e-05
16526 16.526 1.50017e-05 1.50014e-05
16527 16.527 1.50202e-05 1.50225e-05
16528 16.528 1.50087e-05 1.50154e-05
16529 16.529 1.50142e-05 1.50183e-05
16530 16.53 1.49948e-05 1.49977e-05
16531 16.531 1.49945e-05 1.50076e-05
16532 16.532 1.50054e-05 1.50249e-05
16533 16.533 1.50084e-05 1.50068e-05
16534 16.534 1.50164e-05 1.502e-05
16535 16.535 1.50153e-05 1.50116e-05
16536 16.536 1.5014e-05 1.50089e-05
16537 16.537 1.50068e-05 1.50122e-05
16538 16.538 1.50062e-05 1.49963e-05
16539 16.539 1.49916e-05 1.499e-05
16540 16.54 1.50093e-05 1.50057e-05
16541 16.541 1.50125e-05 1.50113e-05
16542 16.542 1.50235e-05 1.50138e-05
16543 16.543 1.50181e-05 1.50198e-05
16544 16.544 1.49874e-05 1.49948e-05
16545 16.545 1.49881e-05 1.4995e-05
16546 16.546 1.5012e-05 1.50056e-05
16547 16.547 1.50104e-05 1.49944e-05
16548 16.548 1.50051e-05 1.49974e-05
16549 16.549 1.50076e-05 1.49956e-05
16550 16.55 1.50078e-05 1.50147e-05
16551 16.551 1.5001e-05 1.50096e-05
16552 16.552 1.49957e-05 1.50103e-05
16553 16.553 1.49979e-05 1.5003e-05
16554 16.554 1.49951e-05 1.49911e-05
16555 16.555 1.50356e-05 1.5061e-05
16556 16.556 1.50128e-05 1.50034e-05
16557 16.557 1.50259e-05 1.50253e-05
16558 16.558 1.50065e-05 1.50011e-05
16559 16.559 1.50081e-05 1.50198e-05
16560 16.56 1.50271e-05 1.50584e-05
16561 16.561 1.50049e-05 1.49949e-05
16562 16.562 1.50208e-05 1.50311e-05
16563 16.563 1.50028e-05 1.50128e-05
16564 16.564 1.5009e-05 1.50263e-05
16565 16.565 1.5038e-05 1.50447e-05
16566 16.566 1.50045e-05 1.5007e-05
16567 16.567 1.50071e-05 1.501e-05
16568 16.568 1.50256e-05 1.50229e-05
16569 16.569 1.50045e-05 1.49997e-05
16570 16.57 1.50301e-05 1.50295e-05
16571 16.571 1.49979e-05 1.49916e-05
16572 16.572 1.49938e-05 1.49692e-05
16573 16.573 1.50018e-05 1.49862e-05
16574 16.574 1.50134e-05 1.50205e-05
16575 16.575 1.50168e-05 1.50315e-05
16576 16.576 1.50041e-05 1.50116e-05
16577 16.577 1.50059e-05 1.50328e-05
16578 16.578 1.49949e-05 1.50023e-05
16579 16.579 1.49921e-05 1.49857e-05
16580 16.58 1.49902e-05 1.49811e-05
16581 16.581 1.5001e-05 1.49987e-05
16582 16.582 1.50054e-05 1.50127e-05
16583 16.583 1.50001e-05 1.49926e-05
16584 16.584 1.50007e-05 1.50138e-05
16585 16.585 1.50135e-05 1.50282e-05
16586 16.586 1.5001e-05 1.4985e-05
16587 16.587 1.50191e-05 1.50194e-05
16588 16.588 1.50172e-05 1.50131e-05
16589 16.589 1.50144e-05 1.50203e-05
16590 16.59 1.50198e-05 1.50105e-05
16591 16.591 1.49966e-05 1.50054e-05
16592 16.592 1.50246e-05 1.50258e-05
16593 16.593 1.49994e-05 1.50114e-05
16594 16.594 1.50281e-05 1.50236e-05
16595 16.595 1.50217e-05 1.50145e-05
16596 16.596 1.50112e-05 1.49909e-05
16597 16.597 1.50138e-05 1.50191e-05
16598 16.598 1.50087e-05 1.50201e-05
16599 16.599 1.49948e-05 1.49895e-05
16600 16.6 1.50125e-05 1.50085e-05
16601 16.601 1.5008e-05 1.50024e-05
16602 16.602 1.5003e-05 1.50284e-05
16603 16.603 1.50302e-05 1.50537e-05
16604 16.604 1.50158e-05 1.50393e-05
16605 16.605 1.5002e-05 1.50121e-05
16606 16.606 1.50041e-05 1.49963e-05
16607 16.607 1.49882e-05 1.4996e-05
16608 16.608 1.49937e-05 1.50081e-05
16609 16.609 1.50037e-05 1.50112e-05
16610 16.61 1.50028e-05 1.49935e-05
16611 16.611 1.50098e-05 1.4998e-05
16612 16.612 1.50017e-05 1.50118e-05
16613 16.613 1.5014e-05 1.50215e-05
16614 16.614 1.50006e-05 1.49939e-05
16615 16.615 1.5019e-05 1.50267e-05
16616 16.616 1.501e-05 1.50274e-05
16617 16.617 1.4986e-05 1.49979e-05
16618 16.618 1.50084e-05 1.50116e-05
16619 16.619 1.49877e-05 1.4989e-05
16620 16.62 1.50139e-05 1.50109e-05
16621 16.621 1.50014e-05 1.50109e-05
16622 16.622 1.49911e-05 1.50056e-05
16623 16.623 1.50135e-05 1.50064e-05
16624 16.624 1.50008e-05 1.49986e-05
16625 16.625 1.50107e-05 1.50114e-05
16626 16.626 1.50038e-05 1.50099e-05
16627 16.627 1.50223e-05 1.50064e-05
16628 16.628 1.50241e-05 1.50209e-05
16629 16.629 1.50064e-05 1.49986e-05
16630 16.63 1.50165e-05 1.50221e-05
16631 16.631 1.50012e-05 1.50133e-05
16632 16.632 1.50062e-05 1.50094e-05
16633 16.633 1.5021e-05 1.50107e-05
16634 16.634 1.5018e-05 1.50203e-05
16635 16.635 1.50211e-05 1.50109e-05
16636 16.636 1.49968e-05 1.50001e-05
16637 16.637 1.50025e-05 1.50006e-05
16638 16.638 1.50024e-05 1.49747e-05
16639 16.639 1.49978e-05 1.49945e-05
16640 16.64 1.5001e-05 1.49936e-05
16641 16.641 1.49891e-05 1.49866e-05
16642 16.642 1.50286e-05 1.50172e-05
16643 16.643 1.49903e-05 1.4983e-05
16644 16.644 1.50133e-05 1.5018e-05
16645 16.645 1.49798e-05 1.49673e-05
16646 16.646 1.50178e-05 1.49966e-05
16647 16.647 1.50142e-05 1.50035e-05
16648 16.648 1.49973e-05 1.49968e-05
16649 16.649 1.50068e-05 1.50142e-05
16650 16.65 1.50126e-05 1.50012e-05
16651 16.651 1.50102e-05 1.50045e-05
16652 16.652 1.50198e-05 1.50249e-05
16653 16.653 1.50009e-05 1.49942e-05
16654 16.654 1.50075e-05 1.49965e-05
16655 16.655 1.50029e-05 1.49945e-05
16656 16.656 1.49872e-05 1.49906e-05
16657 16.657 1.50124e-05 1.50108e-05
16658 16.658 1.50149e-05 1.50002e-05
16659 16.659 1.50075e-05 1.50006e-05
16660 16.66 1.49814e-05 1.49902e-05
16661 16.661 1.5022e-05 1.50141e-05
16662 16.662 1.50256e-05 1.50294e-05
16663 16.663 1.50154e-05 1.5024e-05
16664 16.664 1.49929e-05 1.49845e-05
16665 16.665 1.50257e-05 1.50247e-05
16666 16.666 1.50063e-05 1.49899e-05
16667 16.667 1.50045e-05 1.50123e-05
16668 16.668 1.50138e-05 1.50081e-05
16669 16.669 1.50292e-05 1.5018e-05
16670 16.67 1.49898e-05 1.49833e-05
16671 16.671 1.49896e-05 1.49929e-05
16672 16.672 1.49793e-05 1.49606e-05
16673 16.673 1.49937e-05 1.501e-05
16674 16.674 1.49998e-05 1.4992e-05
16675 16.675 1.50191e-05 1.50205e-05
16676 16.676 1.49996e-05 1.49712e-05
16677 16.677 1.50091e-05 1.50049e-05
16678 16.678 1.50003e-05 1.49924e-05
16679 16.679 1.5018e-05 1.50152e-05
16680 16.68 1.50041e-05 1.50084e-05
16681 16.681 1.49948e-05 1.49988e-05
16682 16.682 1.50264e-05 1.5037e-05
16683 16.683 1.5005e-05 1.50048e-05
16684 16.684 1.49996e-05 1.50141e-05
16685 16.685 1.50204e-05 1.50109e-05
16686 16.686 1.50134e-05 1.4995e-05
16687 16.687 1.50138e-05 1.49891e-05
16688 16.688 1.50105e-05 1.50151e-05
16689 16.689 1.49979e-05 1.49932e-05
16690 16.69 1.49892e-05 1.49921e-05
16691 16.691 1.4999e-05 1.50064e-05
16692 16.692 1.49913e-05 1.4976e-05
16693 16.693 1.50022e-05 1.50164e-05
16694 16.694 1.4995e-05 1.49979e-05
16695 16.695 1.50111e-05 1.50387e-05
16696 16.696 1.50183e-05 1.50174e-05
16697 16.697 1.50111e-05 1.5017e-05
16698 16.698 1.50172e-05 1.50147e-05
16699 16.699 1.50103e-05 1.49994e-05
16700 16.7 1.49963e-05 1.5e-05
16701 16.701 1.5018e-05 1.50221e-05
16702 16.702 1.50035e-05 1.5006e-05
16703 16.703 1.49937e-05 1.49956e-05
16704 16.704 1.49868e-05 1.49892e-05
16705 16.705 1.50308e-05 1.50118e-05
16706 16.706 1.50205e-05 1.50172e-05
16707 16.707 1.49912e-05 1.50075e-05
16708 16.708 1.49771e-05 1.49784e-05
16709 16.709 1.50183e-05 1.50231e-05
16710 16.71 1.50133e-05 1.50161e-05
16711 16.711 1.5004e-05 1.49825e-05
16712 16.712 1.50064e-05 1.5011e-05
16713 16.713 1.49993e-05 1.5004e-05
16714 16.714 1.50193e-05 1.50208e-05
16715 16.715 1.50307e-05 1.50245e-05
16716 16.716 1.5005e-05 1.50114e-05
16717 16.717 1.499e-05 1.49896e-05
16718 16.718 1.5012e-05 1.50217e-05
16719 16.719 1.49901e-05 1.49806e-05
16720 16.72 1.49848e-05 1.49711e-05
16721 16.721 1.50095e-05 1.50089e-05
16722 16.722 1.49854e-05 1.49883e-05
16723 16.723 1.50275e-05 1.50217e-05
16724 16.724 1.50338e-05 1.50433e-05
16725 16.725 1.50149e-05 1.5008e-05
16726 16.726 1.50215e-05 1.50272e-05
16727 16.727 1.50105e-05 1.50029e-05
16728 16.728 1.50138e-05 1.50233e-05
16729 16.729 1.49993e-05 1.50109e-05
16730 16.73 1.49962e-05 1.50003e-05
16731 16.731 1.50012e-05 1.4998e-05
16732 16.732 1.50186e-05 1.50157e-05
16733 16.733 1.50103e-05 1.50002e-05
16734 16.734 1.4998e-05 1.50122e-05
16735 16.735 1.50159e-05 1.50039e-05
16736 16.736 1.50155e-05 1.50027e-05
16737 16.737 1.50142e-05 1.49983e-05
16738 16.738 1.4992e-05 1.49712e-05
16739 16.739 1.50064e-05 1.50023e-05
16740 16.74 1.50015e-05 1.49921e-05
16741 16.741 1.50124e-05 1.49983e-05
16742 16.742 1.50069e-05 1.49982e-05
16743 16.743 1.50175e-05 1.49796e-05
16744 16.744 1.50164e-05 1.49928e-05
16745 16.745 1.50015e-05 1.49982e-05
16746 16.746 1.49953e-05 1.49854e-05
16747 16.747 1.49936e-05 1.49963e-05
16748 16.748 1.50043e-05 1.50163e-05
16749 16.749 1.50103e-05 1.50077e-05
16750 16.75 1.50056e-05 1.49972e-05
16751 16.751 1.50129e-05 1.50016e-05
16752 16.752 1.50191e-05 1.50328e-05
16753 16.753 1.49934e-05 1.49906e-05
16754 16.754 1.50007e-05 1.49935e-05
16755 16.755 1.50155e-05 1.50072e-05
16756 16.756 1.50268e-05 1.5009e-05
16757 16.757 1.49851e-05 1.49729e-05
16758 16.758 1.50111e-05 1.49948e-05
16759 16.759 1.49969e-05 1.49919e-05
16760 16.76 1.50114e-05 1.50186e-05
16761 16.761 1.5007e-05 1.49931e-05
16762 16.762 1.5027e-05 1.50183e-05
16763 16.763 1.50067e-05 1.50284e-05
16764 16.764 1.50004e-05 1.50067e-05
16765 16.765 1.50139e-05 1.50209e-05
16766 16.766 1.49813e-05 1.499e-05
16767 16.767 1.49997e-05 1.49955e-05
16768 16.768 1.50029e-05 1.50021e-05
16769 16.769 1.50133e-05 1.50178e-05
16770 16.77 1.50262e-05 1.50317e-05
16771 16.771 1.50128e-05 1.50219e-05
16772 16.772 1.50124e-05 1.5005e-05
16773 16.773 1.50039e-05 1.49963e-05
16774 16.774 1.50271e-05 1.50254e-05
16775 16.775 1.50096e-05 1.50091e-05
16776 16.776 1.50064e-05 1.50271e-05
16777 16.777 1.50214e-05 1.5019e-05
16778 16.778 1.50237e-05 1.50047e-05
16779 16.779 1.50237e-05 1.5031e-05
16780 16.78 1.50058e-05 1.50149e-05
16781 16.781 1.49886e-05 1.4989e-05
16782 16.782 1.50057e-05 1.50032e-05
16783 16.783 1.49995e-05 1.4999e-05
16784 16.784 1.50081e-05 1.50224e-05
16785 16.785 1.50147e-05 1.50156e-05
16786 16.786 1.50093e-05 1.50064e-05
16787 16.787 1.50142e-05 1.50083e-05
16788 16.788 1.50007e-05 1.50063e-05
16789 16.789 1.50336e-05 1.50166e-05
16790 16.79 1.50114e-05 1.50036e-05
16791 16.791 1.50223e-05 1.50331e-05
16792 16.792 1.50233e-05 1.50035e-05
16793 16.793 1.50122e-05 1.50229e-05
16794 16.794 1.50183e-05 1.50083e-05
16795 16.795 1.50152e-05 1.50164e-05
16796 16.796 1.49895e-05 1.49879e-05
16797 16.797 1.50115e-05 1.50018e-05
16798 16.798 1.49928e-05 1.49958e-05
16799 16.799 1.50129e-05 1.50147e-05
16800 16.8 1.50132e-05 1.50019e-05
16801 16.801 1.49899e-05 1.50065e-05
16802 16.802 1.50131e-05 1.50199e-05
16803 16.803 1.50277e-05 1.50141e-05
16804 16.804 1.50111e-05 1.50154e-05
16805 16.805 1.50109e-05 1.49948e-05
16806 16.806 1.50074e-05 1.50034e-05
16807 16.807 1.50091e-05 1.49848e-05
16808 16.808 1.5016e-05 1.50151e-05
16809 16.809 1.50183e-05 1.50344e-05
16810 16.81 1.49946e-05 1.49999e-05
16811 16.811 1.50091e-05 1.49974e-05
16812 16.812 1.49875e-05 1.49842e-05
16813 16.813 1.50092e-05 1.50021e-05
16814 16.814 1.50215e-05 1.50107e-05
16815 16.815 1.50234e-05 1.50253e-05
16816 16.816 1.50049e-05 1.50186e-05
16817 16.817 1.5016e-05 1.50141e-05
16818 16.818 1.5004e-05 1.50142e-05
16819 16.819 1.50012e-05 1.5017e-05
16820 16.82 1.50277e-05 1.503e-05
16821 16.821 1.50159e-05 1.50343e-05
16822 16.822 1.4993e-05 1.49798e-05
16823 16.823 1.49954e-05 1.50011e-05
16824 16.824 1.4984e-05 1.49693e-05
16825 16.825 1.49989e-05 1.49831e-05
16826 16.826 1.50107e-05 1.50079e-05
16827 16.827 1.49858e-05 1.49827e-05
16828 16.828 1.49932e-05 1.49918e-05
16829 16.829 1.50149e-05 1.50308e-05
16830 16.83 1.50145e-05 1.50274e-05
16831 16.831 1.50033e-05 1.5007e-05
16832 16.832 1.50182e-05 1.50335e-05
16833 16.833 1.50054e-05 1.50161e-05
16834 16.834 1.49935e-05 1.49889e-05
16835 16.835 1.49983e-05 1.4985e-05
16836 16.836 1.50119e-05 1.50032e-05
16837 16.837 1.50041e-05 1.50169e-05
16838 16.838 1.50071e-05 1.49986e-05
16839 16.839 1.50044e-05 1.50065e-05
16840 16.84 1.49992e-05 1.50007e-05
16841 16.841 1.50127e-05 1.50235e-05
16842 16.842 1.50108e-05 1.49929e-05
16843 16.843 1.50261e-05 1.50302e-05
16844 16.844 1.49965e-05 1.49932e-05
16845 16.845 1.50055e-05 1.4991e-05
16846 16.846 1.50105e-05 1.50208e-05
16847 16.847 1.50107e-05 1.50004e-05
16848 16.848 1.50229e-05 1.50338e-05
16849 16.849 1.50214e-05 1.50219e-05
16850 16.85 1.50313e-05 1.50129e-05
16851 16.851 1.50166e-05 1.50271e-05
16852 16.852 1.50021e-05 1.50197e-05
16853 16.853 1.5027e-05 1.5025e-05
16854 16.854 1.50269e-05 1.50304e-05
16855 16.855 1.50108e-05 1.5003e-05
16856 16.856 1.50163e-05 1.50306e-05
16857 16.857 1.50203e-05 1.49958e-05
16858 16.858 1.50224e-05 1.50146e-05
16859 16.859 1.50062e-05 1.50054e-05
16860 16.86 1.50075e-05 1.50052e-05
16861 16.861 1.5033e-05 1.5035e-05
16862 16.862 1.5003e-05 1.49944e-05
16863 16.863 1.50294e-05 1.5039e-05
16864 16.864 1.49952e-05 1.50024e-05
16865 16.865 1.50076e-05 1.50012e-05
16866 16.866 1.50166e-05 1.50097e-05
16867 16.867 1.50254e-05 1.5028e-05
16868 16.868 1.50245e-05 1.50071e-05
16869 16.869 1.50283e-05 1.5026e-05
16870 16.87 1.50258e-05 1.5022e-05
16871 16.871 1.50188e-05 1.5007e-05
16872 16.872 1.50297e-05 1.50161e-05
16873 16.873 1.50279e-05 1.50222e-05
16874 16.874 1.50092e-05 1.50191e-05
16875 16.875 1.50053e-05 1.49912e-05
16876 16.876 1.501e-05 1.50171e-05
16877 16.877 1.49875e-05 1.49926e-05
16878 16.878 1.5017e-05 1.50188e-05
16879 16.879 1.50063e-05 1.50061e-05
16880 16.88 1.50134e-05 1.50043e-05
16881 16.881 1.50065e-05 1.50092e-05
16882 16.882 1.50034e-05 1.49894e-05
16883 16.883 1.50096e-05 1.50099e-05
16884 16.884 1.50019e-05 1.5005e-05
16885 16.885 1.50157e-05 1.50393e-05
16886 16.886 1.50056e-05 1.49915e-05
16887 16.887 1.50053e-05 1.49928e-05
16888 16.888 1.49908e-05 1.49759e-05
16889 16.889 1.50253e-05 1.4993e-05
16890 16.89 1.50016e-05 1.49856e-05
16891 16.891 1.50223e-05 1.50191e-05
16892 16.892 1.49854e-05 1.50144e-05
16893 16.893 1.50007e-05 1.49785e-05
16894 16.894 1.50023e-05 1.50072e-05
16895 16.895 1.50135e-05 1.50147e-05
16896 16.896 1.49762e-05 1.49682e-05
16897 16.897 1.49979e-05 1.49988e-05
16898 16.898 1.50177e-05 1.50305e-05
16899 16.899 1.50094e-05 1.50179e-05
16900 16.9 1.50192e-05 1.50157e-05
16901 16.901 1.50051e-05 1.50043e-05
16902 16.902 1.5e-05 1.49971e-05
16903 16.903 1.50066e-05 1.50012e-05
16904 16.904 1.50158e-05 1.50051e-05
16905 16.905 1.50142e-05 1.50207e-05
16906 16.906 1.49949e-05 1.49902e-05
16907 16.907 1.50203e-05 1.50119e-05
16908 16.908 1.50044e-05 1.5002e-05
16909 16.909 1.49858e-05 1.49972e-05
16910 16.91 1.50215e-05 1.50359e-05
16911 16.911 1.50156e-05 1.50254e-05
16912 16.912 1.50151e-05 1.50044e-05
16913 16.913 1.50241e-05 1.50173e-05
16914 16.914 1.50111e-05 1.50189e-05
16915 16.915 1.50329e-05 1.50306e-05
16916 16.916 1.5024e-05 1.502e-05
16917 16.917 1.49965e-05 1.50031e-05
16918 16.918 1.49993e-05 1.49996e-05
16919 16.919 1.50115e-05 1.50159e-05
16920 16.92 1.50207e-05 1.50169e-05
16921 16.921 1.49929e-05 1.49836e-05
16922 16.922 1.50142e-05 1.50176e-05
16923 16.923 1.50044e-05 1.50127e-05
16924 16.924 1.50013e-05 1.49952e-05
16925 16.925 1.50161e-05 1.50243e-05
16926 16.926 1.50112e-05 1.50116e-05
16927 16.927 1.50051e-05 1.50135e-05
16928 16.928 1.50188e-05 1.50195e-05
16929 16.929 1.50271e-05 1.50361e-05
16930 16.93 1.50134e-05 1.50255e-05
16931 16.931 1.49943e-05 1.49861e-05
16932 16.932 1.50353e-05 1.50412e-05
16933 16.933 1.50024e-05 1.50014e-05
16934 16.934 1.50199e-05 1.50045e-05
16935 16.935 1.5018e-05 1.50192e-05
16936 16.936 1.50016e-05 1.5007e-05
16937 16.937 1.5014e-05 1.50154e-05
16938 16.938 1.50261e-05 1.50167e-05
16939 16.939 1.50024e-05 1.49881e-05
16940 16.94 1.50171e-05 1.50062e-05
16941 16.941 1.50113e-05 1.50101e-05
16942 16.942 1.50001e-05 1.49924e-05
16943 16.943 1.49901e-05 1.49921e-05
16944 16.944 1.49898e-05 1.4968e-05
16945 16.945 1.50028e-05 1.4981e-05
16946 16.946 1.49871e-05 1.49887e-05
16947 16.947 1.50089e-05 1.50082e-05
16948 16.948 1.50147e-05 1.50087e-05
16949 16.949 1.49948e-05 1.49726e-05
16950 16.95 1.50016e-05 1.5004e-05
16951 16.951 1.50058e-05 1.49946e-05
16952 16.952 1.49963e-05 1.49972e-05
16953 16.953 1.4977e-05 1.49846e-05
16954 16.954 1.50152e-05 1.50165e-05
16955 16.955 1.50007e-05 1.50052e-05
16956 16.956 1.49935e-05 1.4983e-05
16957 16.957 1.50201e-05 1.502e-05
16958 16.958 1.50034e-05 1.50045e-05
16959 16.959 1.49928e-05 1.49676e-05
16960 16.96 1.50123e-05 1.49986e-05
16961 16.961 1.49912e-05 1.49937e-05
16962 16.962 1.49898e-05 1.49789e-05
16963 16.963 1.49962e-05 1.49849e-05
16964 16.964 1.49954e-05 1.50006e-05
16965 16.965 1.49896e-05 1.49962e-05
16966 16.966 1.49862e-05 1.49725e-05
16967 16.967 1.49791e-05 1.49678e-05
16968 16.968 1.49974e-05 1.49874e-05
16969 16.969 1.50032e-05 1.49761e-05
16970 16.97 1.49998e-05 1.50058e-05
16971 16.971 1.50102e-05 1.50062e-05
16972 16.972 1.50075e-05 1.50045e-05
16973 16.973 1.4984e-05 1.49878e-05
16974 16.974 1.49964e-05 1.49946e-05
16975 16.975 1.50234e-05 1.5025e-05
16976 16.976 1.50174e-05 1.49964e-05
16977 16.977 1.49846e-05 1.49805e-05
16978 16.978 1.49854e-05 1.49702e-05
16979 16.979 1.49975e-05 1.49856e-05
16980 16.98 1.50067e-05 1.50151e-05
16981 16.981 1.4976e-05 1.49659e-05
16982 16.982 1.49849e-05 1.49812e-05
16983 16.983 1.4983e-05 1.49743e-05
16984 16.984 1.49936e-05 1.49742e-05
16985 16.985 1.49968e-05 1.49916e-05
16986 16.986 1.50006e-05 1.5002e-05
16987 16.987 1.49983e-05 1.49926e-05
16988 16.988 1.49797e-05 1.49608e-05
16989 16.989 1.50022e-05 1.49955e-05
16990 16.99 1.49977e-05 1.50003e-05
16991 16.991 1.49903e-05 1.49963e-05
16992 16.992 1.49976e-05 1.49836e-05
16993 16.993 1.50189e-05 1.50258e-05
16994 16.994 1.49921e-05 1.49897e-05
16995 16.995 1.49945e-05 1.50132e-05
16996 16.996 1.49763e-05 1.49749e-05
16997 16.997 1.49785e-05 1.49836e-05
16998 16.998 1.49771e-05 1.49754e-05
16999 16.999 1.4969e-05 1.49631e-05
17000 17 1.50032e-05 1.50079e-05
17001 17.001 1.49834e-05 1.49692e-05
17002 17.002 1.49848e-05 1.49669e-05
17003 17.003 1.50206e-05 1.50201e-05
17004 17.004 1.50117e-05 1.50176e-05
17005 17.005 1.50083e-05 1.49953e-05
17006 17.006 1.50074e-05 1.49909e-05
17007 17.007 1.49952e-05 1.49926e-05
17008 17.008 1.49853e-05 1.49805e-05
17009 17.009 1.50054e-05 1.4991e-05
17010 17.01 1.50015e-05 1.49714e-05
17011 17.011 1.49676e-05 1.49668e-05
17012 17.012 1.49775e-05 1.49825e-05
17013 17.013 1.50011e-05 1.50156e-05
17014 17.014 1.49901e-05 1.50025e-05
17015 17.015 1.5009e-05 1.50108e-05
17016 17.016 1.49948e-05 1.50078e-05
17017 17.017 1.49834e-05 1.49903e-05
17018 17.018 1.50068e-05 1.49868e-05
17019 17.019 1.50024e-05 1.50071e-05
17020 17.02 1.4975e-05 1.49737e-05
17021 17.021 1.50245e-05 1.50298e-05
17022 17.022 1.50083e-05 1.4997e-05
17023 17.023 1.50056e-05 1.49998e-05
17024 17.024 1.50068e-05 1.49818e-05
17025 17.025 1.5004e-05 1.50103e-05
17026 17.026 1.50154e-05 1.50242e-05
17027 17.027 1.50003e-05 1.49944e-05
17028 17.028 1.4988e-05 1.49905e-05
17029 17.029 1.50012e-05 1.49989e-05
17030 17.03 1.49999e-05 1.49989e-05
17031 17.031 1.49934e-05 1.50107e-05
17032 17.032 1.49795e-05 1.49771e-05
17033 17.033 1.49894e-05 1.4983e-05
17034 17.034 1.49919e-05 1.49996e-05
17035 17.035 1.50116e-05 1.50142e-05
17036 17.036 1.49951e-05 1.49838e-05
17037 17.037 1.49983e-05 1.50038e-05
17038 17.038 1.50018e-05 1.49925e-05
17039 17.039 1.50056e-05 1.49989e-05
17040 17.04 1.50087e-05 1.49882e-05
17041 17.041 1.49862e-05 1.49926e-05
17042 17.042 1.49773e-05 1.49821e-05
17043 17.043 1.5006e-05 1.50117e-05
17044 17.044 1.50088e-05 1.50104e-05
17045 17.045 1.50006e-05 1.49701e-05
17046 17.046 1.50006e-05 1.49859e-05
17047 17.047 1.49997e-05 1.4987e-05
17048 17.048 1.49846e-05 1.49856e-05
17049 17.049 1.49945e-05 1.50056e-05
17050 17.05 1.50029e-05 1.50133e-05
17051 17.051 1.50139e-05 1.50112e-05
17052 17.052 1.50026e-05 1.49995e-05
17053 17.053 1.50039e-05 1.4983e-05
17054 17.054 1.49861e-05 1.49821e-05
17055 17.055 1.49977e-05 1.49973e-05
17056 17.056 1.50074e-05 1.50098e-05
17057 17.057 1.50082e-05 1.49991e-05
17058 17.058 1.49969e-05 1.49846e-05
17059 17.059 1.50168e-05 1.50169e-05
17060 17.06 1.50168e-05 1.50081e-05
17061 17.061 1.50016e-05 1.50081e-05
17062 17.062 1.50195e-05 1.50276e-05
17063 17.063 1.50062e-05 1.49878e-05
17064 17.064 1.5007e-05 1.50216e-05
17065 17.065 1.50184e-05 1.50134e-05
17066 17.066 1.5003e-05 1.50066e-05
17067 17.067 1.50011e-05 1.49986e-05
17068 17.068 1.5007e-05 1.49973e-05
17069 17.069 1.49866e-05 1.4985e-05
17070 17.07 1.49922e-05 1.49815e-05
17071 17.071 1.49974e-05 1.49962e-05
17072 17.072 1.50111e-05 1.50096e-05
17073 17.073 1.50153e-05 1.50038e-05
17074 17.074 1.50025e-05 1.50033e-05
17075 17.075 1.50063e-05 1.49955e-05
17076 17.076 1.49805e-05 1.49739e-05
17077 17.077 1.49733e-05 1.49665e-05
17078 17.078 1.50184e-05 1.50158e-05
17079 17.079 1.49981e-05 1.4984e-05
17080 17.08 1.49972e-05 1.49957e-05
17081 17.081 1.50112e-05 1.50135e-05
17082 17.082 1.50386e-05 1.50323e-05
17083 17.083 1.50177e-05 1.50162e-05
17084 17.084 1.49964e-05 1.49827e-05
17085 17.085 1.50064e-05 1.50028e-05
17086 17.086 1.49998e-05 1.50256e-05
17087 17.087 1.50156e-05 1.50193e-05
17088 17.088 1.50004e-05 1.49785e-05
17089 17.089 1.49986e-05 1.49874e-05
17090 17.09 1.49899e-05 1.49754e-05
17091 17.091 1.49959e-05 1.49981e-05
17092 17.092 1.50041e-05 1.50098e-05
17093 17.093 1.49729e-05 1.4979e-05
17094 17.094 1.49981e-05 1.50036e-05
17095 17.095 1.50005e-05 1.49858e-05
17096 17.096 1.49918e-05 1.50095e-05
17097 17.097 1.50056e-05 1.50025e-05
17098 17.098 1.49889e-05 1.49823e-05
17099 17.099 1.50304e-05 1.50366e-05
17100 17.1 1.50078e-05 1.49999e-05
17101 17.101 1.50018e-05 1.50059e-05
17102 17.102 1.4995e-05 1.49885e-05
17103 17.103 1.49859e-05 1.49726e-05
17104 17.104 1.49859e-05 1.49914e-05
17105 17.105 1.49899e-05 1.49809e-05
17106 17.106 1.50037e-05 1.49817e-05
17107 17.107 1.4989e-05 1.49974e-05
17108 17.108 1.49925e-05 1.4993e-05
17109 17.109 1.4989e-05 1.50056e-05
17110 17.11 1.49975e-05 1.5009e-05
17111 17.111 1.50294e-05 1.50157e-05
17112 17.112 1.50094e-05 1.50027e-05
17113 17.113 1.50296e-05 1.50286e-05
17114 17.114 1.49942e-05 1.49918e-05
17115 17.115 1.49729e-05 1.49662e-05
17116 17.116 1.50138e-05 1.50203e-05
17117 17.117 1.50145e-05 1.50119e-05
17118 17.118 1.50176e-05 1.50197e-05
17119 17.119 1.50132e-05 1.50189e-05
17120 17.12 1.50201e-05 1.50129e-05
17121 17.121 1.49991e-05 1.49991e-05
17122 17.122 1.49946e-05 1.49987e-05
17123 17.123 1.5005e-05 1.50063e-05
17124 17.124 1.50092e-05 1.50032e-05
17125 17.125 1.50133e-05 1.50084e-05
17126 17.126 1.50071e-05 1.50111e-05
17127 17.127 1.50071e-05 1.50075e-05
17128 17.128 1.50093e-05 1.50051e-05
17129 17.129 1.50097e-05 1.49906e-05
17130 17.13 1.5012e-05 1.4996e-05
17131 17.131 1.50182e-05 1.50048e-05
17132 17.132 1.5013e-05 1.50198e-05
17133 17.133 1.50135e-05 1.5014e-05
17134 17.134 1.50316e-05 1.50428e-05
17135 17.135 1.50257e-05 1.50182e-05
17136 17.136 1.49973e-05 1.49988e-05
17137 17.137 1.50187e-05 1.50209e-05
17138 17.138 1.50041e-05 1.4998e-05
17139 17.139 1.50115e-05 1.50194e-05
17140 17.14 1.49984e-05 1.49781e-05
17141 17.141 1.50014e-05 1.49934e-05
17142 17.142 1.50088e-05 1.50107e-05
17143 17.143 1.50018e-05 1.50084e-05
17144 17.144 1.49979e-05 1.49893e-05
17145 17.145 1.4987e-05 1.49626e-05
17146 17.146 1.50064e-05 1.50096e-05
17147 17.147 1.49891e-05 1.49823e-05
17148 17.148 1.49962e-05 1.49927e-05
17149 17.149 1.50153e-05 1.49843e-05
17150 17.15 1.50153e-05 1.50041e-05
17151 17.151 1.50325e-05 1.50251e-05
17152 17.152 1.49828e-05 1.49804e-05
17153 17.153 1.49903e-05 1.49767e-05
17154 17.154 1.50041e-05 1.49995e-05
17155 17.155 1.50057e-05 1.50156e-05
17156 17.156 1.50106e-05 1.50154e-05
17157 17.157 1.50214e-05 1.5028e-05
17158 17.158 1.50056e-05 1.50069e-05
17159 17.159 1.50045e-05 1.49987e-05
17160 17.16 1.49998e-05 1.50018e-05
17161 17.161 1.50203e-05 1.50334e-05
17162 17.162 1.50072e-05 1.50022e-05
17163 17.163 1.49972e-05 1.49724e-05
17164 17.164 1.50114e-05 1.50165e-05
17165 17.165 1.49924e-05 1.49875e-05
17166 17.166 1.49943e-05 1.50089e-05
17167 17.167 1.49901e-05 1.49982e-05
17168 17.168 1.5013e-05 1.49889e-05
17169 17.169 1.50249e-05 1.50171e-05
17170 17.17 1.50155e-05 1.50054e-05
17171 17.171 1.50133e-05 1.50038e-05
17172 17.172 1.4994e-05 1.4968e-05
17173 17.173 1.50056e-05 1.50236e-05
17174 17.174 1.50008e-05 1.49962e-05
17175 17.175 1.49843e-05 1.49706e-05
17176 17.176 1.50057e-05 1.50012e-05
17177 17.177 1.49994e-05 1.5004e-05
17178 17.178 1.49943e-05 1.49853e-05
17179 17.179 1.5016e-05 1.50248e-05
17180 17.18 1.50178e-05 1.50094e-05
17181 17.181 1.50063e-05 1.50069e-05
17182 17.182 1.50182e-05 1.50016e-05
17183 17.183 1.50001e-05 1.4984e-05
17184 17.184 1.50241e-05 1.50098e-05
17185 17.185 1.5022e-05 1.50183e-05
17186 17.186 1.50106e-05 1.50098e-05
17187 17.187 1.50218e-05 1.50099e-05
17188 17.188 1.50144e-05 1.50088e-05
17189 17.189 1.50187e-05 1.5003e-05
17190 17.19 1.50147e-05 1.50227e-05
17191 17.191 1.50199e-05 1.50341e-05
17192 17.192 1.50348e-05 1.50472e-05
17193 17.193 1.50057e-05 1.50015e-05
17194 17.194 1.49926e-05 1.49879e-05
17195 17.195 1.50005e-05 1.50064e-05
17196 17.196 1.49792e-05 1.49719e-05
17197 17.197 1.49893e-05 1.49881e-05
17198 17.198 1.50061e-05 1.50019e-05
17199 17.199 1.50191e-05 1.50178e-05
17200 17.2 1.50249e-05 1.50264e-05
17201 17.201 1.50011e-05 1.50088e-05
17202 17.202 1.5014e-05 1.49964e-05
17203 17.203 1.49895e-05 1.49844e-05
17204 17.204 1.4976e-05 1.49714e-05
17205 17.205 1.50089e-05 1.50034e-05
17206 17.206 1.50058e-05 1.49978e-05
17207 17.207 1.50069e-05 1.49996e-05
17208 17.208 1.5012e-05 1.50086e-05
17209 17.209 1.50074e-05 1.49871e-05
17210 17.21 1.50131e-05 1.50122e-05
17211 17.211 1.49947e-05 1.50025e-05
17212 17.212 1.50225e-05 1.50266e-05
17213 17.213 1.5003e-05 1.49895e-05
17214 17.214 1.50074e-05 1.50288e-05
17215 17.215 1.50015e-05 1.501e-05
17216 17.216 1.50225e-05 1.50348e-05
17217 17.217 1.50091e-05 1.50183e-05
17218 17.218 1.49939e-05 1.49918e-05
17219 17.219 1.49988e-05 1.49962e-05
17220 17.22 1.49988e-05 1.50015e-05
17221 17.221 1.50212e-05 1.49995e-05
17222 17.222 1.4995e-05 1.49842e-05
17223 17.223 1.49865e-05 1.49884e-05
17224 17.224 1.49868e-05 1.49747e-05
17225 17.225 1.50177e-05 1.5034e-05
17226 17.226 1.50005e-05 1.49974e-05
17227 17.227 1.49962e-05 1.49961e-05
17228 17.228 1.50155e-05 1.50237e-05
17229 17.229 1.50055e-05 1.50108e-05
17230 17.23 1.50182e-05 1.50217e-05
17231 17.231 1.50113e-05 1.50064e-05
17232 17.232 1.50014e-05 1.49969e-05
17233 17.233 1.50047e-05 1.50054e-05
17234 17.234 1.49964e-05 1.4997e-05
17235 17.235 1.49958e-05 1.49775e-05
17236 17.236 1.49978e-05 1.49905e-05
17237 17.237 1.49935e-05 1.49922e-05
17238 17.238 1.5002e-05 1.50094e-05
17239 17.239 1.50008e-05 1.50136e-05
17240 17.24 1.50155e-05 1.50087e-05
17241 17.241 1.49969e-05 1.50003e-05
17242 17.242 1.49933e-05 1.50132e-05
17243 17.243 1.50191e-05 1.50298e-05
17244 17.244 1.50149e-05 1.50422e-05
17245 17.245 1.50054e-05 1.50169e-05
17246 17.246 1.50032e-05 1.50175e-05
17247 17.247 1.50063e-05 1.50093e-05
17248 17.248 1.50302e-05 1.50352e-05
17249 17.249 1.5002e-05 1.49982e-05
17250 17.25 1.50002e-05 1.50041e-05
17251 17.251 1.49936e-05 1.50005e-05
17252 17.252 1.49972e-05 1.49862e-05
17253 17.253 1.5013e-05 1.50123e-05
17254 17.254 1.50058e-05 1.50003e-05
17255 17.255 1.50138e-05 1.50091e-05
17256 17.256 1.49948e-05 1.49939e-05
17257 17.257 1.50028e-05 1.50192e-05
17258 17.258 1.50293e-05 1.50212e-05
17259 17.259 1.50185e-05 1.50114e-05
17260 17.26 1.49957e-05 1.49856e-05
17261 17.261 1.50125e-05 1.50068e-05
17262 17.262 1.50164e-05 1.50222e-05
17263 17.263 1.50122e-05 1.4999e-05
17264 17.264 1.5017e-05 1.49972e-05
17265 17.265 1.49931e-05 1.49918e-05
17266 17.266 1.5001e-05 1.49904e-05
17267 17.267 1.50074e-05 1.50188e-05
17268 17.268 1.50205e-05 1.50222e-05
17269 17.269 1.50001e-05 1.4999e-05
17270 17.27 1.49944e-05 1.50023e-05
17271 17.271 1.50008e-05 1.50113e-05
17272 17.272 1.50301e-05 1.5037e-05
17273 17.273 1.4995e-05 1.49954e-05
17274 17.274 1.50108e-05 1.50096e-05
17275 17.275 1.50213e-05 1.50153e-05
17276 17.276 1.50063e-05 1.5011e-05
17277 17.277 1.49975e-05 1.50029e-05
17278 17.278 1.50207e-05 1.50087e-05
17279 17.279 1.50083e-05 1.49967e-05
17280 17.28 1.49823e-05 1.49874e-05
17281 17.281 1.5017e-05 1.50052e-05
17282 17.282 1.49957e-05 1.49953e-05
17283 17.283 1.50135e-05 1.50248e-05
17284 17.284 1.49992e-05 1.49892e-05
17285 17.285 1.50281e-05 1.50249e-05
17286 17.286 1.50366e-05 1.50284e-05
17287 17.287 1.50074e-05 1.50243e-05
17288 17.288 1.50133e-05 1.50085e-05
17289 17.289 1.50028e-05 1.50133e-05
17290 17.29 1.49852e-05 1.49866e-05
17291 17.291 1.50043e-05 1.50023e-05
17292 17.292 1.5002e-05 1.50031e-05
17293 17.293 1.49788e-05 1.49548e-05
17294 17.294 1.49724e-05 1.49823e-05
17295 17.295 1.50046e-05 1.50291e-05
17296 17.296 1.4984e-05 1.49942e-05
17297 17.297 1.50035e-05 1.5001e-05
17298 17.298 1.49969e-05 1.50081e-05
17299 17.299 1.5007e-05 1.50145e-05
17300 17.3 1.50062e-05 1.50018e-05
17301 17.301 1.50143e-05 1.50214e-05
17302 17.302 1.49849e-05 1.49811e-05
17303 17.303 1.5019e-05 1.50182e-05
17304 17.304 1.50053e-05 1.4993e-05
17305 17.305 1.50102e-05 1.50126e-05
17306 17.306 1.49976e-05 1.49899e-05
17307 17.307 1.50174e-05 1.50022e-05
17308 17.308 1.50051e-05 1.49941e-05
17309 17.309 1.50059e-05 1.50022e-05
17310 17.31 1.49848e-05 1.50016e-05
17311 17.311 1.50208e-05 1.50173e-05
17312 17.312 1.50021e-05 1.50005e-05
17313 17.313 1.50048e-05 1.50018e-05
17314 17.314 1.49963e-05 1.50184e-05
17315 17.315 1.49973e-05 1.49892e-05
17316 17.316 1.50048e-05 1.50068e-05
17317 17.317 1.50121e-05 1.5e-05
17318 17.318 1.49995e-05 1.49718e-05
17319 17.319 1.50245e-05 1.50331e-05
17320 17.32 1.5016e-05 1.50158e-05
17321 17.321 1.49896e-05 1.49676e-05
17322 17.322 1.50058e-05 1.50024e-05
17323 17.323 1.49879e-05 1.49816e-05
17324 17.324 1.49952e-05 1.49854e-05
17325 17.325 1.49974e-05 1.49703e-05
17326 17.326 1.49933e-05 1.49949e-05
17327 17.327 1.50014e-05 1.50061e-05
17328 17.328 1.49866e-05 1.49846e-05
17329 17.329 1.49929e-05 1.49931e-05
17330 17.33 1.49853e-05 1.49729e-05
17331 17.331 1.49899e-05 1.4978e-05
17332 17.332 1.49912e-05 1.49746e-05
17333 17.333 1.50017e-05 1.49768e-05
17334 17.334 1.50045e-05 1.49987e-05
17335 17.335 1.50359e-05 1.50667e-05
17336 17.336 1.49951e-05 1.49874e-05
17337 17.337 1.49962e-05 1.49918e-05
17338 17.338 1.50124e-05 1.5017e-05
17339 17.339 1.50015e-05 1.50014e-05
17340 17.34 1.49979e-05 1.5008e-05
17341 17.341 1.5004e-05 1.50044e-05
17342 17.342 1.49978e-05 1.49841e-05
17343 17.343 1.50099e-05 1.49972e-05
17344 17.344 1.50046e-05 1.49914e-05
17345 17.345 1.50125e-05 1.50093e-05
17346 17.346 1.50057e-05 1.49909e-05
17347 17.347 1.50095e-05 1.50056e-05
17348 17.348 1.49762e-05 1.49568e-05
17349 17.349 1.498e-05 1.49843e-05
17350 17.35 1.50113e-05 1.49969e-05
17351 17.351 1.49913e-05 1.49569e-05
17352 17.352 1.49927e-05 1.49951e-05
17353 17.353 1.50028e-05 1.49826e-05
17354 17.354 1.50084e-05 1.49909e-05
17355 17.355 1.49834e-05 1.498e-05
17356 17.356 1.49968e-05 1.50034e-05
17357 17.357 1.49866e-05 1.49787e-05
17358 17.358 1.49885e-05 1.49799e-05
17359 17.359 1.49859e-05 1.49758e-05
17360 17.36 1.49905e-05 1.49839e-05
17361 17.361 1.50003e-05 1.49781e-05
17362 17.362 1.5016e-05 1.50254e-05
17363 17.363 1.50101e-05 1.50157e-05
17364 17.364 1.49862e-05 1.50039e-05
17365 17.365 1.49948e-05 1.49855e-05
17366 17.366 1.50009e-05 1.50161e-05
17367 17.367 1.50013e-05 1.49999e-05
17368 17.368 1.5017e-05 1.50194e-05
17369 17.369 1.50207e-05 1.50172e-05
17370 17.37 1.50221e-05 1.5031e-05
17371 17.371 1.50277e-05 1.50344e-05
17372 17.372 1.50231e-05 1.50238e-05
17373 17.373 1.50136e-05 1.50036e-05
17374 17.374 1.49878e-05 1.49818e-05
17375 17.375 1.49885e-05 1.49759e-05
17376 17.376 1.50207e-05 1.50241e-05
17377 17.377 1.50218e-05 1.50062e-05
17378 17.378 1.50333e-05 1.50374e-05
17379 17.379 1.50118e-05 1.50003e-05
17380 17.38 1.50011e-05 1.5005e-05
17381 17.381 1.50048e-05 1.50106e-05
17382 17.382 1.49982e-05 1.50186e-05
17383 17.383 1.50173e-05 1.50103e-05
17384 17.384 1.49949e-05 1.50069e-05
17385 17.385 1.50081e-05 1.50055e-05
17386 17.386 1.50041e-05 1.50027e-05
17387 17.387 1.50161e-05 1.50072e-05
17388 17.388 1.50315e-05 1.50354e-05
17389 17.389 1.49947e-05 1.49887e-05
17390 17.39 1.50287e-05 1.50448e-05
17391 17.391 1.50058e-05 1.50086e-05
17392 17.392 1.50022e-05 1.49949e-05
17393 17.393 1.50152e-05 1.50109e-05
17394 17.394 1.50309e-05 1.50234e-05
17395 17.395 1.50097e-05 1.50166e-05
17396 17.396 1.49902e-05 1.49886e-05
17397 17.397 1.5023e-05 1.50212e-05
17398 17.398 1.50152e-05 1.50246e-05
17399 17.399 1.50015e-05 1.50163e-05
17400 17.4 1.5014e-05 1.50071e-05
17401 17.401 1.50305e-05 1.50212e-05
17402 17.402 1.50096e-05 1.50135e-05
17403 17.403 1.49894e-05 1.50049e-05
17404 17.404 1.49986e-05 1.5005e-05
17405 17.405 1.5005e-05 1.4997e-05
17406 17.406 1.50013e-05 1.50088e-05
17407 17.407 1.50337e-05 1.50396e-05
17408 17.408 1.50069e-05 1.49846e-05
17409 17.409 1.50132e-05 1.50129e-05
17410 17.41 1.50036e-05 1.4991e-05
17411 17.411 1.49826e-05 1.49748e-05
17412 17.412 1.49948e-05 1.49911e-05
17413 17.413 1.49847e-05 1.49747e-05
17414 17.414 1.50018e-05 1.49968e-05
17415 17.415 1.50117e-05 1.50088e-05
17416 17.416 1.50217e-05 1.50545e-05
17417 17.417 1.49922e-05 1.49809e-05
17418 17.418 1.49966e-05 1.49992e-05
17419 17.419 1.4995e-05 1.49932e-05
17420 17.42 1.50032e-05 1.50104e-05
17421 17.421 1.50047e-05 1.50094e-05
17422 17.422 1.50093e-05 1.50338e-05
17423 17.423 1.49896e-05 1.4988e-05
17424 17.424 1.49954e-05 1.49781e-05
17425 17.425 1.49854e-05 1.49868e-05
17426 17.426 1.49844e-05 1.49699e-05
17427 17.427 1.49986e-05 1.49836e-05
17428 17.428 1.50097e-05 1.5014e-05
17429 17.429 1.50123e-05 1.50039e-05
17430 17.43 1.49749e-05 1.49728e-05
17431 17.431 1.49953e-05 1.50103e-05
17432 17.432 1.49721e-05 1.49789e-05
17433 17.433 1.50017e-05 1.50009e-05
17434 17.434 1.4988e-05 1.49984e-05
17435 17.435 1.49922e-05 1.49903e-05
17436 17.436 1.49928e-05 1.49789e-05
17437 17.437 1.49929e-05 1.50038e-05
17438 17.438 1.49916e-05 1.49854e-05
17439 17.439 1.50134e-05 1.50016e-05
17440 17.44 1.5006e-05 1.50029e-05
17441 17.441 1.5015e-05 1.50097e-05
17442 17.442 1.5006e-05 1.5018e-05
17443 17.443 1.50019e-05 1.49952e-05
17444 17.444 1.50239e-05 1.5015e-05
17445 17.445 1.49974e-05 1.50082e-05
17446 17.446 1.50009e-05 1.49914e-05
17447 17.447 1.50099e-05 1.50035e-05
17448 17.448 1.50198e-05 1.50026e-05
17449 17.449 1.50132e-05 1.50195e-05
17450 17.45 1.5018e-05 1.50254e-05
17451 17.451 1.5012e-05 1.50155e-05
17452 17.452 1.49962e-05 1.49835e-05
17453 17.453 1.50085e-05 1.50066e-05
17454 17.454 1.49945e-05 1.49944e-05
17455 17.455 1.49966e-05 1.49857e-05
17456 17.456 1.49919e-05 1.50084e-05
17457 17.457 1.49808e-05 1.50005e-05
17458 17.458 1.49906e-05 1.50052e-05
17459 17.459 1.49824e-05 1.49788e-05
17460 17.46 1.50032e-05 1.50032e-05
17461 17.461 1.49982e-05 1.50016e-05
17462 17.462 1.50198e-05 1.50343e-05
17463 17.463 1.50111e-05 1.50075e-05
17464 17.464 1.5004e-05 1.49985e-05
17465 17.465 1.50162e-05 1.50189e-05
17466 17.466 1.50061e-05 1.50087e-05
17467 17.467 1.49878e-05 1.50038e-05
17468 17.468 1.49841e-05 1.49904e-05
17469 17.469 1.50162e-05 1.50098e-05
17470 17.47 1.5001e-05 1.50187e-05
17471 17.471 1.50033e-05 1.50008e-05
17472 17.472 1.50126e-05 1.50162e-05
17473 17.473 1.49827e-05 1.49829e-05
17474 17.474 1.49831e-05 1.49722e-05
17475 17.475 1.49953e-05 1.5012e-05
17476 17.476 1.501e-05 1.5015e-05
17477 17.477 1.50198e-05 1.50315e-05
17478 17.478 1.49866e-05 1.49808e-05
17479 17.479 1.50077e-05 1.50031e-05
17480 17.48 1.50051e-05 1.50077e-05
17481 17.481 1.49981e-05 1.50066e-05
17482 17.482 1.49798e-05 1.49891e-05
17483 17.483 1.50017e-05 1.50152e-05
17484 17.484 1.49789e-05 1.49724e-05
17485 17.485 1.50065e-05 1.50184e-05
17486 17.486 1.49801e-05 1.49859e-05
17487 17.487 1.49857e-05 1.49927e-05
17488 17.488 1.50041e-05 1.49927e-05
17489 17.489 1.50119e-05 1.50133e-05
17490 17.49 1.50012e-05 1.50079e-05
17491 17.491 1.49857e-05 1.49938e-05
17492 17.492 1.49933e-05 1.49798e-05
17493 17.493 1.50007e-05 1.49909e-05
17494 17.494 1.49846e-05 1.49832e-05
17495 17.495 1.49979e-05 1.50108e-05
17496 17.496 1.49929e-05 1.49916e-05
17497 17.497 1.50015e-05 1.49955e-05
17498 17.498 1.49832e-05 1.49674e-05
17499 17.499 1.50029e-05 1.49781e-05
17500 17.5 1.4986e-05 1.49869e-05
17501 17.501 1.49903e-05 1.49826e-05
17502 17.502 1.5003e-05 1.49943e-05
17503 17.503 1.50078e-05 1.50205e-05
17504 17.504 1.50122e-05 1.50215e-05
17505 17.505 1.49896e-05 1.50054e-05
17506 17.506 1.50025e-05 1.50188e-05
17507 17.507 1.49994e-05 1.5004e-05
17508 17.508 1.50004e-05 1.50022e-05
17509 17.509 1.49911e-05 1.49818e-05
17510 17.51 1.50026e-05 1.50029e-05
17511 17.511 1.4988e-05 1.49761e-05
17512 17.512 1.50143e-05 1.50204e-05
17513 17.513 1.49824e-05 1.49827e-05
17514 17.514 1.50025e-05 1.49783e-05
17515 17.515 1.49892e-05 1.49854e-05
17516 17.516 1.50095e-05 1.49976e-05
17517 17.517 1.5009e-05 1.50272e-05
17518 17.518 1.49929e-05 1.49802e-05
17519 17.519 1.50055e-05 1.49987e-05
17520 17.52 1.50116e-05 1.50221e-05
17521 17.521 1.50094e-05 1.50134e-05
17522 17.522 1.49964e-05 1.50127e-05
17523 17.523 1.4987e-05 1.497e-05
17524 17.524 1.49959e-05 1.49795e-05
17525 17.525 1.50129e-05 1.49893e-05
17526 17.526 1.50012e-05 1.49997e-05
17527 17.527 1.50305e-05 1.50368e-05
17528 17.528 1.50169e-05 1.50121e-05
17529 17.529 1.49964e-05 1.49882e-05
17530 17.53 1.50198e-05 1.50048e-05
17531 17.531 1.50112e-05 1.50261e-05
17532 17.532 1.50029e-05 1.50021e-05
17533 17.533 1.49916e-05 1.49933e-05
17534 17.534 1.50019e-05 1.49972e-05
17535 17.535 1.50023e-05 1.50003e-05
17536 17.536 1.50087e-05 1.49951e-05
17537 17.537 1.50047e-05 1.49903e-05
17538 17.538 1.50085e-05 1.50073e-05
17539 17.539 1.50079e-05 1.50137e-05
17540 17.54 1.5001e-05 1.50042e-05
17541 17.541 1.50167e-05 1.50068e-05
17542 17.542 1.49898e-05 1.49724e-05
17543 17.543 1.49936e-05 1.49887e-05
17544 17.544 1.50143e-05 1.49883e-05
17545 17.545 1.50136e-05 1.50187e-05
17546 17.546 1.4986e-05 1.5003e-05
17547 17.547 1.50181e-05 1.50311e-05
17548 17.548 1.50078e-05 1.50107e-05
17549 17.549 1.49929e-05 1.49926e-05
17550 17.55 1.50036e-05 1.50012e-05
17551 17.551 1.49787e-05 1.49953e-05
17552 17.552 1.50028e-05 1.50133e-05
17553 17.553 1.50348e-05 1.50296e-05
17554 17.554 1.50084e-05 1.49938e-05
17555 17.555 1.50049e-05 1.50077e-05
17556 17.556 1.5031e-05 1.50231e-05
17557 17.557 1.50055e-05 1.50003e-05
17558 17.558 1.5008e-05 1.50266e-05
17559 17.559 1.49868e-05 1.49883e-05
17560 17.56 1.49995e-05 1.50134e-05
17561 17.561 1.49975e-05 1.50082e-05
17562 17.562 1.50059e-05 1.50005e-05
17563 17.563 1.50082e-05 1.50073e-05
17564 17.564 1.50196e-05 1.50111e-05
17565 17.565 1.4991e-05 1.49835e-05
17566 17.566 1.49889e-05 1.49918e-05
17567 17.567 1.49867e-05 1.49859e-05
17568 17.568 1.49964e-05 1.50029e-05
17569 17.569 1.50013e-05 1.49916e-05
17570 17.57 1.49893e-05 1.49896e-05
17571 17.571 1.49931e-05 1.49815e-05
17572 17.572 1.50043e-05 1.49916e-05
17573 17.573 1.50001e-05 1.49703e-05
17574 17.574 1.50033e-05 1.50112e-05
17575 17.575 1.49963e-05 1.49982e-05
17576 17.576 1.50278e-05 1.50226e-05
17577 17.577 1.50199e-05 1.50099e-05
17578 17.578 1.50001e-05 1.50058e-05
17579 17.579 1.50054e-05 1.50127e-05
17580 17.58 1.49937e-05 1.50092e-05
17581 17.581 1.50297e-05 1.5033e-05
17582 17.582 1.49976e-05 1.49944e-05
17583 17.583 1.4987e-05 1.4985e-05
17584 17.584 1.49989e-05 1.4981e-05
17585 17.585 1.50055e-05 1.49964e-05
17586 17.586 1.50061e-05 1.49929e-05
17587 17.587 1.50097e-05 1.50106e-05
17588 17.588 1.50191e-05 1.50053e-05
17589 17.589 1.4997e-05 1.50134e-05
17590 17.59 1.50256e-05 1.50128e-05
17591 17.591 1.50059e-05 1.50072e-05
17592 17.592 1.50276e-05 1.50268e-05
17593 17.593 1.50146e-05 1.50153e-05
17594 17.594 1.50125e-05 1.50246e-05
17595 17.595 1.49956e-05 1.50005e-05
17596 17.596 1.50084e-05 1.50074e-05
17597 17.597 1.50024e-05 1.49883e-05
17598 17.598 1.50182e-05 1.50107e-05
17599 17.599 1.50087e-05 1.5028e-05
17600 17.6 1.50085e-05 1.50347e-05
17601 17.601 1.50007e-05 1.5009e-05
17602 17.602 1.50102e-05 1.50263e-05
17603 17.603 1.4999e-05 1.49943e-05
17604 17.604 1.49945e-05 1.49848e-05
17605 17.605 1.49961e-05 1.49914e-05
17606 17.606 1.50126e-05 1.49935e-05
17607 17.607 1.50305e-05 1.50173e-05
17608 17.608 1.50002e-05 1.49922e-05
17609 17.609 1.50003e-05 1.49914e-05
17610 17.61 1.50145e-05 1.50263e-05
17611 17.611 1.50162e-05 1.50279e-05
17612 17.612 1.50079e-05 1.50155e-05
17613 17.613 1.49921e-05 1.49967e-05
17614 17.614 1.49983e-05 1.4987e-05
17615 17.615 1.49983e-05 1.49868e-05
17616 17.616 1.49911e-05 1.49867e-05
17617 17.617 1.50134e-05 1.49875e-05
17618 17.618 1.49982e-05 1.49578e-05
17619 17.619 1.50133e-05 1.50147e-05
17620 17.62 1.50146e-05 1.49959e-05
17621 17.621 1.49988e-05 1.49854e-05
17622 17.622 1.49851e-05 1.49829e-05
17623 17.623 1.5013e-05 1.50041e-05
17624 17.624 1.50227e-05 1.50094e-05
17625 17.625 1.50026e-05 1.49697e-05
17626 17.626 1.49956e-05 1.49987e-05
17627 17.627 1.50022e-05 1.49918e-05
17628 17.628 1.50112e-05 1.49996e-05
17629 17.629 1.5006e-05 1.50068e-05
17630 17.63 1.49961e-05 1.49979e-05
17631 17.631 1.49689e-05 1.49604e-05
17632 17.632 1.50156e-05 1.50233e-05
17633 17.633 1.50027e-05 1.49931e-05
17634 17.634 1.50041e-05 1.50048e-05
17635 17.635 1.50219e-05 1.50147e-05
17636 17.636 1.49977e-05 1.49984e-05
17637 17.637 1.50026e-05 1.49917e-05
17638 17.638 1.50109e-05 1.5014e-05
17639 17.639 1.5019e-05 1.49925e-05
17640 17.64 1.50176e-05 1.50088e-05
17641 17.641 1.50139e-05 1.50159e-05
17642 17.642 1.50084e-05 1.50059e-05
17643 17.643 1.50265e-05 1.50423e-05
17644 17.644 1.50095e-05 1.50047e-05
17645 17.645 1.50192e-05 1.50088e-05
17646 17.646 1.50192e-05 1.50383e-05
17647 17.647 1.50284e-05 1.50279e-05
17648 17.648 1.50068e-05 1.49918e-05
17649 17.649 1.50067e-05 1.49977e-05
17650 17.65 1.50113e-05 1.5015e-05
17651 17.651 1.50267e-05 1.50246e-05
17652 17.652 1.50121e-05 1.50101e-05
17653 17.653 1.49811e-05 1.49906e-05
17654 17.654 1.49987e-05 1.50013e-05
17655 17.655 1.50103e-05 1.50138e-05
17656 17.656 1.50171e-05 1.50091e-05
17657 17.657 1.50237e-05 1.50315e-05
17658 17.658 1.50179e-05 1.50121e-05
17659 17.659 1.50068e-05 1.49928e-05
17660 17.66 1.50205e-05 1.50245e-05
17661 17.661 1.50153e-05 1.50271e-05
17662 17.662 1.49863e-05 1.49861e-05
17663 17.663 1.50019e-05 1.49889e-05
17664 17.664 1.50094e-05 1.49954e-05
17665 17.665 1.50061e-05 1.50114e-05
17666 17.666 1.50194e-05 1.5009e-05
17667 17.667 1.50024e-05 1.49866e-05
17668 17.668 1.50078e-05 1.49713e-05
17669 17.669 1.49979e-05 1.50048e-05
17670 17.67 1.50087e-05 1.50146e-05
17671 17.671 1.5022e-05 1.50175e-05
17672 17.672 1.49985e-05 1.50041e-05
17673 17.673 1.49829e-05 1.49827e-05
17674 17.674 1.50019e-05 1.4995e-05
17675 17.675 1.49925e-05 1.4993e-05
17676 17.676 1.5003e-05 1.50001e-05
17677 17.677 1.4989e-05 1.49835e-05
17678 17.678 1.49931e-05 1.49851e-05
17679 17.679 1.50127e-05 1.50068e-05
17680 17.68 1.49894e-05 1.49678e-05
17681 17.681 1.50294e-05 1.50238e-05
17682 17.682 1.50121e-05 1.50033e-05
17683 17.683 1.50241e-05 1.50432e-05
17684 17.684 1.50078e-05 1.49907e-05
17685 17.685 1.50408e-05 1.50305e-05
17686 17.686 1.50269e-05 1.50211e-05
17687 17.687 1.50216e-05 1.50141e-05
17688 17.688 1.50052e-05 1.50004e-05
17689 17.689 1.50216e-05 1.50168e-05
17690 17.69 1.50092e-05 1.49943e-05
17691 17.691 1.50006e-05 1.498e-05
17692 17.692 1.50067e-05 1.49932e-05
17693 17.693 1.50142e-05 1.50083e-05
17694 17.694 1.50208e-05 1.50205e-05
17695 17.695 1.50111e-05 1.50104e-05
17696 17.696 1.50152e-05 1.50106e-05
17697 17.697 1.49981e-05 1.5002e-05
17698 17.698 1.50197e-05 1.50203e-05
17699 17.699 1.50065e-05 1.50102e-05
17700 17.7 1.50157e-05 1.50115e-05
17701 17.701 1.50058e-05 1.49927e-05
17702 17.702 1.50028e-05 1.49973e-05
17703 17.703 1.50073e-05 1.49992e-05
17704 17.704 1.50148e-05 1.50092e-05
17705 17.705 1.4998e-05 1.49679e-05
17706 17.706 1.49775e-05 1.49606e-05
17707 17.707 1.4999e-05 1.50026e-05
17708 17.708 1.50008e-05 1.50067e-05
17709 17.709 1.50199e-05 1.50325e-05
17710 17.71 1.50177e-05 1.5029e-05
17711 17.711 1.50332e-05 1.50234e-05
17712 17.712 1.50141e-05 1.50036e-05
17713 17.713 1.50014e-05 1.50001e-05
17714 17.714 1.49835e-05 1.49879e-05
17715 17.715 1.49969e-05 1.50049e-05
17716 17.716 1.49954e-05 1.50024e-05
17717 17.717 1.50099e-05 1.50149e-05
17718 17.718 1.49978e-05 1.50015e-05
17719 17.719 1.49916e-05 1.49869e-05
17720 17.72 1.49949e-05 1.49848e-05
17721 17.721 1.49957e-05 1.49934e-05
17722 17.722 1.49943e-05 1.4984e-05
17723 17.723 1.50166e-05 1.50107e-05
17724 17.724 1.50035e-05 1.5008e-05
17725 17.725 1.49883e-05 1.49823e-05
17726 17.726 1.50044e-05 1.50007e-05
17727 17.727 1.49941e-05 1.49863e-05
17728 17.728 1.50003e-05 1.49841e-05
17729 17.729 1.50096e-05 1.50028e-05
17730 17.73 1.50067e-05 1.5007e-05
17731 17.731 1.49968e-05 1.49951e-05
17732 17.732 1.50057e-05 1.50182e-05
17733 17.733 1.4997e-05 1.49958e-05
17734 17.734 1.50147e-05 1.50116e-05
17735 17.735 1.50051e-05 1.50149e-05
17736 17.736 1.50163e-05 1.50129e-05
17737 17.737 1.50035e-05 1.50136e-05
17738 17.738 1.50242e-05 1.50195e-05
17739 17.739 1.49927e-05 1.50092e-05
17740 17.74 1.49964e-05 1.50068e-05
17741 17.741 1.49976e-05 1.50017e-05
17742 17.742 1.49853e-05 1.50018e-05
17743 17.743 1.4993e-05 1.49953e-05
17744 17.744 1.49837e-05 1.49924e-05
17745 17.745 1.50078e-05 1.50032e-05
17746 17.746 1.49929e-05 1.49876e-05
17747 17.747 1.50094e-05 1.4998e-05
17748 17.748 1.501e-05 1.49856e-05
17749 17.749 1.50066e-05 1.49911e-05
17750 17.75 1.50072e-05 1.50174e-05
17751 17.751 1.5021e-05 1.50213e-05
17752 17.752 1.50101e-05 1.50362e-05
17753 17.753 1.50088e-05 1.50173e-05
17754 17.754 1.49982e-05 1.49864e-05
17755 17.755 1.50293e-05 1.50095e-05
17756 17.756 1.50148e-05 1.50157e-05
17757 17.757 1.50243e-05 1.50212e-05
17758 17.758 1.50011e-05 1.50116e-05
17759 17.759 1.49977e-05 1.50061e-05
17760 17.76 1.49975e-05 1.49892e-05
17761 17.761 1.50019e-05 1.49885e-05
17762 17.762 1.50177e-05 1.49989e-05
17763 17.763 1.50182e-05 1.5022e-05
17764 17.764 1.49886e-05 1.50024e-05
17765 17.765 1.49866e-05 1.50113e-05
17766 17.766 1.49751e-05 1.49652e-05
17767 17.767 1.49982e-05 1.50144e-05
17768 17.768 1.49973e-05 1.50063e-05
17769 17.769 1.50052e-05 1.50219e-05
17770 17.77 1.49945e-05 1.49985e-05
17771 17.771 1.5028e-05 1.5041e-05
17772 17.772 1.49949e-05 1.49984e-05
17773 17.773 1.49978e-05 1.49943e-05
17774 17.774 1.50044e-05 1.50016e-05
17775 17.775 1.50176e-05 1.50234e-05
17776 17.776 1.49783e-05 1.49661e-05
17777 17.777 1.50039e-05 1.49965e-05
17778 17.778 1.50405e-05 1.50359e-05
17779 17.779 1.50013e-05 1.50023e-05
17780 17.78 1.50148e-05 1.50182e-05
17781 17.781 1.50084e-05 1.49965e-05
17782 17.782 1.50214e-05 1.50058e-05
17783 17.783 1.49958e-05 1.49915e-05
17784 17.784 1.50223e-05 1.50117e-05
17785 17.785 1.50136e-05 1.50127e-05
17786 17.786 1.50122e-05 1.50142e-05
17787 17.787 1.50033e-05 1.50024e-05
17788 17.788 1.50085e-05 1.49835e-05
17789 17.789 1.49932e-05 1.49915e-05
17790 17.79 1.49983e-05 1.49814e-05
17791 17.791 1.50009e-05 1.50129e-05
17792 17.792 1.50136e-05 1.50081e-05
17793 17.793 1.50003e-05 1.50006e-05
17794 17.794 1.49989e-05 1.49943e-05
17795 17.795 1.50016e-05 1.50009e-05
17796 17.796 1.50009e-05 1.49969e-05
17797 17.797 1.5011e-05 1.50194e-05
17798 17.798 1.49958e-05 1.49917e-05
17799 17.799 1.49995e-05 1.50034e-05
17800 17.8 1.50014e-05 1.50035e-05
17801 17.801 1.50053e-05 1.50072e-05
17802 17.802 1.50211e-05 1.50185e-05
17803 17.803 1.50023e-05 1.50013e-05
17804 17.804 1.50058e-05 1.50178e-05
17805 17.805 1.50333e-05 1.50227e-05
17806 17.806 1.50061e-05 1.49921e-05
17807 17.807 1.50128e-05 1.50067e-05
17808 17.808 1.50097e-05 1.50171e-05
17809 17.809 1.49875e-05 1.50131e-05
17810 17.81 1.49947e-05 1.49943e-05
17811 17.811 1.49772e-05 1.49614e-05
17812 17.812 1.49643e-05 1.49614e-05
17813 17.813 1.50091e-05 1.50189e-05
17814 17.814 1.49952e-05 1.4987e-05
17815 17.815 1.50092e-05 1.50056e-05
17816 17.816 1.49931e-05 1.49841e-05
17817 17.817 1.50294e-05 1.50363e-05
17818 17.818 1.50082e-05 1.50038e-05
17819 17.819 1.4999e-05 1.49974e-05
17820 17.82 1.49992e-05 1.50095e-05
17821 17.821 1.50024e-05 1.50088e-05
17822 17.822 1.4991e-05 1.49964e-05
17823 17.823 1.50014e-05 1.5021e-05
17824 17.824 1.49999e-05 1.49843e-05
17825 17.825 1.49922e-05 1.49901e-05
17826 17.826 1.50001e-05 1.49966e-05
17827 17.827 1.50047e-05 1.49997e-05
17828 17.828 1.50002e-05 1.50153e-05
17829 17.829 1.50027e-05 1.49862e-05
17830 17.83 1.5006e-05 1.50004e-05
17831 17.831 1.50085e-05 1.49907e-05
17832 17.832 1.50035e-05 1.50157e-05
17833 17.833 1.49901e-05 1.49677e-05
17834 17.834 1.50047e-05 1.50061e-05
17835 17.835 1.50033e-05 1.5016e-05
17836 17.836 1.50083e-05 1.50159e-05
17837 17.837 1.50197e-05 1.50116e-05
17838 17.838 1.4988e-05 1.4981e-05
17839 17.839 1.50306e-05 1.50245e-05
17840 17.84 1.50028e-05 1.49984e-05
17841 17.841 1.49949e-05 1.49797e-05
17842 17.842 1.50129e-05 1.50198e-05
17843 17.843 1.49927e-05 1.50134e-05
17844 17.844 1.50012e-05 1.50318e-05
17845 17.845 1.4988e-05 1.49946e-05
17846 17.846 1.49953e-05 1.50038e-05
17847 17.847 1.49972e-05 1.49979e-05
17848 17.848 1.49995e-05 1.49944e-05
17849 17.849 1.50239e-05 1.50268e-05
17850 17.85 1.50148e-05 1.50335e-05
17851 17.851 1.50108e-05 1.50069e-05
17852 17.852 1.50095e-05 1.50077e-05
17853 17.853 1.49758e-05 1.49767e-05
17854 17.854 1.50064e-05 1.50022e-05
17855 17.855 1.49981e-05 1.50073e-05
17856 17.856 1.50202e-05 1.50359e-05
17857 17.857 1.49883e-05 1.49992e-05
17858 17.858 1.50114e-05 1.50134e-05
17859 17.859 1.49897e-05 1.49948e-05
17860 17.86 1.49891e-05 1.49898e-05
17861 17.861 1.4994e-05 1.50091e-05
17862 17.862 1.50078e-05 1.4993e-05
17863 17.863 1.50215e-05 1.50151e-05
17864 17.864 1.50122e-05 1.50208e-05
17865 17.865 1.50009e-05 1.50149e-05
17866 17.866 1.49844e-05 1.49748e-05
17867 17.867 1.49977e-05 1.50133e-05
17868 17.868 1.49968e-05 1.49956e-05
17869 17.869 1.49914e-05 1.49811e-05
17870 17.87 1.50134e-05 1.50195e-05
17871 17.871 1.49805e-05 1.49866e-05
17872 17.872 1.50058e-05 1.49892e-05
17873 17.873 1.49878e-05 1.50051e-05
17874 17.874 1.4996e-05 1.49847e-05
17875 17.875 1.49954e-05 1.49755e-05
17876 17.876 1.49933e-05 1.49957e-05
17877 17.877 1.4996e-05 1.50037e-05
17878 17.878 1.50123e-05 1.49942e-05
17879 17.879 1.49959e-05 1.49694e-05
17880 17.88 1.4991e-05 1.49927e-05
17881 17.881 1.49731e-05 1.49674e-05
17882 17.882 1.49879e-05 1.49906e-05
17883 17.883 1.49958e-05 1.49872e-05
17884 17.884 1.49979e-05 1.49806e-05
17885 17.885 1.49957e-05 1.49804e-05
17886 17.886 1.50162e-05 1.50104e-05
17887 17.887 1.49798e-05 1.50001e-05
17888 17.888 1.4986e-05 1.49781e-05
17889 17.889 1.4998e-05 1.49952e-05
17890 17.89 1.50145e-05 1.50201e-05
17891 17.891 1.50057e-05 1.50043e-05
17892 17.892 1.50067e-05 1.50054e-05
17893 17.893 1.50328e-05 1.50168e-05
17894 17.894 1.50169e-05 1.50246e-05
17895 17.895 1.50187e-05 1.50306e-05
17896 17.896 1.49979e-05 1.49918e-05
17897 17.897 1.50196e-05 1.502e-05
17898 17.898 1.49984e-05 1.49739e-05
17899 17.899 1.49905e-05 1.49867e-05
17900 17.9 1.49966e-05 1.49987e-05
17901 17.901 1.49937e-05 1.50128e-05
17902 17.902 1.5e-05 1.50006e-05
17903 17.903 1.49917e-05 1.49789e-05
17904 17.904 1.49803e-05 1.49845e-05
17905 17.905 1.50161e-05 1.50085e-05
17906 17.906 1.50112e-05 1.50113e-05
17907 17.907 1.49998e-05 1.50007e-05
17908 17.908 1.50094e-05 1.50051e-05
17909 17.909 1.49933e-05 1.49795e-05
17910 17.91 1.49921e-05 1.49921e-05
17911 17.911 1.50514e-05 1.50445e-05
17912 17.912 1.50059e-05 1.50169e-05
17913 17.913 1.50027e-05 1.49965e-05
17914 17.914 1.49951e-05 1.49948e-05
17915 17.915 1.50031e-05 1.49869e-05
17916 17.916 1.50007e-05 1.49925e-05
17917 17.917 1.49953e-05 1.4979e-05
17918 17.918 1.49856e-05 1.49878e-05
17919 17.919 1.49901e-05 1.49912e-05
17920 17.92 1.50321e-05 1.50501e-05
17921 17.921 1.49993e-05 1.50188e-05
17922 17.922 1.49927e-05 1.49816e-05
17923 17.923 1.49857e-05 1.49823e-05
17924 17.924 1.49956e-05 1.49955e-05
17925 17.925 1.49853e-05 1.49938e-05
17926 17.926 1.49844e-05 1.49769e-05
17927 17.927 1.49911e-05 1.49863e-05
17928 17.928 1.49801e-05 1.49807e-05
17929 17.929 1.49935e-05 1.49793e-05
17930 17.93 1.49878e-05 1.49832e-05
17931 17.931 1.5014e-05 1.50199e-05
17932 17.932 1.50013e-05 1.50147e-05
17933 17.933 1.49893e-05 1.49985e-05
17934 17.934 1.49974e-05 1.49771e-05
17935 17.935 1.49983e-05 1.49836e-05
17936 17.936 1.49988e-05 1.49916e-05
17937 17.937 1.49985e-05 1.50058e-05
17938 17.938 1.5e-05 1.50024e-05
17939 17.939 1.50126e-05 1.5006e-05
17940 17.94 1.49774e-05 1.49753e-05
17941 17.941 1.4989e-05 1.50072e-05
17942 17.942 1.5007e-05 1.49981e-05
17943 17.943 1.49859e-05 1.49852e-05
17944 17.944 1.49942e-05 1.49981e-05
17945 17.945 1.50133e-05 1.49979e-05
17946 17.946 1.50022e-05 1.49927e-05
17947 17.947 1.50027e-05 1.49929e-05
17948 17.948 1.50143e-05 1.50247e-05
17949 17.949 1.4983e-05 1.49741e-05
17950 17.95 1.50079e-05 1.50186e-05
17951 17.951 1.50104e-05 1.50104e-05
17952 17.952 1.49932e-05 1.49922e-05
17953 17.953 1.50046e-05 1.50116e-05
17954 17.954 1.50053e-05 1.49952e-05
17955 17.955 1.50103e-05 1.50197e-05
17956 17.956 1.50025e-05 1.49771e-05
17957 17.957 1.49901e-05 1.50094e-05
17958 17.958 1.50001e-05 1.4999e-05
17959 17.959 1.50028e-05 1.50047e-05
17960 17.96 1.49901e-05 1.49927e-05
17961 17.961 1.50022e-05 1.5008e-05
17962 17.962 1.49947e-05 1.4994e-05
17963 17.963 1.5003e-05 1.49996e-05
17964 17.964 1.49976e-05 1.4995e-05
17965 17.965 1.50035e-05 1.49905e-05
17966 17.966 1.49926e-05 1.49988e-05
17967 17.967 1.49876e-05 1.49818e-05
17968 17.968 1.5007e-05 1.50026e-05
17969 17.969 1.50221e-05 1.50238e-05
17970 17.97 1.50061e-05 1.5001e-05
17971 17.971 1.50075e-05 1.50173e-05
17972 17.972 1.50074e-05 1.50213e-05
17973 17.973 1.50156e-05 1.5002e-05
17974 17.974 1.5001e-05 1.49886e-05
17975 17.975 1.50239e-05 1.50338e-05
17976 17.976 1.50135e-05 1.50089e-05
17977 17.977 1.50096e-05 1.50129e-05
17978 17.978 1.50124e-05 1.50137e-05
17979 17.979 1.50066e-05 1.50018e-05
17980 17.98 1.49684e-05 1.49719e-05
17981 17.981 1.49837e-05 1.49904e-05
17982 17.982 1.49878e-05 1.49774e-05
17983 17.983 1.4993e-05 1.49923e-05
17984 17.984 1.4977e-05 1.49934e-05
17985 17.985 1.50125e-05 1.49963e-05
17986 17.986 1.50097e-05 1.50163e-05
17987 17.987 1.50107e-05 1.50142e-05
17988 17.988 1.49977e-05 1.49938e-05
17989 17.989 1.50152e-05 1.50081e-05
17990 17.99 1.49902e-05 1.49888e-05
17991 17.991 1.50019e-05 1.50186e-05
17992 17.992 1.4997e-05 1.50039e-05
17993 17.993 1.50232e-05 1.50291e-05
17994 17.994 1.501e-05 1.50239e-05
17995 17.995 1.50135e-05 1.50189e-05
17996 17.996 1.49791e-05 1.49638e-05
17997 17.997 1.50117e-05 1.49962e-05
17998 17.998 1.50131e-05 1.50244e-05
17999 17.999 1.50233e-05 1.50167e-05
18000 18 1.50057e-05 1.49951e-05
18001 18.001 1.50135e-05 1.50107e-05
18002 18.002 1.50106e-05 1.5021e-05
18003 18.003 1.50073e-05 1.50106e-05
18004 18.004 1.50234e-05 1.50333e-05
18005 18.005 1.50063e-05 1.49843e-05
18006 18.006 1.50043e-05 1.50011e-05
18007 18.007 1.50074e-05 1.50071e-05
18008 18.008 1.5002e-05 1.49968e-05
18009 18.009 1.50033e-05 1.4994e-05
18010 18.01 1.50032e-05 1.50079e-05
18011 18.011 1.50126e-05 1.50176e-05
18012 18.012 1.50225e-05 1.50165e-05
18013 18.013 1.49852e-05 1.49961e-05
18014 18.014 1.49866e-05 1.49699e-05
18015 18.015 1.50209e-05 1.50004e-05
18016 18.016 1.50027e-05 1.49983e-05
18017 18.017 1.49922e-05 1.50074e-05
18018 18.018 1.50042e-05 1.49853e-05
18019 18.019 1.50009e-05 1.49787e-05
18020 18.02 1.49862e-05 1.49913e-05
18021 18.021 1.50131e-05 1.50141e-05
18022 18.022 1.49925e-05 1.4987e-05
18023 18.023 1.4998e-05 1.49921e-05
18024 18.024 1.50101e-05 1.50033e-05
18025 18.025 1.50174e-05 1.50276e-05
18026 18.026 1.5015e-05 1.49972e-05
18027 18.027 1.50052e-05 1.50067e-05
18028 18.028 1.50011e-05 1.50194e-05
18029 18.029 1.49995e-05 1.49808e-05
18030 18.03 1.50188e-05 1.50096e-05
18031 18.031 1.49847e-05 1.4987e-05
18032 18.032 1.50224e-05 1.50127e-05
18033 18.033 1.50096e-05 1.50079e-05
18034 18.034 1.50035e-05 1.50053e-05
18035 18.035 1.49831e-05 1.49968e-05
18036 18.036 1.49954e-05 1.49865e-05
18037 18.037 1.49854e-05 1.4962e-05
18038 18.038 1.49823e-05 1.49728e-05
18039 18.039 1.49997e-05 1.50109e-05
18040 18.04 1.50114e-05 1.49821e-05
18041 18.041 1.50155e-05 1.50222e-05
18042 18.042 1.50301e-05 1.50168e-05
18043 18.043 1.49919e-05 1.49993e-05
18044 18.044 1.49987e-05 1.49925e-05
18045 18.045 1.50033e-05 1.5009e-05
18046 18.046 1.49936e-05 1.49985e-05
18047 18.047 1.49841e-05 1.49912e-05
18048 18.048 1.50106e-05 1.50163e-05
18049 18.049 1.49967e-05 1.49856e-05
18050 18.05 1.49785e-05 1.49654e-05
18051 18.051 1.50006e-05 1.50106e-05
18052 18.052 1.4998e-05 1.5003e-05
18053 18.053 1.49929e-05 1.50064e-05
18054 18.054 1.50048e-05 1.50134e-05
18055 18.055 1.5004e-05 1.50004e-05
18056 18.056 1.49972e-05 1.49847e-05
18057 18.057 1.49962e-05 1.49944e-05
18058 18.058 1.5022e-05 1.50262e-05
18059 18.059 1.49908e-05 1.49867e-05
18060 18.06 1.50239e-05 1.50217e-05
18061 18.061 1.50041e-05 1.50029e-05
18062 18.062 1.49742e-05 1.49742e-05
18063 18.063 1.49965e-05 1.50004e-05
18064 18.064 1.49914e-05 1.49758e-05
18065 18.065 1.49941e-05 1.49963e-05
18066 18.066 1.49921e-05 1.49913e-05
18067 18.067 1.5013e-05 1.50175e-05
18068 18.068 1.5007e-05 1.50138e-05
18069 18.069 1.50142e-05 1.50233e-05
18070 18.07 1.49955e-05 1.50022e-05
18071 18.071 1.50031e-05 1.50017e-05
18072 18.072 1.49974e-05 1.50008e-05
18073 18.073 1.50011e-05 1.49999e-05
18074 18.074 1.50005e-05 1.49999e-05
18075 18.075 1.49939e-05 1.49786e-05
18076 18.076 1.50362e-05 1.50226e-05
18077 18.077 1.49941e-05 1.49786e-05
18078 18.078 1.50197e-05 1.50093e-05
18079 18.079 1.4993e-05 1.49907e-05
18080 18.08 1.50062e-05 1.49948e-05
18081 18.081 1.50076e-05 1.5024e-05
18082 18.082 1.50225e-05 1.50261e-05
18083 18.083 1.50021e-05 1.49971e-05
18084 18.084 1.49939e-05 1.49983e-05
18085 18.085 1.49955e-05 1.49951e-05
18086 18.086 1.49954e-05 1.50087e-05
18087 18.087 1.49836e-05 1.49827e-05
18088 18.088 1.50043e-05 1.50052e-05
18089 18.089 1.5021e-05 1.50166e-05
18090 18.09 1.50144e-05 1.50162e-05
18091 18.091 1.50042e-05 1.50183e-05
18092 18.092 1.49819e-05 1.49759e-05
18093 18.093 1.4973e-05 1.49837e-05
18094 18.094 1.50093e-05 1.49952e-05
18095 18.095 1.5013e-05 1.50164e-05
18096 18.096 1.50158e-05 1.50284e-05
18097 18.097 1.50136e-05 1.50252e-05
18098 18.098 1.50162e-05 1.50278e-05
18099 18.099 1.50103e-05 1.49926e-05
18100 18.1 1.50186e-05 1.49947e-05
18101 18.101 1.49954e-05 1.49949e-05
18102 18.102 1.50143e-05 1.50148e-05
18103 18.103 1.50018e-05 1.50109e-05
18104 18.104 1.5026e-05 1.50411e-05
18105 18.105 1.4999e-05 1.50036e-05
18106 18.106 1.49951e-05 1.50001e-05
18107 18.107 1.50087e-05 1.50019e-05
18108 18.108 1.49953e-05 1.49963e-05
18109 18.109 1.49822e-05 1.49876e-05
18110 18.11 1.50131e-05 1.50037e-05
18111 18.111 1.49991e-05 1.50057e-05
18112 18.112 1.50226e-05 1.50271e-05
18113 18.113 1.50196e-05 1.50089e-05
18114 18.114 1.50077e-05 1.50172e-05
18115 18.115 1.50108e-05 1.5016e-05
18116 18.116 1.50012e-05 1.50181e-05
18117 18.117 1.50004e-05 1.49978e-05
18118 18.118 1.49817e-05 1.49743e-05
18119 18.119 1.50012e-05 1.49916e-05
18120 18.12 1.50094e-05 1.49909e-05
18121 18.121 1.50227e-05 1.50246e-05
18122 18.122 1.50225e-05 1.50165e-05
18123 18.123 1.50016e-05 1.49996e-05
18124 18.124 1.49874e-05 1.49883e-05
18125 18.125 1.49945e-05 1.49809e-05
18126 18.126 1.50065e-05 1.50096e-05
18127 18.127 1.50163e-05 1.50371e-05
18128 18.128 1.49924e-05 1.50036e-05
18129 18.129 1.50231e-05 1.50265e-05
18130 18.13 1.50038e-05 1.5028e-05
18131 18.131 1.50151e-05 1.5007e-05
18132 18.132 1.49857e-05 1.49951e-05
18133 18.133 1.49982e-05 1.50079e-05
18134 18.134 1.49976e-05 1.50011e-05
18135 18.135 1.49933e-05 1.49891e-05
18136 18.136 1.50095e-05 1.50158e-05
18137 18.137 1.4994e-05 1.49953e-05
18138 18.138 1.49986e-05 1.49995e-05
18139 18.139 1.4979e-05 1.49504e-05
18140 18.14 1.50182e-05 1.50192e-05
18141 18.141 1.50049e-05 1.49955e-05
18142 18.142 1.50199e-05 1.50215e-05
18143 18.143 1.50059e-05 1.50198e-05
18144 18.144 1.50218e-05 1.50176e-05
18145 18.145 1.50133e-05 1.50048e-05
18146 18.146 1.49927e-05 1.49993e-05
18147 18.147 1.50148e-05 1.50205e-05
18148 18.148 1.50073e-05 1.49904e-05
18149 18.149 1.5e-05 1.49926e-05
18150 18.15 1.50127e-05 1.50123e-05
18151 18.151 1.50172e-05 1.50171e-05
18152 18.152 1.49994e-05 1.50109e-05
18153 18.153 1.50099e-05 1.5001e-05
18154 18.154 1.50218e-05 1.50264e-05
18155 18.155 1.50276e-05 1.50281e-05
18156 18.156 1.50209e-05 1.50113e-05
18157 18.157 1.50295e-05 1.50403e-05
18158 18.158 1.5018e-05 1.50302e-05
18159 18.159 1.50222e-05 1.501e-05
18160 18.16 1.50143e-05 1.50359e-05
18161 18.161 1.50059e-05 1.50009e-05
18162 18.162 1.49975e-05 1.50211e-05
18163 18.163 1.50031e-05 1.50041e-05
18164 18.164 1.49979e-05 1.50048e-05
18165 18.165 1.50118e-05 1.50284e-05
18166 18.166 1.49994e-05 1.49934e-05
18167 18.167 1.50001e-05 1.50078e-05
18168 18.168 1.50199e-05 1.5033e-05
18169 18.169 1.49983e-05 1.49773e-05
18170 18.17 1.50131e-05 1.50211e-05
18171 18.171 1.50077e-05 1.50047e-05
18172 18.172 1.49913e-05 1.49942e-05
18173 18.173 1.50329e-05 1.50158e-05
18174 18.174 1.49983e-05 1.49871e-05
18175 18.175 1.49956e-05 1.49814e-05
18176 18.176 1.49977e-05 1.49982e-05
18177 18.177 1.49981e-05 1.50069e-05
18178 18.178 1.49928e-05 1.50025e-05
18179 18.179 1.50258e-05 1.50011e-05
18180 18.18 1.50089e-05 1.49948e-05
18181 18.181 1.49978e-05 1.49964e-05
18182 18.182 1.50139e-05 1.5017e-05
18183 18.183 1.5e-05 1.49938e-05
18184 18.184 1.49819e-05 1.49898e-05
18185 18.185 1.49968e-05 1.49953e-05
18186 18.186 1.49989e-05 1.49961e-05
18187 18.187 1.49947e-05 1.50052e-05
18188 18.188 1.5011e-05 1.50217e-05
18189 18.189 1.50025e-05 1.50052e-05
18190 18.19 1.49715e-05 1.49627e-05
18191 18.191 1.49903e-05 1.49791e-05
18192 18.192 1.50023e-05 1.49931e-05
18193 18.193 1.49863e-05 1.49652e-05
18194 18.194 1.5001e-05 1.50176e-05
18195 18.195 1.5017e-05 1.50287e-05
18196 18.196 1.50175e-05 1.49993e-05
18197 18.197 1.50223e-05 1.5035e-05
18198 18.198 1.49801e-05 1.49972e-05
18199 18.199 1.50084e-05 1.50099e-05
18200 18.2 1.50041e-05 1.49979e-05
18201 18.201 1.50022e-05 1.49932e-05
18202 18.202 1.50291e-05 1.5021e-05
18203 18.203 1.50132e-05 1.50169e-05
18204 18.204 1.50047e-05 1.49904e-05
18205 18.205 1.4997e-05 1.50045e-05
18206 18.206 1.49859e-05 1.49681e-05
18207 18.207 1.49894e-05 1.4984e-05
18208 18.208 1.49994e-05 1.49819e-05
18209 18.209 1.49846e-05 1.49779e-05
18210 18.21 1.50027e-05 1.49986e-05
18211 18.211 1.49948e-05 1.49744e-05
18212 18.212 1.50197e-05 1.50099e-05
18213 18.213 1.49805e-05 1.49664e-05
18214 18.214 1.497e-05 1.49677e-05
18215 18.215 1.49948e-05 1.49897e-05
18216 18.216 1.50151e-05 1.50093e-05
18217 18.217 1.49877e-05 1.49858e-05
18218 18.218 1.50032e-05 1.49794e-05
18219 18.219 1.50354e-05 1.5022e-05
18220 18.22 1.49971e-05 1.50082e-05
18221 18.221 1.49943e-05 1.49985e-05
18222 18.222 1.49885e-05 1.49768e-05
18223 18.223 1.50016e-05 1.49942e-05
18224 18.224 1.50073e-05 1.50114e-05
18225 18.225 1.49931e-05 1.49776e-05
18226 18.226 1.50119e-05 1.49957e-05
18227 18.227 1.4995e-05 1.49996e-05
18228 18.228 1.50084e-05 1.50086e-05
18229 18.229 1.50146e-05 1.5014e-05
18230 18.23 1.49919e-05 1.50016e-05
18231 18.231 1.49825e-05 1.49925e-05
18232 18.232 1.49914e-05 1.5e-05
18233 18.233 1.50015e-05 1.50083e-05
18234 18.234 1.50088e-05 1.5003e-05
18235 18.235 1.50095e-05 1.50112e-05
18236 18.236 1.50057e-05 1.50081e-05
18237 18.237 1.50141e-05 1.50197e-05
18238 18.238 1.49909e-05 1.49971e-05
18239 18.239 1.50002e-05 1.50052e-05
18240 18.24 1.49941e-05 1.49867e-05
18241 18.241 1.50078e-05 1.50169e-05
18242 18.242 1.50049e-05 1.5014e-05
18243 18.243 1.50138e-05 1.50133e-05
18244 18.244 1.5007e-05 1.50259e-05
18245 18.245 1.50038e-05 1.50019e-05
18246 18.246 1.49952e-05 1.49761e-05
18247 18.247 1.50015e-05 1.50117e-05
18248 18.248 1.50017e-05 1.4996e-05
18249 18.249 1.50259e-05 1.50446e-05
18250 18.25 1.5011e-05 1.49893e-05
18251 18.251 1.49869e-05 1.49717e-05
18252 18.252 1.50066e-05 1.49959e-05
18253 18.253 1.50114e-05 1.5011e-05
18254 18.254 1.49973e-05 1.50008e-05
18255 18.255 1.50061e-05 1.50108e-05
18256 18.256 1.49866e-05 1.49829e-05
18257 18.257 1.49942e-05 1.49995e-05
18258 18.258 1.50038e-05 1.49855e-05
18259 18.259 1.49719e-05 1.49633e-05
18260 18.26 1.50133e-05 1.50062e-05
18261 18.261 1.50048e-05 1.4995e-05
18262 18.262 1.50228e-05 1.50132e-05
18263 18.263 1.50037e-05 1.49838e-05
18264 18.264 1.50046e-05 1.50098e-05
18265 18.265 1.50001e-05 1.49922e-05
18266 18.266 1.49922e-05 1.49979e-05
18267 18.267 1.50029e-05 1.49954e-05
18268 18.268 1.49973e-05 1.49902e-05
18269 18.269 1.50015e-05 1.50071e-05
18270 18.27 1.5009e-05 1.5002e-05
18271 18.271 1.502e-05 1.50234e-05
18272 18.272 1.50254e-05 1.50145e-05
18273 18.273 1.50285e-05 1.50228e-05
18274 18.274 1.50101e-05 1.50053e-05
18275 18.275 1.50014e-05 1.50154e-05
18276 18.276 1.50243e-05 1.50154e-05
18277 18.277 1.50043e-05 1.50061e-05
18278 18.278 1.49987e-05 1.50001e-05
18279 18.279 1.50182e-05 1.5022e-05
18280 18.28 1.5009e-05 1.50016e-05
18281 18.281 1.50146e-05 1.50114e-05
18282 18.282 1.50154e-05 1.5013e-05
18283 18.283 1.50188e-05 1.50196e-05
18284 18.284 1.50209e-05 1.50079e-05
18285 18.285 1.50126e-05 1.49955e-05
18286 18.286 1.50052e-05 1.49959e-05
18287 18.287 1.50045e-05 1.50006e-05
18288 18.288 1.50043e-05 1.501e-05
18289 18.289 1.50143e-05 1.49999e-05
18290 18.29 1.50072e-05 1.49842e-05
18291 18.291 1.502e-05 1.50043e-05
18292 18.292 1.50073e-05 1.49931e-05
18293 18.293 1.50109e-05 1.50049e-05
18294 18.294 1.50194e-05 1.50167e-05
18295 18.295 1.5005e-05 1.50122e-05
18296 18.296 1.50196e-05 1.50271e-05
18297 18.297 1.50151e-05 1.49946e-05
18298 18.298 1.50059e-05 1.49858e-05
18299 18.299 1.49998e-05 1.50095e-05
18300 18.3 1.50186e-05 1.50198e-05
18301 18.301 1.50073e-05 1.50161e-05
18302 18.302 1.49936e-05 1.49924e-05
18303 18.303 1.50091e-05 1.49916e-05
18304 18.304 1.4994e-05 1.50005e-05
18305 18.305 1.50135e-05 1.50239e-05
18306 18.306 1.49964e-05 1.49883e-05
18307 18.307 1.50081e-05 1.50224e-05
18308 18.308 1.50055e-05 1.50186e-05
18309 18.309 1.50052e-05 1.50105e-05
18310 18.31 1.49947e-05 1.4999e-05
18311 18.311 1.49872e-05 1.49969e-05
18312 18.312 1.50067e-05 1.50025e-05
18313 18.313 1.50178e-05 1.50266e-05
18314 18.314 1.50086e-05 1.50033e-05
18315 18.315 1.50047e-05 1.50238e-05
18316 18.316 1.50202e-05 1.50012e-05
18317 18.317 1.49946e-05 1.50035e-05
18318 18.318 1.50129e-05 1.50052e-05
18319 18.319 1.4984e-05 1.49831e-05
18320 18.32 1.50031e-05 1.49915e-05
18321 18.321 1.49755e-05 1.49789e-05
18322 18.322 1.50145e-05 1.50208e-05
18323 18.323 1.5012e-05 1.50133e-05
18324 18.324 1.50191e-05 1.5e-05
18325 18.325 1.49957e-05 1.49995e-05
18326 18.326 1.50058e-05 1.49829e-05
18327 18.327 1.5018e-05 1.50132e-05
18328 18.328 1.50057e-05 1.50196e-05
18329 18.329 1.50092e-05 1.5005e-05
18330 18.33 1.49902e-05 1.4985e-05
18331 18.331 1.50228e-05 1.50335e-05
18332 18.332 1.50145e-05 1.50028e-05
18333 18.333 1.49961e-05 1.4998e-05
18334 18.334 1.50112e-05 1.50045e-05
18335 18.335 1.50272e-05 1.50378e-05
18336 18.336 1.49941e-05 1.49861e-05
18337 18.337 1.50039e-05 1.50029e-05
18338 18.338 1.5e-05 1.50051e-05
18339 18.339 1.49895e-05 1.49825e-05
18340 18.34 1.50253e-05 1.5017e-05
18341 18.341 1.50173e-05 1.5013e-05
18342 18.342 1.50184e-05 1.50327e-05
18343 18.343 1.5002e-05 1.49859e-05
18344 18.344 1.50245e-05 1.50543e-05
18345 18.345 1.50081e-05 1.49989e-05
18346 18.346 1.50101e-05 1.5015e-05
18347 18.347 1.49924e-05 1.49945e-05
18348 18.348 1.50097e-05 1.49967e-05
18349 18.349 1.49765e-05 1.4972e-05
18350 18.35 1.49869e-05 1.49897e-05
18351 18.351 1.49833e-05 1.49906e-05
18352 18.352 1.49998e-05 1.49937e-05
18353 18.353 1.49941e-05 1.5006e-05
18354 18.354 1.49983e-05 1.49722e-05
18355 18.355 1.50062e-05 1.50013e-05
18356 18.356 1.49973e-05 1.49831e-05
18357 18.357 1.49897e-05 1.49842e-05
18358 18.358 1.50025e-05 1.50074e-05
18359 18.359 1.50236e-05 1.50201e-05
18360 18.36 1.50195e-05 1.50425e-05
18361 18.361 1.50004e-05 1.50128e-05
18362 18.362 1.50186e-05 1.50219e-05
18363 18.363 1.50032e-05 1.49883e-05
18364 18.364 1.50239e-05 1.50217e-05
18365 18.365 1.50072e-05 1.50007e-05
18366 18.366 1.50233e-05 1.50043e-05
18367 18.367 1.50234e-05 1.5037e-05
18368 18.368 1.49835e-05 1.49961e-05
18369 18.369 1.50023e-05 1.50096e-05
18370 18.37 1.5028e-05 1.50247e-05
18371 18.371 1.50127e-05 1.50193e-05
18372 18.372 1.50052e-05 1.5006e-05
18373 18.373 1.50096e-05 1.50008e-05
18374 18.374 1.50042e-05 1.50051e-05
18375 18.375 1.50258e-05 1.50346e-05
18376 18.376 1.502e-05 1.49993e-05
18377 18.377 1.50115e-05 1.50153e-05
18378 18.378 1.49994e-05 1.50036e-05
18379 18.379 1.49984e-05 1.49864e-05
18380 18.38 1.50035e-05 1.49901e-05
18381 18.381 1.5007e-05 1.50145e-05
18382 18.382 1.50156e-05 1.50126e-05
18383 18.383 1.50076e-05 1.50073e-05
18384 18.384 1.49933e-05 1.49852e-05
18385 18.385 1.50074e-05 1.49925e-05
18386 18.386 1.50122e-05 1.50214e-05
18387 18.387 1.50045e-05 1.5008e-05
18388 18.388 1.5006e-05 1.49973e-05
18389 18.389 1.49889e-05 1.49864e-05
18390 18.39 1.4993e-05 1.49922e-05
18391 18.391 1.49925e-05 1.5006e-05
18392 18.392 1.50124e-05 1.50093e-05
18393 18.393 1.50015e-05 1.50013e-05
18394 18.394 1.50217e-05 1.50175e-05
18395 18.395 1.50109e-05 1.5024e-05
18396 18.396 1.50038e-05 1.50127e-05
18397 18.397 1.50079e-05 1.50041e-05
18398 18.398 1.50129e-05 1.50233e-05
18399 18.399 1.50054e-05 1.50056e-05
18400 18.4 1.4981e-05 1.49769e-05
18401 18.401 1.5014e-05 1.50068e-05
18402 18.402 1.50128e-05 1.49979e-05
18403 18.403 1.49866e-05 1.49926e-05
18404 18.404 1.49852e-05 1.4985e-05
18405 18.405 1.4978e-05 1.49668e-05
18406 18.406 1.49883e-05 1.49876e-05
18407 18.407 1.49888e-05 1.49765e-05
18408 18.408 1.50081e-05 1.4997e-05
18409 18.409 1.50128e-05 1.50156e-05
18410 18.41 1.50073e-05 1.50043e-05
18411 18.411 1.50108e-05 1.50047e-05
18412 18.412 1.50116e-05 1.50203e-05
18413 18.413 1.50244e-05 1.50162e-05
18414 18.414 1.50004e-05 1.49983e-05
18415 18.415 1.50233e-05 1.50288e-05
18416 18.416 1.50139e-05 1.49957e-05
18417 18.417 1.5003e-05 1.49942e-05
18418 18.418 1.49988e-05 1.49808e-05
18419 18.419 1.50118e-05 1.50198e-05
18420 18.42 1.50085e-05 1.50164e-05
18421 18.421 1.5002e-05 1.50195e-05
18422 18.422 1.49948e-05 1.49968e-05
18423 18.423 1.49909e-05 1.49881e-05
18424 18.424 1.50017e-05 1.50047e-05
18425 18.425 1.5004e-05 1.50042e-05
18426 18.426 1.50064e-05 1.50034e-05
18427 18.427 1.5001e-05 1.50098e-05
18428 18.428 1.50157e-05 1.50152e-05
18429 18.429 1.4984e-05 1.49794e-05
18430 18.43 1.50114e-05 1.49986e-05
18431 18.431 1.49951e-05 1.50007e-05
18432 18.432 1.5007e-05 1.50176e-05
18433 18.433 1.50012e-05 1.5004e-05
18434 18.434 1.50061e-05 1.49833e-05
18435 18.435 1.50076e-05 1.50019e-05
18436 18.436 1.50172e-05 1.50237e-05
18437 18.437 1.49901e-05 1.49725e-05
18438 18.438 1.50168e-05 1.50175e-05
18439 18.439 1.5028e-05 1.50353e-05
18440 18.44 1.49941e-05 1.50007e-05
18441 18.441 1.5024e-05 1.50096e-05
18442 18.442 1.50228e-05 1.50122e-05
18443 18.443 1.49957e-05 1.49895e-05
18444 18.444 1.50119e-05 1.50131e-05
18445 18.445 1.50025e-05 1.50125e-05
18446 18.446 1.49943e-05 1.50133e-05
18447 18.447 1.4999e-05 1.50063e-05
18448 18.448 1.49958e-05 1.50167e-05
18449 18.449 1.50204e-05 1.50333e-05
18450 18.45 1.49882e-05 1.49865e-05
18451 18.451 1.49934e-05 1.49865e-05
18452 18.452 1.49998e-05 1.50223e-05
18453 18.453 1.49919e-05 1.49972e-05
18454 18.454 1.49991e-05 1.50083e-05
18455 18.455 1.50015e-05 1.50198e-05
18456 18.456 1.5011e-05 1.50254e-05
18457 18.457 1.50046e-05 1.50135e-05
18458 18.458 1.49981e-05 1.49991e-05
18459 18.459 1.49964e-05 1.49975e-05
18460 18.46 1.50071e-05 1.49953e-05
18461 18.461 1.50012e-05 1.50054e-05
18462 18.462 1.50093e-05 1.49867e-05
18463 18.463 1.49917e-05 1.4985e-05
18464 18.464 1.4984e-05 1.49685e-05
18465 18.465 1.50106e-05 1.50125e-05
18466 18.466 1.50178e-05 1.50349e-05
18467 18.467 1.50246e-05 1.50152e-05
18468 18.468 1.50146e-05 1.5001e-05
18469 18.469 1.50234e-05 1.5023e-05
18470 18.47 1.49992e-05 1.49978e-05
18471 18.471 1.50066e-05 1.5002e-05
18472 18.472 1.50168e-05 1.50188e-05
18473 18.473 1.50267e-05 1.50136e-05
18474 18.474 1.50015e-05 1.49948e-05
18475 18.475 1.50024e-05 1.49974e-05
18476 18.476 1.50159e-05 1.50309e-05
18477 18.477 1.50244e-05 1.50149e-05
18478 18.478 1.49871e-05 1.4999e-05
18479 18.479 1.50044e-05 1.50068e-05
18480 18.48 1.50129e-05 1.50188e-05
18481 18.481 1.50343e-05 1.50225e-05
18482 18.482 1.50072e-05 1.49944e-05
18483 18.483 1.50171e-05 1.50128e-05
18484 18.484 1.50397e-05 1.503e-05
18485 18.485 1.49987e-05 1.49824e-05
18486 18.486 1.5003e-05 1.49971e-05
18487 18.487 1.49949e-05 1.499e-05
18488 18.488 1.49959e-05 1.50017e-05
18489 18.489 1.50093e-05 1.49981e-05
18490 18.49 1.50142e-05 1.49994e-05
18491 18.491 1.50011e-05 1.50063e-05
18492 18.492 1.50053e-05 1.50178e-05
18493 18.493 1.50214e-05 1.50346e-05
18494 18.494 1.50067e-05 1.50084e-05
18495 18.495 1.50139e-05 1.50112e-05
18496 18.496 1.49942e-05 1.4992e-05
18497 18.497 1.49837e-05 1.49931e-05
18498 18.498 1.50071e-05 1.50031e-05
18499 18.499 1.49779e-05 1.49972e-05
18500 18.5 1.49956e-05 1.49899e-05
18501 18.501 1.49932e-05 1.50006e-05
18502 18.502 1.49876e-05 1.50061e-05
18503 18.503 1.49954e-05 1.4992e-05
18504 18.504 1.49862e-05 1.49809e-05
18505 18.505 1.50132e-05 1.50073e-05
18506 18.506 1.49874e-05 1.50019e-05
18507 18.507 1.49911e-05 1.49836e-05
18508 18.508 1.50085e-05 1.49993e-05
18509 18.509 1.50329e-05 1.50337e-05
18510 18.51 1.50092e-05 1.50164e-05
18511 18.511 1.49958e-05 1.4993e-05
18512 18.512 1.50203e-05 1.50343e-05
18513 18.513 1.50155e-05 1.50106e-05
18514 18.514 1.50061e-05 1.49843e-05
18515 18.515 1.50151e-05 1.50173e-05
18516 18.516 1.50372e-05 1.50427e-05
18517 18.517 1.49974e-05 1.49962e-05
18518 18.518 1.49977e-05 1.4994e-05
18519 18.519 1.49918e-05 1.49796e-05
18520 18.52 1.50077e-05 1.49957e-05
18521 18.521 1.50158e-05 1.50182e-05
18522 18.522 1.50013e-05 1.49951e-05
18523 18.523 1.50208e-05 1.50119e-05
18524 18.524 1.50104e-05 1.50127e-05
18525 18.525 1.50185e-05 1.50168e-05
18526 18.526 1.50038e-05 1.50116e-05
18527 18.527 1.50028e-05 1.49998e-05
18528 18.528 1.50148e-05 1.50161e-05
18529 18.529 1.50006e-05 1.50028e-05
18530 18.53 1.50087e-05 1.50234e-05
18531 18.531 1.49907e-05 1.49773e-05
18532 18.532 1.50028e-05 1.49946e-05
18533 18.533 1.50129e-05 1.50051e-05
18534 18.534 1.50014e-05 1.50165e-05
18535 18.535 1.50035e-05 1.50048e-05
18536 18.536 1.49828e-05 1.49919e-05
18537 18.537 1.50119e-05 1.50158e-05
18538 18.538 1.50013e-05 1.50154e-05
18539 18.539 1.50064e-05 1.5003e-05
18540 18.54 1.4981e-05 1.49835e-05
18541 18.541 1.49701e-05 1.49817e-05
18542 18.542 1.50078e-05 1.5e-05
18543 18.543 1.50029e-05 1.50129e-05
18544 18.544 1.50132e-05 1.50023e-05
18545 18.545 1.49907e-05 1.49919e-05
18546 18.546 1.50059e-05 1.49965e-05
18547 18.547 1.50163e-05 1.50055e-05
18548 18.548 1.50335e-05 1.50257e-05
18549 18.549 1.50139e-05 1.50003e-05
18550 18.55 1.50136e-05 1.50009e-05
18551 18.551 1.50128e-05 1.50001e-05
18552 18.552 1.5008e-05 1.49968e-05
18553 18.553 1.50189e-05 1.50255e-05
18554 18.554 1.49936e-05 1.49756e-05
18555 18.555 1.50141e-05 1.5012e-05
18556 18.556 1.50086e-05 1.50176e-05
18557 18.557 1.50021e-05 1.50149e-05
18558 18.558 1.50263e-05 1.50351e-05
18559 18.559 1.50202e-05 1.50231e-05
18560 18.56 1.49851e-05 1.50049e-05
18561 18.561 1.49927e-05 1.50022e-05
18562 18.562 1.49942e-05 1.50057e-05
18563 18.563 1.50133e-05 1.50102e-05
18564 18.564 1.50066e-05 1.50124e-05
18565 18.565 1.50016e-05 1.49895e-05
18566 18.566 1.50136e-05 1.50284e-05
18567 18.567 1.49976e-05 1.50069e-05
18568 18.568 1.50081e-05 1.50256e-05
18569 18.569 1.49918e-05 1.49992e-05
18570 18.57 1.49928e-05 1.49733e-05
18571 18.571 1.5e-05 1.50095e-05
18572 18.572 1.49907e-05 1.49679e-05
18573 18.573 1.50062e-05 1.50074e-05
18574 18.574 1.49752e-05 1.49753e-05
18575 18.575 1.49975e-05 1.50133e-05
18576 18.576 1.50035e-05 1.49961e-05
18577 18.577 1.50011e-05 1.49962e-05
18578 18.578 1.50187e-05 1.49932e-05
18579 18.579 1.50102e-05 1.5006e-05
18580 18.58 1.49725e-05 1.49562e-05
18581 18.581 1.50123e-05 1.50175e-05
18582 18.582 1.49942e-05 1.49793e-05
18583 18.583 1.50022e-05 1.50103e-05
18584 18.584 1.50015e-05 1.49998e-05
18585 18.585 1.50091e-05 1.50205e-05
18586 18.586 1.50084e-05 1.50098e-05
18587 18.587 1.49951e-05 1.49942e-05
18588 18.588 1.49905e-05 1.49908e-05
18589 18.589 1.50253e-05 1.50368e-05
18590 18.59 1.50153e-05 1.50222e-05
18591 18.591 1.5008e-05 1.50134e-05
18592 18.592 1.50268e-05 1.50241e-05
18593 18.593 1.50168e-05 1.50281e-05
18594 18.594 1.50025e-05 1.49877e-05
18595 18.595 1.50071e-05 1.49985e-05
18596 18.596 1.49951e-05 1.49736e-05
18597 18.597 1.50004e-05 1.4996e-05
18598 18.598 1.50109e-05 1.50065e-05
18599 18.599 1.50012e-05 1.49887e-05
18600 18.6 1.49946e-05 1.49996e-05
18601 18.601 1.5007e-05 1.50056e-05
18602 18.602 1.50078e-05 1.50074e-05
18603 18.603 1.50164e-05 1.499e-05
18604 18.604 1.50171e-05 1.50236e-05
18605 18.605 1.4997e-05 1.49941e-05
18606 18.606 1.50105e-05 1.50149e-05
18607 18.607 1.50088e-05 1.49951e-05
18608 18.608 1.49996e-05 1.50035e-05
18609 18.609 1.50159e-05 1.50074e-05
18610 18.61 1.49889e-05 1.49825e-05
18611 18.611 1.49897e-05 1.49905e-05
18612 18.612 1.5009e-05 1.49977e-05
18613 18.613 1.49944e-05 1.5005e-05
18614 18.614 1.50018e-05 1.50092e-05
18615 18.615 1.49895e-05 1.49801e-05
18616 18.616 1.50033e-05 1.50165e-05
18617 18.617 1.5012e-05 1.50181e-05
18618 18.618 1.49914e-05 1.49958e-05
18619 18.619 1.50142e-05 1.50096e-05
18620 18.62 1.50084e-05 1.50269e-05
18621 18.621 1.49914e-05 1.49818e-05
18622 18.622 1.50208e-05 1.50391e-05
18623 18.623 1.49878e-05 1.49771e-05
18624 18.624 1.49817e-05 1.49787e-05
18625 18.625 1.49933e-05 1.4985e-05
18626 18.626 1.49976e-05 1.50005e-05
18627 18.627 1.49779e-05 1.49648e-05
18628 18.628 1.49959e-05 1.50005e-05
18629 18.629 1.49866e-05 1.49915e-05
18630 18.63 1.49931e-05 1.49838e-05
18631 18.631 1.50017e-05 1.50071e-05
18632 18.632 1.49926e-05 1.49976e-05
18633 18.633 1.49894e-05 1.50008e-05
18634 18.634 1.49812e-05 1.49764e-05
18635 18.635 1.49756e-05 1.49831e-05
18636 18.636 1.4999e-05 1.50026e-05
18637 18.637 1.49797e-05 1.49813e-05
18638 18.638 1.49775e-05 1.49683e-05
18639 18.639 1.50139e-05 1.5027e-05
18640 18.64 1.49964e-05 1.49757e-05
18641 18.641 1.49801e-05 1.49579e-05
18642 18.642 1.50006e-05 1.49987e-05
18643 18.643 1.49963e-05 1.49906e-05
18644 18.644 1.49956e-05 1.50162e-05
18645 18.645 1.50071e-05 1.50205e-05
18646 18.646 1.49944e-05 1.50115e-05
18647 18.647 1.50219e-05 1.50301e-05
18648 18.648 1.50129e-05 1.50034e-05
18649 18.649 1.49933e-05 1.50107e-05
18650 18.65 1.50184e-05 1.50088e-05
18651 18.651 1.4985e-05 1.49859e-05
18652 18.652 1.49913e-05 1.49985e-05
18653 18.653 1.50295e-05 1.5025e-05
18654 18.654 1.50064e-05 1.50016e-05
18655 18.655 1.50207e-05 1.50229e-05
18656 18.656 1.50122e-05 1.50017e-05
18657 18.657 1.50063e-05 1.50139e-05
18658 18.658 1.49929e-05 1.49802e-05
18659 18.659 1.5009e-05 1.50193e-05
18660 18.66 1.50275e-05 1.50353e-05
18661 18.661 1.49972e-05 1.49828e-05
18662 18.662 1.4992e-05 1.49922e-05
18663 18.663 1.5003e-05 1.49907e-05
18664 18.664 1.50054e-05 1.50098e-05
18665 18.665 1.49758e-05 1.49594e-05
18666 18.666 1.50275e-05 1.50509e-05
18667 18.667 1.49981e-05 1.50206e-05
18668 18.668 1.49958e-05 1.49963e-05
18669 18.669 1.5003e-05 1.49955e-05
18670 18.67 1.50067e-05 1.50064e-05
18671 18.671 1.49915e-05 1.50054e-05
18672 18.672 1.49863e-05 1.49848e-05
18673 18.673 1.49844e-05 1.49937e-05
18674 18.674 1.50111e-05 1.50096e-05
18675 18.675 1.50055e-05 1.5018e-05
18676 18.676 1.50015e-05 1.49905e-05
18677 18.677 1.49894e-05 1.49786e-05
18678 18.678 1.49882e-05 1.49862e-05
18679 18.679 1.5002e-05 1.49841e-05
18680 18.68 1.5009e-05 1.50084e-05
18681 18.681 1.49918e-05 1.49724e-05
18682 18.682 1.49914e-05 1.49859e-05
18683 18.683 1.49971e-05 1.49998e-05
18684 18.684 1.49964e-05 1.49869e-05
18685 18.685 1.4999e-05 1.50105e-05
18686 18.686 1.49975e-05 1.5004e-05
18687 18.687 1.50025e-05 1.49989e-05
18688 18.688 1.50001e-05 1.50068e-05
18689 18.689 1.50078e-05 1.50069e-05
18690 18.69 1.50254e-05 1.50387e-05
18691 18.691 1.49922e-05 1.49731e-05
18692 18.692 1.49828e-05 1.49853e-05
18693 18.693 1.49972e-05 1.50038e-05
18694 18.694 1.50032e-05 1.50116e-05
18695 18.695 1.4991e-05 1.4985e-05
18696 18.696 1.50061e-05 1.50054e-05
18697 18.697 1.5e-05 1.49981e-05
18698 18.698 1.50158e-05 1.50245e-05
18699 18.699 1.50141e-05 1.49985e-05
18700 18.7 1.50052e-05 1.50297e-05
18701 18.701 1.50133e-05 1.502e-05
18702 18.702 1.50154e-05 1.50011e-05
18703 18.703 1.50072e-05 1.50001e-05
18704 18.704 1.50212e-05 1.50014e-05
18705 18.705 1.50094e-05 1.50069e-05
18706 18.706 1.49915e-05 1.49927e-05
18707 18.707 1.50005e-05 1.49959e-05
18708 18.708 1.49936e-05 1.50113e-05
18709 18.709 1.49991e-05 1.49989e-05
18710 18.71 1.50035e-05 1.50052e-05
18711 18.711 1.50143e-05 1.50212e-05
18712 18.712 1.50128e-05 1.50229e-05
18713 18.713 1.50002e-05 1.49988e-05
18714 18.714 1.49913e-05 1.50076e-05
18715 18.715 1.49951e-05 1.49846e-05
18716 18.716 1.4994e-05 1.49951e-05
18717 18.717 1.50199e-05 1.50313e-05
18718 18.718 1.50349e-05 1.50528e-05
18719 18.719 1.50023e-05 1.50119e-05
18720 18.72 1.50031e-05 1.50205e-05
18721 18.721 1.4963e-05 1.498e-05
18722 18.722 1.49883e-05 1.49768e-05
18723 18.723 1.50007e-05 1.49962e-05
18724 18.724 1.49829e-05 1.4983e-05
18725 18.725 1.49904e-05 1.49851e-05
18726 18.726 1.49955e-05 1.49928e-05
18727 18.727 1.50075e-05 1.50164e-05
18728 18.728 1.49915e-05 1.49884e-05
18729 18.729 1.49909e-05 1.49743e-05
18730 18.73 1.49918e-05 1.49818e-05
18731 18.731 1.50113e-05 1.5004e-05
18732 18.732 1.5017e-05 1.5023e-05
18733 18.733 1.5002e-05 1.50117e-05
18734 18.734 1.50029e-05 1.49761e-05
18735 18.735 1.49988e-05 1.49999e-05
18736 18.736 1.49978e-05 1.50123e-05
18737 18.737 1.50007e-05 1.50116e-05
18738 18.738 1.50076e-05 1.50158e-05
18739 18.739 1.50001e-05 1.49993e-05
18740 18.74 1.49978e-05 1.50099e-05
18741 18.741 1.49965e-05 1.49896e-05
18742 18.742 1.49979e-05 1.49804e-05
18743 18.743 1.49883e-05 1.49901e-05
18744 18.744 1.50038e-05 1.49914e-05
18745 18.745 1.49832e-05 1.49771e-05
18746 18.746 1.4996e-05 1.49927e-05
18747 18.747 1.49808e-05 1.497e-05
18748 18.748 1.50131e-05 1.50048e-05
18749 18.749 1.50021e-05 1.49962e-05
18750 18.75 1.50036e-05 1.49944e-05
18751 18.751 1.49976e-05 1.50189e-05
18752 18.752 1.50016e-05 1.49941e-05
18753 18.753 1.49862e-05 1.49791e-05
18754 18.754 1.4988e-05 1.49789e-05
18755 18.755 1.50101e-05 1.50012e-05
18756 18.756 1.50255e-05 1.50322e-05
18757 18.757 1.50128e-05 1.50095e-05
18758 18.758 1.50111e-05 1.50245e-05
18759 18.759 1.50107e-05 1.50273e-05
18760 18.76 1.49981e-05 1.50049e-05
18761 18.761 1.49954e-05 1.49998e-05
18762 18.762 1.50039e-05 1.50107e-05
18763 18.763 1.49944e-05 1.49932e-05
18764 18.764 1.50086e-05 1.49956e-05
18765 18.765 1.49988e-05 1.50079e-05
18766 18.766 1.50057e-05 1.50168e-05
18767 18.767 1.50171e-05 1.49955e-05
18768 18.768 1.49877e-05 1.49834e-05
18769 18.769 1.50349e-05 1.50222e-05
18770 18.77 1.50254e-05 1.50378e-05
18771 18.771 1.50138e-05 1.50286e-05
18772 18.772 1.50142e-05 1.50213e-05
18773 18.773 1.50127e-05 1.50054e-05
18774 18.774 1.49976e-05 1.50041e-05
18775 18.775 1.49935e-05 1.49886e-05
18776 18.776 1.50044e-05 1.49977e-05
18777 18.777 1.5006e-05 1.50067e-05
18778 18.778 1.49907e-05 1.50084e-05
18779 18.779 1.4985e-05 1.49751e-05
18780 18.78 1.50249e-05 1.50309e-05
18781 18.781 1.50216e-05 1.50306e-05
18782 18.782 1.5005e-05 1.50011e-05
18783 18.783 1.50251e-05 1.50106e-05
18784 18.784 1.50028e-05 1.50008e-05
18785 18.785 1.50259e-05 1.50258e-05
18786 18.786 1.50348e-05 1.50329e-05
18787 18.787 1.50063e-05 1.50125e-05
18788 18.788 1.50193e-05 1.50112e-05
18789 18.789 1.50089e-05 1.50097e-05
18790 18.79 1.49964e-05 1.49901e-05
18791 18.791 1.49973e-05 1.49932e-05
18792 18.792 1.50056e-05 1.50027e-05
18793 18.793 1.49976e-05 1.50139e-05
18794 18.794 1.49961e-05 1.4997e-05
18795 18.795 1.50102e-05 1.49923e-05
18796 18.796 1.50188e-05 1.50089e-05
18797 18.797 1.50121e-05 1.50124e-05
18798 18.798 1.50129e-05 1.50112e-05
18799 18.799 1.50144e-05 1.50343e-05
18800 18.8 1.50035e-05 1.50235e-05
18801 18.801 1.49914e-05 1.5006e-05
18802 18.802 1.50166e-05 1.50156e-05
18803 18.803 1.4989e-05 1.49959e-05
18804 18.804 1.49962e-05 1.5003e-05
18805 18.805 1.50002e-05 1.5016e-05
18806 18.806 1.5002e-05 1.50066e-05
18807 18.807 1.50004e-05 1.49865e-05
18808 18.808 1.5019e-05 1.50069e-05
18809 18.809 1.50107e-05 1.50178e-05
18810 18.81 1.49933e-05 1.49901e-05
18811 18.811 1.50113e-05 1.50037e-05
18812 18.812 1.50075e-05 1.50043e-05
18813 18.813 1.50112e-05 1.50122e-05
18814 18.814 1.50154e-05 1.50074e-05
18815 18.815 1.5009e-05 1.49967e-05
18816 18.816 1.50284e-05 1.50236e-05
18817 18.817 1.4996e-05 1.49882e-05
18818 18.818 1.49992e-05 1.50069e-05
18819 18.819 1.50147e-05 1.50106e-05
18820 18.82 1.50249e-05 1.50145e-05
18821 18.821 1.50067e-05 1.50227e-05
18822 18.822 1.49983e-05 1.49888e-05
18823 18.823 1.49966e-05 1.49963e-05
18824 18.824 1.5008e-05 1.50103e-05
18825 18.825 1.50307e-05 1.50348e-05
18826 18.826 1.50123e-05 1.49921e-05
18827 18.827 1.50095e-05 1.50024e-05
18828 18.828 1.50065e-05 1.50149e-05
18829 18.829 1.50081e-05 1.50075e-05
18830 18.83 1.50232e-05 1.50216e-05
18831 18.831 1.50142e-05 1.50435e-05
18832 18.832 1.50107e-05 1.50101e-05
18833 18.833 1.49919e-05 1.4981e-05
18834 18.834 1.4998e-05 1.50092e-05
18835 18.835 1.50119e-05 1.49988e-05
18836 18.836 1.50061e-05 1.50056e-05
18837 18.837 1.50123e-05 1.50303e-05
18838 18.838 1.50092e-05 1.50116e-05
18839 18.839 1.49948e-05 1.50043e-05
18840 18.84 1.50124e-05 1.50087e-05
18841 18.841 1.49902e-05 1.49917e-05
18842 18.842 1.50028e-05 1.50105e-05
18843 18.843 1.50149e-05 1.50116e-05
18844 18.844 1.50053e-05 1.49966e-05
18845 18.845 1.49914e-05 1.49803e-05
18846 18.846 1.4999e-05 1.49896e-05
18847 18.847 1.49913e-05 1.50026e-05
18848 18.848 1.50323e-05 1.50286e-05
18849 18.849 1.50089e-05 1.50131e-05
18850 18.85 1.50007e-05 1.50123e-05
18851 18.851 1.4996e-05 1.49897e-05
18852 18.852 1.50067e-05 1.50076e-05
18853 18.853 1.50175e-05 1.50179e-05
18854 18.854 1.49952e-05 1.4993e-05
18855 18.855 1.50097e-05 1.50304e-05
18856 18.856 1.50051e-05 1.49958e-05
18857 18.857 1.50123e-05 1.50226e-05
18858 18.858 1.50124e-05 1.50316e-05
18859 18.859 1.50097e-05 1.49976e-05
18860 18.86 1.49963e-05 1.50097e-05
18861 18.861 1.5014e-05 1.50101e-05
18862 18.862 1.50006e-05 1.49853e-05
18863 18.863 1.50037e-05 1.49998e-05
18864 18.864 1.50043e-05 1.49985e-05
18865 18.865 1.5002e-05 1.49975e-05
18866 18.866 1.50085e-05 1.50022e-05
18867 18.867 1.50171e-05 1.50278e-05
18868 18.868 1.49783e-05 1.49632e-05
18869 18.869 1.50024e-05 1.50107e-05
18870 18.87 1.49972e-05 1.49788e-05
18871 18.871 1.49918e-05 1.49823e-05
18872 18.872 1.50093e-05 1.50047e-05
18873 18.873 1.50036e-05 1.50055e-05
18874 18.874 1.50113e-05 1.50203e-05
18875 18.875 1.49993e-05 1.50191e-05
18876 18.876 1.50072e-05 1.50114e-05
18877 18.877 1.50122e-05 1.49902e-05
18878 18.878 1.4987e-05 1.49806e-05
18879 18.879 1.50023e-05 1.50023e-05
18880 18.88 1.50189e-05 1.50354e-05
18881 18.881 1.49802e-05 1.49978e-05
18882 18.882 1.49994e-05 1.49926e-05
18883 18.883 1.50014e-05 1.49892e-05
18884 18.884 1.49932e-05 1.49933e-05
18885 18.885 1.50147e-05 1.50159e-05
18886 18.886 1.49942e-05 1.50031e-05
18887 18.887 1.49987e-05 1.5005e-05
18888 18.888 1.50116e-05 1.50146e-05
18889 18.889 1.50159e-05 1.50161e-05
18890 18.89 1.50007e-05 1.49887e-05
18891 18.891 1.49881e-05 1.49733e-05
18892 18.892 1.49883e-05 1.49919e-05
18893 18.893 1.50145e-05 1.50214e-05
18894 18.894 1.50058e-05 1.50072e-05
18895 18.895 1.49953e-05 1.49982e-05
18896 18.896 1.49928e-05 1.49807e-05
18897 18.897 1.49902e-05 1.49971e-05
18898 18.898 1.50021e-05 1.50114e-05
18899 18.899 1.50209e-05 1.50088e-05
18900 18.9 1.50066e-05 1.50021e-05
18901 18.901 1.50084e-05 1.49955e-05
18902 18.902 1.49999e-05 1.49931e-05
18903 18.903 1.50046e-05 1.50005e-05
18904 18.904 1.49906e-05 1.50076e-05
18905 18.905 1.49959e-05 1.4984e-05
18906 18.906 1.49916e-05 1.49799e-05
18907 18.907 1.50139e-05 1.50113e-05
18908 18.908 1.49843e-05 1.49761e-05
18909 18.909 1.50101e-05 1.50164e-05
18910 18.91 1.49851e-05 1.49819e-05
18911 18.911 1.49799e-05 1.49737e-05
18912 18.912 1.49984e-05 1.49979e-05
18913 18.913 1.49747e-05 1.49773e-05
18914 18.914 1.49908e-05 1.49771e-05
18915 18.915 1.50104e-05 1.50196e-05
18916 18.916 1.49932e-05 1.49853e-05
18917 18.917 1.50036e-05 1.49978e-05
18918 18.918 1.49957e-05 1.50046e-05
18919 18.919 1.49806e-05 1.50007e-05
18920 18.92 1.50081e-05 1.50049e-05
18921 18.921 1.49979e-05 1.50021e-05
18922 18.922 1.5019e-05 1.50208e-05
18923 18.923 1.50044e-05 1.50051e-05
18924 18.924 1.49919e-05 1.49696e-05
18925 18.925 1.50275e-05 1.50228e-05
18926 18.926 1.4989e-05 1.49854e-05
18927 18.927 1.49888e-05 1.49857e-05
18928 18.928 1.49976e-05 1.49814e-05
18929 18.929 1.49863e-05 1.49854e-05
18930 18.93 1.49982e-05 1.49981e-05
18931 18.931 1.49882e-05 1.49773e-05
18932 18.932 1.49871e-05 1.49888e-05
18933 18.933 1.50003e-05 1.49819e-05
18934 18.934 1.50061e-05 1.50051e-05
18935 18.935 1.50042e-05 1.49886e-05
18936 18.936 1.49661e-05 1.49755e-05
18937 18.937 1.49777e-05 1.49676e-05
18938 18.938 1.49931e-05 1.49717e-05
18939 18.939 1.49916e-05 1.49929e-05
18940 18.94 1.49989e-05 1.50027e-05
18941 18.941 1.49871e-05 1.49854e-05
18942 18.942 1.49695e-05 1.49723e-05
18943 18.943 1.49978e-05 1.49942e-05
18944 18.944 1.50181e-05 1.50138e-05
18945 18.945 1.50031e-05 1.5018e-05
18946 18.946 1.49823e-05 1.49767e-05
18947 18.947 1.49864e-05 1.50027e-05
18948 18.948 1.49857e-05 1.49726e-05
18949 18.949 1.50006e-05 1.49812e-05
18950 18.95 1.50142e-05 1.50089e-05
18951 18.951 1.50104e-05 1.50023e-05
18952 18.952 1.49905e-05 1.4992e-05
18953 18.953 1.50263e-05 1.50381e-05
18954 18.954 1.49867e-05 1.4979e-05
18955 18.955 1.50082e-05 1.49952e-05
18956 18.956 1.50152e-05 1.49981e-05
18957 18.957 1.50076e-05 1.49953e-05
18958 18.958 1.50031e-05 1.49883e-05
18959 18.959 1.50033e-05 1.50123e-05
18960 18.96 1.50012e-05 1.49884e-05
18961 18.961 1.50082e-05 1.50046e-05
18962 18.962 1.50197e-05 1.49969e-05
18963 18.963 1.50134e-05 1.5011e-05
18964 18.964 1.50027e-05 1.50023e-05
18965 18.965 1.4996e-05 1.49997e-05
18966 18.966 1.50056e-05 1.50184e-05
18967 18.967 1.50099e-05 1.49975e-05
18968 18.968 1.49992e-05 1.49938e-05
18969 18.969 1.50064e-05 1.50134e-05
18970 18.97 1.49889e-05 1.50016e-05
18971 18.971 1.50133e-05 1.50087e-05
18972 18.972 1.49904e-05 1.49687e-05
18973 18.973 1.50066e-05 1.50014e-05
18974 18.974 1.50011e-05 1.4998e-05
18975 18.975 1.49957e-05 1.49882e-05
18976 18.976 1.50051e-05 1.49942e-05
18977 18.977 1.50116e-05 1.50085e-05
18978 18.978 1.50068e-05 1.49939e-05
18979 18.979 1.50043e-05 1.50027e-05
18980 18.98 1.49809e-05 1.49651e-05
18981 18.981 1.50082e-05 1.50051e-05
18982 18.982 1.49902e-05 1.49828e-05
18983 18.983 1.50076e-05 1.49901e-05
18984 18.984 1.50204e-05 1.50329e-05
18985 18.985 1.49886e-05 1.50012e-05
18986 18.986 1.49959e-05 1.49899e-05
18987 18.987 1.49852e-05 1.4976e-05
18988 18.988 1.49973e-05 1.49976e-05
18989 18.989 1.49769e-05 1.49804e-05
18990 18.99 1.50265e-05 1.50293e-05
18991 18.991 1.50132e-05 1.4994e-05
18992 18.992 1.50137e-05 1.50138e-05
18993 18.993 1.49928e-05 1.49918e-05
18994 18.994 1.49983e-05 1.49823e-05
18995 18.995 1.50042e-05 1.50087e-05
18996 18.996 1.49931e-05 1.50064e-05
18997 18.997 1.4995e-05 1.49956e-05
18998 18.998 1.49848e-05 1.49688e-05
18999 18.999 1.49946e-05 1.49845e-05
19000 19 1.50043e-05 1.50012e-05
19001 19.001 1.49875e-05 1.49987e-05
19002 19.002 1.50005e-05 1.50028e-05
19003 19.003 1.49965e-05 1.50026e-05
19004 19.004 1.49991e-05 1.50036e-05
19005 19.005 1.50082e-05 1.50226e-05
19006 19.006 1.49894e-05 1.50023e-05
19007 19.007 1.5032e-05 1.50405e-05
19008 19.008 1.50257e-05 1.50253e-05
19009 19.009 1.49828e-05 1.49941e-05
19010 19.01 1.50254e-05 1.50208e-05
19011 19.011 1.50185e-05 1.49992e-05
19012 19.012 1.5011e-05 1.49757e-05
19013 19.013 1.50188e-05 1.50213e-05
19014 19.014 1.49981e-05 1.49977e-05
19015 19.015 1.49962e-05 1.49906e-05
19016 19.016 1.50242e-05 1.50228e-05
19017 19.017 1.50062e-05 1.50231e-05
19018 19.018 1.50021e-05 1.49934e-05
19019 19.019 1.49971e-05 1.49859e-05
19020 19.02 1.49932e-05 1.49689e-05
19021 19.021 1.49927e-05 1.49946e-05
19022 19.022 1.50238e-05 1.5025e-05
19023 19.023 1.4991e-05 1.49871e-05
19024 19.024 1.49874e-05 1.49766e-05
19025 19.025 1.49846e-05 1.49844e-05
19026 19.026 1.49899e-05 1.4986e-05
19027 19.027 1.50044e-05 1.49686e-05
19028 19.028 1.50018e-05 1.50087e-05
19029 19.029 1.49931e-05 1.49931e-05
19030 19.03 1.50058e-05 1.50042e-05
19031 19.031 1.49946e-05 1.49949e-05
19032 19.032 1.50138e-05 1.50133e-05
19033 19.033 1.50078e-05 1.50218e-05
19034 19.034 1.49815e-05 1.49803e-05
19035 19.035 1.50035e-05 1.50219e-05
19036 19.036 1.50265e-05 1.50324e-05
19037 19.037 1.49878e-05 1.49783e-05
19038 19.038 1.50071e-05 1.5003e-05
19039 19.039 1.49893e-05 1.49932e-05
19040 19.04 1.49794e-05 1.49742e-05
19041 19.041 1.49848e-05 1.49877e-05
19042 19.042 1.5013e-05 1.49871e-05
19043 19.043 1.49967e-05 1.49924e-05
19044 19.044 1.50161e-05 1.50204e-05
19045 19.045 1.49974e-05 1.50078e-05
19046 19.046 1.49896e-05 1.49846e-05
19047 19.047 1.49927e-05 1.49835e-05
19048 19.048 1.50102e-05 1.50261e-05
19049 19.049 1.49992e-05 1.49986e-05
19050 19.05 1.50071e-05 1.49944e-05
19051 19.051 1.50263e-05 1.50177e-05
19052 19.052 1.50193e-05 1.50399e-05
19053 19.053 1.49892e-05 1.49912e-05
19054 19.054 1.50241e-05 1.50146e-05
19055 19.055 1.50063e-05 1.50062e-05
19056 19.056 1.49908e-05 1.50243e-05
19057 19.057 1.50103e-05 1.50019e-05
19058 19.058 1.50193e-05 1.50294e-05
19059 19.059 1.50048e-05 1.50198e-05
19060 19.06 1.50272e-05 1.50246e-05
19061 19.061 1.50085e-05 1.50053e-05
19062 19.062 1.50054e-05 1.50122e-05
19063 19.063 1.50027e-05 1.49961e-05
19064 19.064 1.49853e-05 1.49911e-05
19065 19.065 1.50181e-05 1.50321e-05
19066 19.066 1.50089e-05 1.50101e-05
19067 19.067 1.50046e-05 1.50287e-05
19068 19.068 1.50372e-05 1.50402e-05
19069 19.069 1.50121e-05 1.50104e-05
19070 19.07 1.50139e-05 1.50118e-05
19071 19.071 1.49987e-05 1.49981e-05
19072 19.072 1.50001e-05 1.50232e-05
19073 19.073 1.5002e-05 1.49988e-05
19074 19.074 1.49956e-05 1.49987e-05
19075 19.075 1.50092e-05 1.4999e-05
19076 19.076 1.50152e-05 1.49945e-05
19077 19.077 1.50245e-05 1.50161e-05
19078 19.078 1.50065e-05 1.49998e-05
19079 19.079 1.49979e-05 1.50079e-05
19080 19.08 1.49934e-05 1.49962e-05
19081 19.081 1.50051e-05 1.50082e-05
19082 19.082 1.50038e-05 1.50053e-05
19083 19.083 1.50082e-05 1.50067e-05
19084 19.084 1.50246e-05 1.50169e-05
19085 19.085 1.49876e-05 1.49684e-05
19086 19.086 1.4994e-05 1.49948e-05
19087 19.087 1.50231e-05 1.50365e-05
19088 19.088 1.5004e-05 1.49894e-05
19089 19.089 1.50161e-05 1.50214e-05
19090 19.09 1.50097e-05 1.49992e-05
19091 19.091 1.49945e-05 1.50087e-05
19092 19.092 1.50245e-05 1.49926e-05
19093 19.093 1.4993e-05 1.49988e-05
19094 19.094 1.50021e-05 1.49768e-05
19095 19.095 1.50015e-05 1.5005e-05
19096 19.096 1.50198e-05 1.50283e-05
19097 19.097 1.50149e-05 1.50147e-05
19098 19.098 1.50038e-05 1.50212e-05
19099 19.099 1.50169e-05 1.50129e-05
19100 19.1 1.49923e-05 1.49957e-05
19101 19.101 1.50134e-05 1.50212e-05
19102 19.102 1.50063e-05 1.50259e-05
19103 19.103 1.49946e-05 1.49856e-05
19104 19.104 1.50048e-05 1.50014e-05
19105 19.105 1.50147e-05 1.50176e-05
19106 19.106 1.49859e-05 1.49678e-05
19107 19.107 1.50155e-05 1.50242e-05
19108 19.108 1.50092e-05 1.50036e-05
19109 19.109 1.49976e-05 1.49915e-05
19110 19.11 1.50037e-05 1.5015e-05
19111 19.111 1.49882e-05 1.49785e-05
19112 19.112 1.50119e-05 1.50085e-05
19113 19.113 1.49962e-05 1.49926e-05
19114 19.114 1.4986e-05 1.49754e-05
19115 19.115 1.49952e-05 1.50005e-05
19116 19.116 1.50126e-05 1.50025e-05
19117 19.117 1.50135e-05 1.50097e-05
19118 19.118 1.50132e-05 1.50067e-05
19119 19.119 1.50168e-05 1.50009e-05
19120 19.12 1.49968e-05 1.50086e-05
19121 19.121 1.49941e-05 1.50191e-05
19122 19.122 1.49873e-05 1.49853e-05
19123 19.123 1.50132e-05 1.49944e-05
19124 19.124 1.49828e-05 1.49591e-05
19125 19.125 1.50057e-05 1.50114e-05
19126 19.126 1.49959e-05 1.49832e-05
19127 19.127 1.50167e-05 1.5015e-05
19128 19.128 1.4996e-05 1.50142e-05
19129 19.129 1.5004e-05 1.50227e-05
19130 19.13 1.49913e-05 1.49824e-05
19131 19.131 1.50114e-05 1.50304e-05
19132 19.132 1.49993e-05 1.5015e-05
19133 19.133 1.49921e-05 1.49797e-05
19134 19.134 1.49933e-05 1.49769e-05
19135 19.135 1.49877e-05 1.49682e-05
19136 19.136 1.50047e-05 1.49976e-05
19137 19.137 1.50038e-05 1.49969e-05
19138 19.138 1.50323e-05 1.50245e-05
19139 19.139 1.50107e-05 1.49947e-05
19140 19.14 1.50041e-05 1.49883e-05
19141 19.141 1.50082e-05 1.50299e-05
19142 19.142 1.5008e-05 1.50087e-05
19143 19.143 1.50035e-05 1.49821e-05
19144 19.144 1.5021e-05 1.50195e-05
19145 19.145 1.50125e-05 1.50215e-05
19146 19.146 1.50044e-05 1.4988e-05
19147 19.147 1.50152e-05 1.50262e-05
19148 19.148 1.50124e-05 1.50045e-05
19149 19.149 1.50122e-05 1.50098e-05
19150 19.15 1.49935e-05 1.49832e-05
19151 19.151 1.50037e-05 1.50031e-05
19152 19.152 1.49851e-05 1.49814e-05
19153 19.153 1.50154e-05 1.50172e-05
19154 19.154 1.50085e-05 1.49991e-05
19155 19.155 1.49919e-05 1.49848e-05
19156 19.156 1.50018e-05 1.49993e-05
19157 19.157 1.5016e-05 1.50156e-05
19158 19.158 1.49675e-05 1.4981e-05
19159 19.159 1.49871e-05 1.49881e-05
19160 19.16 1.49965e-05 1.49899e-05
19161 19.161 1.49939e-05 1.50081e-05
19162 19.162 1.50352e-05 1.50294e-05
19163 19.163 1.49981e-05 1.4996e-05
19164 19.164 1.4989e-05 1.49949e-05
19165 19.165 1.49859e-05 1.49808e-05
19166 19.166 1.50003e-05 1.49954e-05
19167 19.167 1.49755e-05 1.4974e-05
19168 19.168 1.49996e-05 1.49883e-05
19169 19.169 1.49962e-05 1.50056e-05
19170 19.17 1.499e-05 1.49864e-05
19171 19.171 1.50107e-05 1.50148e-05
19172 19.172 1.50084e-05 1.50032e-05
19173 19.173 1.50101e-05 1.50123e-05
19174 19.174 1.5018e-05 1.50277e-05
19175 19.175 1.50174e-05 1.50329e-05
19176 19.176 1.50072e-05 1.50274e-05
19177 19.177 1.50122e-05 1.50165e-05
19178 19.178 1.50271e-05 1.50369e-05
19179 19.179 1.49876e-05 1.49622e-05
19180 19.18 1.49907e-05 1.49686e-05
19181 19.181 1.49902e-05 1.49947e-05
19182 19.182 1.50109e-05 1.50064e-05
19183 19.183 1.49924e-05 1.49723e-05
19184 19.184 1.49967e-05 1.50238e-05
19185 19.185 1.50089e-05 1.50135e-05
19186 19.186 1.50039e-05 1.49817e-05
19187 19.187 1.49953e-05 1.49874e-05
19188 19.188 1.5009e-05 1.50221e-05
19189 19.189 1.49857e-05 1.49747e-05
19190 19.19 1.50116e-05 1.49899e-05
19191 19.191 1.49837e-05 1.49756e-05
19192 19.192 1.50035e-05 1.5011e-05
19193 19.193 1.50093e-05 1.501e-05
19194 19.194 1.50005e-05 1.4986e-05
19195 19.195 1.49942e-05 1.49899e-05
19196 19.196 1.50159e-05 1.50015e-05
19197 19.197 1.50024e-05 1.50067e-05
19198 19.198 1.49698e-05 1.49632e-05
19199 19.199 1.49882e-05 1.49674e-05
19200 19.2 1.49983e-05 1.50109e-05
19201 19.201 1.50117e-05 1.49942e-05
19202 19.202 1.49929e-05 1.49879e-05
19203 19.203 1.50016e-05 1.50177e-05
19204 19.204 1.49845e-05 1.49801e-05
19205 19.205 1.50002e-05 1.50189e-05
19206 19.206 1.49972e-05 1.50195e-05
19207 19.207 1.5003e-05 1.50203e-05
19208 19.208 1.49754e-05 1.49881e-05
19209 19.209 1.49848e-05 1.49758e-05
19210 19.21 1.50077e-05 1.50137e-05
19211 19.211 1.5003e-05 1.49899e-05
19212 19.212 1.49993e-05 1.5011e-05
19213 19.213 1.50178e-05 1.502e-05
19214 19.214 1.50123e-05 1.50153e-05
19215 19.215 1.49988e-05 1.49837e-05
19216 19.216 1.50009e-05 1.50184e-05
19217 19.217 1.50101e-05 1.50157e-05
19218 19.218 1.49962e-05 1.4993e-05
19219 19.219 1.50031e-05 1.5009e-05
19220 19.22 1.49943e-05 1.50096e-05
19221 19.221 1.50107e-05 1.50092e-05
19222 19.222 1.50136e-05 1.50267e-05
19223 19.223 1.5017e-05 1.50017e-05
19224 19.224 1.49952e-05 1.50053e-05
19225 19.225 1.49842e-05 1.49863e-05
19226 19.226 1.49883e-05 1.49958e-05
19227 19.227 1.5003e-05 1.50151e-05
19228 19.228 1.50025e-05 1.49951e-05
19229 19.229 1.50185e-05 1.5019e-05
19230 19.23 1.50181e-05 1.50321e-05
19231 19.231 1.50098e-05 1.50013e-05
19232 19.232 1.5e-05 1.50127e-05
19233 19.233 1.50215e-05 1.50227e-05
19234 19.234 1.49977e-05 1.49892e-05
19235 19.235 1.49922e-05 1.50077e-05
19236 19.236 1.50039e-05 1.5005e-05
19237 19.237 1.50025e-05 1.50107e-05
19238 19.238 1.49941e-05 1.49848e-05
19239 19.239 1.49809e-05 1.49709e-05
19240 19.24 1.49957e-05 1.50035e-05
19241 19.241 1.4998e-05 1.49854e-05
19242 19.242 1.50145e-05 1.50215e-05
19243 19.243 1.50103e-05 1.5019e-05
19244 19.244 1.50213e-05 1.50155e-05
19245 19.245 1.50004e-05 1.50108e-05
19246 19.246 1.50054e-05 1.49993e-05
19247 19.247 1.50105e-05 1.50189e-05
19248 19.248 1.49991e-05 1.49799e-05
19249 19.249 1.49772e-05 1.4976e-05
19250 19.25 1.49948e-05 1.49917e-05
19251 19.251 1.50113e-05 1.50128e-05
19252 19.252 1.49816e-05 1.49662e-05
19253 19.253 1.50058e-05 1.49849e-05
19254 19.254 1.50031e-05 1.49991e-05
19255 19.255 1.49999e-05 1.49973e-05
19256 19.256 1.5003e-05 1.4987e-05
19257 19.257 1.50056e-05 1.49979e-05
19258 19.258 1.50184e-05 1.50247e-05
19259 19.259 1.50018e-05 1.50173e-05
19260 19.26 1.49879e-05 1.49887e-05
19261 19.261 1.50041e-05 1.50017e-05
19262 19.262 1.502e-05 1.50225e-05
19263 19.263 1.49981e-05 1.50006e-05
19264 19.264 1.49946e-05 1.49716e-05
19265 19.265 1.50109e-05 1.5001e-05
19266 19.266 1.50001e-05 1.50014e-05
19267 19.267 1.50229e-05 1.50321e-05
19268 19.268 1.50093e-05 1.5012e-05
19269 19.269 1.50268e-05 1.50304e-05
19270 19.27 1.50192e-05 1.50116e-05
19271 19.271 1.50109e-05 1.50239e-05
19272 19.272 1.50211e-05 1.50171e-05
19273 19.273 1.50171e-05 1.50125e-05
19274 19.274 1.4994e-05 1.49773e-05
19275 19.275 1.50163e-05 1.50122e-05
19276 19.276 1.50164e-05 1.50238e-05
19277 19.277 1.49954e-05 1.49972e-05
19278 19.278 1.49954e-05 1.50003e-05
19279 19.279 1.50021e-05 1.49928e-05
19280 19.28 1.50143e-05 1.50227e-05
19281 19.281 1.5001e-05 1.49973e-05
19282 19.282 1.49986e-05 1.49982e-05
19283 19.283 1.50385e-05 1.50283e-05
19284 19.284 1.50143e-05 1.50195e-05
19285 19.285 1.50079e-05 1.50081e-05
19286 19.286 1.49934e-05 1.50087e-05
19287 19.287 1.49847e-05 1.49768e-05
19288 19.288 1.49962e-05 1.49772e-05
19289 19.289 1.50045e-05 1.49932e-05
19290 19.29 1.49841e-05 1.49896e-05
19291 19.291 1.50052e-05 1.50147e-05
19292 19.292 1.49902e-05 1.49948e-05
19293 19.293 1.5011e-05 1.5016e-05
19294 19.294 1.50112e-05 1.50244e-05
19295 19.295 1.50044e-05 1.50097e-05
19296 19.296 1.5016e-05 1.50266e-05
19297 19.297 1.49958e-05 1.4986e-05
19298 19.298 1.50003e-05 1.50143e-05
19299 19.299 1.5003e-05 1.50012e-05
19300 19.3 1.50118e-05 1.50127e-05
19301 19.301 1.50129e-05 1.50188e-05
19302 19.302 1.49972e-05 1.49919e-05
19303 19.303 1.49937e-05 1.49846e-05
19304 19.304 1.49997e-05 1.50127e-05
19305 19.305 1.50047e-05 1.50051e-05
19306 19.306 1.4994e-05 1.5001e-05
19307 19.307 1.49911e-05 1.50066e-05
19308 19.308 1.50108e-05 1.5015e-05
19309 19.309 1.49853e-05 1.49906e-05
19310 19.31 1.50079e-05 1.49943e-05
19311 19.311 1.49979e-05 1.5018e-05
19312 19.312 1.50066e-05 1.49951e-05
19313 19.313 1.4973e-05 1.49735e-05
19314 19.314 1.50017e-05 1.50048e-05
19315 19.315 1.50126e-05 1.50178e-05
19316 19.316 1.50107e-05 1.50035e-05
19317 19.317 1.50008e-05 1.50088e-05
19318 19.318 1.49847e-05 1.49835e-05
19319 19.319 1.50013e-05 1.50042e-05
19320 19.32 1.50035e-05 1.50105e-05
19321 19.321 1.49893e-05 1.49946e-05
19322 19.322 1.49939e-05 1.49945e-05
19323 19.323 1.49881e-05 1.49974e-05
19324 19.324 1.50092e-05 1.50315e-05
19325 19.325 1.50027e-05 1.49795e-05
19326 19.326 1.5003e-05 1.4996e-05
19327 19.327 1.49843e-05 1.49857e-05
19328 19.328 1.50134e-05 1.50055e-05
19329 19.329 1.50324e-05 1.50419e-05
19330 19.33 1.50055e-05 1.50254e-05
19331 19.331 1.50148e-05 1.50169e-05
19332 19.332 1.50015e-05 1.49955e-05
19333 19.333 1.50268e-05 1.50449e-05
19334 19.334 1.49918e-05 1.49895e-05
19335 19.335 1.4998e-05 1.50174e-05
19336 19.336 1.49936e-05 1.49909e-05
19337 19.337 1.50049e-05 1.50405e-05
19338 19.338 1.49845e-05 1.49816e-05
19339 19.339 1.50004e-05 1.50093e-05
19340 19.34 1.50005e-05 1.5009e-05
19341 19.341 1.49966e-05 1.50134e-05
19342 19.342 1.50081e-05 1.50176e-05
19343 19.343 1.50006e-05 1.50071e-05
19344 19.344 1.50158e-05 1.50293e-05
19345 19.345 1.50114e-05 1.50121e-05
19346 19.346 1.49957e-05 1.49786e-05
19347 19.347 1.50105e-05 1.50069e-05
19348 19.348 1.4997e-05 1.50208e-05
19349 19.349 1.4986e-05 1.49723e-05
19350 19.35 1.49962e-05 1.49994e-05
19351 19.351 1.5013e-05 1.50065e-05
19352 19.352 1.50235e-05 1.50164e-05
19353 19.353 1.5016e-05 1.50099e-05
19354 19.354 1.50052e-05 1.50167e-05
19355 19.355 1.49921e-05 1.49835e-05
19356 19.356 1.49808e-05 1.49772e-05
19357 19.357 1.50071e-05 1.49929e-05
19358 19.358 1.50056e-05 1.50001e-05
19359 19.359 1.50046e-05 1.50048e-05
19360 19.36 1.50071e-05 1.49917e-05
19361 19.361 1.49967e-05 1.49948e-05
19362 19.362 1.49958e-05 1.49903e-05
19363 19.363 1.49996e-05 1.50074e-05
19364 19.364 1.4989e-05 1.50003e-05
19365 19.365 1.49844e-05 1.49753e-05
19366 19.366 1.50007e-05 1.49956e-05
19367 19.367 1.49984e-05 1.49877e-05
19368 19.368 1.50129e-05 1.50148e-05
19369 19.369 1.49897e-05 1.50009e-05
19370 19.37 1.49935e-05 1.50036e-05
19371 19.371 1.49995e-05 1.5011e-05
19372 19.372 1.49701e-05 1.49622e-05
19373 19.373 1.5021e-05 1.50317e-05
19374 19.374 1.4994e-05 1.49982e-05
19375 19.375 1.5005e-05 1.5002e-05
19376 19.376 1.49913e-05 1.49912e-05
19377 19.377 1.49844e-05 1.49845e-05
19378 19.378 1.49992e-05 1.49894e-05
19379 19.379 1.49817e-05 1.4988e-05
19380 19.38 1.50034e-05 1.49825e-05
19381 19.381 1.50148e-05 1.50157e-05
19382 19.382 1.49918e-05 1.49885e-05
19383 19.383 1.50064e-05 1.49917e-05
19384 19.384 1.49798e-05 1.4982e-05
19385 19.385 1.49961e-05 1.50123e-05
19386 19.386 1.50101e-05 1.50308e-05
19387 19.387 1.50132e-05 1.5007e-05
19388 19.388 1.49863e-05 1.49914e-05
19389 19.389 1.50086e-05 1.50062e-05
19390 19.39 1.49974e-05 1.5008e-05
19391 19.391 1.50113e-05 1.50297e-05
19392 19.392 1.50157e-05 1.5033e-05
19393 19.393 1.49815e-05 1.49738e-05
19394 19.394 1.50048e-05 1.49936e-05
19395 19.395 1.50053e-05 1.5012e-05
19396 19.396 1.50075e-05 1.50041e-05
19397 19.397 1.4993e-05 1.49848e-05
19398 19.398 1.49967e-05 1.49892e-05
19399 19.399 1.50163e-05 1.5002e-05
19400 19.4 1.49853e-05 1.49791e-05
19401 19.401 1.50081e-05 1.50121e-05
19402 19.402 1.50028e-05 1.4998e-05
19403 19.403 1.50002e-05 1.50079e-05
19404 19.404 1.50021e-05 1.49911e-05
19405 19.405 1.49919e-05 1.49895e-05
19406 19.406 1.50001e-05 1.49781e-05
19407 19.407 1.49934e-05 1.4968e-05
19408 19.408 1.5004e-05 1.50063e-05
19409 19.409 1.49955e-05 1.50016e-05
19410 19.41 1.50078e-05 1.5008e-05
19411 19.411 1.49861e-05 1.49942e-05
19412 19.412 1.49885e-05 1.49911e-05
19413 19.413 1.49786e-05 1.49979e-05
19414 19.414 1.49942e-05 1.49819e-05
19415 19.415 1.50049e-05 1.50115e-05
19416 19.416 1.50029e-05 1.49989e-05
19417 19.417 1.50024e-05 1.49997e-05
19418 19.418 1.49934e-05 1.49698e-05
19419 19.419 1.50089e-05 1.50051e-05
19420 19.42 1.49803e-05 1.4986e-05
19421 19.421 1.49775e-05 1.49761e-05
19422 19.422 1.49942e-05 1.49829e-05
19423 19.423 1.49815e-05 1.49784e-05
19424 19.424 1.5006e-05 1.49919e-05
19425 19.425 1.50019e-05 1.50174e-05
19426 19.426 1.49889e-05 1.49771e-05
19427 19.427 1.50131e-05 1.50032e-05
19428 19.428 1.49965e-05 1.50016e-05
19429 19.429 1.49869e-05 1.49631e-05
19430 19.43 1.49965e-05 1.49859e-05
19431 19.431 1.50058e-05 1.50054e-05
19432 19.432 1.50129e-05 1.50268e-05
19433 19.433 1.50189e-05 1.50368e-05
19434 19.434 1.50207e-05 1.50074e-05
19435 19.435 1.49968e-05 1.50032e-05
19436 19.436 1.49983e-05 1.50168e-05
19437 19.437 1.49978e-05 1.50188e-05
19438 19.438 1.50022e-05 1.50056e-05
19439 19.439 1.49904e-05 1.49913e-05
19440 19.44 1.50071e-05 1.5021e-05
19441 19.441 1.5005e-05 1.49975e-05
19442 19.442 1.49931e-05 1.49984e-05
19443 19.443 1.49964e-05 1.49949e-05
19444 19.444 1.49935e-05 1.50091e-05
19445 19.445 1.50023e-05 1.50083e-05
19446 19.446 1.50057e-05 1.50205e-05
19447 19.447 1.50219e-05 1.50065e-05
19448 19.448 1.50014e-05 1.5e-05
19449 19.449 1.49826e-05 1.49896e-05
19450 19.45 1.50129e-05 1.50283e-05
19451 19.451 1.50085e-05 1.50061e-05
19452 19.452 1.50019e-05 1.50082e-05
19453 19.453 1.50007e-05 1.49939e-05
19454 19.454 1.50097e-05 1.50225e-05
19455 19.455 1.49904e-05 1.49824e-05
19456 19.456 1.50166e-05 1.50277e-05
19457 19.457 1.49873e-05 1.49867e-05
19458 19.458 1.49927e-05 1.49986e-05
19459 19.459 1.4997e-05 1.49982e-05
19460 19.46 1.50152e-05 1.50233e-05
19461 19.461 1.49932e-05 1.49809e-05
19462 19.462 1.50094e-05 1.49975e-05
19463 19.463 1.50016e-05 1.49973e-05
19464 19.464 1.4994e-05 1.49904e-05
19465 19.465 1.49846e-05 1.49905e-05
19466 19.466 1.50004e-05 1.50094e-05
19467 19.467 1.49851e-05 1.50085e-05
19468 19.468 1.49987e-05 1.50123e-05
19469 19.469 1.49939e-05 1.49886e-05
19470 19.47 1.49706e-05 1.49765e-05
19471 19.471 1.50078e-05 1.50159e-05
19472 19.472 1.49687e-05 1.49716e-05
19473 19.473 1.49748e-05 1.49898e-05
19474 19.474 1.49947e-05 1.50027e-05
19475 19.475 1.49936e-05 1.49841e-05
19476 19.476 1.50069e-05 1.49815e-05
19477 19.477 1.50135e-05 1.5014e-05
19478 19.478 1.49978e-05 1.4986e-05
19479 19.479 1.499e-05 1.49845e-05
19480 19.48 1.50132e-05 1.50019e-05
19481 19.481 1.50131e-05 1.50144e-05
19482 19.482 1.49807e-05 1.49665e-05
19483 19.483 1.49951e-05 1.49864e-05
19484 19.484 1.50012e-05 1.50094e-05
19485 19.485 1.49913e-05 1.49656e-05
19486 19.486 1.50172e-05 1.50178e-05
19487 19.487 1.49944e-05 1.49911e-05
19488 19.488 1.49939e-05 1.49894e-05
19489 19.489 1.50061e-05 1.49854e-05
19490 19.49 1.50122e-05 1.50291e-05
19491 19.491 1.50023e-05 1.49855e-05
19492 19.492 1.49939e-05 1.49959e-05
19493 19.493 1.50069e-05 1.50216e-05
19494 19.494 1.50126e-05 1.50099e-05
19495 19.495 1.49975e-05 1.49852e-05
19496 19.496 1.50167e-05 1.50252e-05
19497 19.497 1.49946e-05 1.49932e-05
19498 19.498 1.49906e-05 1.49829e-05
19499 19.499 1.50155e-05 1.50236e-05
19500 19.5 1.5008e-05 1.50085e-05
19501 19.501 1.49962e-05 1.49999e-05
19502 19.502 1.49905e-05 1.49897e-05
19503 19.503 1.50179e-05 1.50157e-05
19504 19.504 1.50021e-05 1.50182e-05
19505 19.505 1.50099e-05 1.49915e-05
19506 19.506 1.50097e-05 1.50061e-05
19507 19.507 1.4994e-05 1.49778e-05
19508 19.508 1.50141e-05 1.50226e-05
19509 19.509 1.50103e-05 1.50315e-05
19510 19.51 1.49935e-05 1.50077e-05
19511 19.511 1.50216e-05 1.50465e-05
19512 19.512 1.50167e-05 1.50164e-05
19513 19.513 1.5009e-05 1.5019e-05
19514 19.514 1.5001e-05 1.4994e-05
19515 19.515 1.49883e-05 1.49893e-05
19516 19.516 1.50175e-05 1.50171e-05
19517 19.517 1.50077e-05 1.49872e-05
19518 19.518 1.50188e-05 1.50253e-05
19519 19.519 1.50164e-05 1.50186e-05
19520 19.52 1.50177e-05 1.50136e-05
19521 19.521 1.49999e-05 1.50132e-05
19522 19.522 1.49963e-05 1.49946e-05
19523 19.523 1.50049e-05 1.501e-05
19524 19.524 1.49717e-05 1.49882e-05
19525 19.525 1.5003e-05 1.50071e-05
19526 19.526 1.5017e-05 1.50107e-05
19527 19.527 1.49879e-05 1.49937e-05
19528 19.528 1.49941e-05 1.49941e-05
19529 19.529 1.49957e-05 1.49864e-05
19530 19.53 1.49903e-05 1.49722e-05
19531 19.531 1.50078e-05 1.50117e-05
19532 19.532 1.49998e-05 1.5021e-05
19533 19.533 1.50178e-05 1.50036e-05
19534 19.534 1.50133e-05 1.50112e-05
19535 19.535 1.499e-05 1.49877e-05
19536 19.536 1.50202e-05 1.50228e-05
19537 19.537 1.50061e-05 1.50157e-05
19538 19.538 1.50024e-05 1.49937e-05
19539 19.539 1.50217e-05 1.50165e-05
19540 19.54 1.50018e-05 1.50051e-05
19541 19.541 1.50142e-05 1.50215e-05
19542 19.542 1.50034e-05 1.49883e-05
19543 19.543 1.49984e-05 1.49984e-05
19544 19.544 1.49971e-05 1.49818e-05
19545 19.545 1.50101e-05 1.50081e-05
19546 19.546 1.50209e-05 1.50173e-05
19547 19.547 1.50109e-05 1.49986e-05
19548 19.548 1.49901e-05 1.49925e-05
19549 19.549 1.50025e-05 1.49888e-05
19550 19.55 1.50093e-05 1.50061e-05
19551 19.551 1.49962e-05 1.49904e-05
19552 19.552 1.49959e-05 1.50015e-05
19553 19.553 1.49724e-05 1.49643e-05
19554 19.554 1.50153e-05 1.50073e-05
19555 19.555 1.49851e-05 1.49791e-05
19556 19.556 1.50151e-05 1.50053e-05
19557 19.557 1.50138e-05 1.50118e-05
19558 19.558 1.50246e-05 1.50013e-05
19559 19.559 1.49893e-05 1.49823e-05
19560 19.56 1.50111e-05 1.49938e-05
19561 19.561 1.49944e-05 1.49811e-05
19562 19.562 1.50095e-05 1.49902e-05
19563 19.563 1.5008e-05 1.50209e-05
19564 19.564 1.50032e-05 1.49825e-05
19565 19.565 1.49651e-05 1.49597e-05
19566 19.566 1.49976e-05 1.49976e-05
19567 19.567 1.50072e-05 1.4996e-05
19568 19.568 1.49786e-05 1.49769e-05
19569 19.569 1.49819e-05 1.49845e-05
19570 19.57 1.49962e-05 1.49933e-05
19571 19.571 1.49985e-05 1.49988e-05
19572 19.572 1.50009e-05 1.49898e-05
19573 19.573 1.50189e-05 1.50129e-05
19574 19.574 1.49772e-05 1.4965e-05
19575 19.575 1.49933e-05 1.49945e-05
19576 19.576 1.49927e-05 1.49905e-05
19577 19.577 1.49968e-05 1.49813e-05
19578 19.578 1.50368e-05 1.50244e-05
19579 19.579 1.50062e-05 1.49954e-05
19580 19.58 1.50056e-05 1.50178e-05
19581 19.581 1.5013e-05 1.50092e-05
19582 19.582 1.50015e-05 1.499e-05
19583 19.583 1.50171e-05 1.50157e-05
19584 19.584 1.49953e-05 1.49883e-05
19585 19.585 1.49914e-05 1.49798e-05
19586 19.586 1.49974e-05 1.49927e-05
19587 19.587 1.49876e-05 1.49931e-05
19588 19.588 1.50261e-05 1.50215e-05
19589 19.589 1.50103e-05 1.50065e-05
19590 19.59 1.50147e-05 1.50215e-05
19591 19.591 1.50072e-05 1.5009e-05
19592 19.592 1.50045e-05 1.49948e-05
19593 19.593 1.50053e-05 1.5008e-05
19594 19.594 1.50155e-05 1.50231e-05
19595 19.595 1.49912e-05 1.49903e-05
19596 19.596 1.50038e-05 1.50039e-05
19597 19.597 1.50048e-05 1.50111e-05
19598 19.598 1.50194e-05 1.49948e-05
19599 19.599 1.50166e-05 1.50321e-05
19600 19.6 1.50032e-05 1.49948e-05
19601 19.601 1.49857e-05 1.49934e-05
19602 19.602 1.49902e-05 1.4971e-05
19603 19.603 1.50023e-05 1.50108e-05
19604 19.604 1.4998e-05 1.50029e-05
19605 19.605 1.49941e-05 1.50023e-05
19606 19.606 1.49946e-05 1.49753e-05
19607 19.607 1.49909e-05 1.49982e-05
19608 19.608 1.49958e-05 1.50093e-05
19609 19.609 1.49815e-05 1.49747e-05
19610 19.61 1.50021e-05 1.50023e-05
19611 19.611 1.49786e-05 1.49947e-05
19612 19.612 1.49869e-05 1.49896e-05
19613 19.613 1.5009e-05 1.50165e-05
19614 19.614 1.50024e-05 1.49973e-05
19615 19.615 1.50065e-05 1.49763e-05
19616 19.616 1.49909e-05 1.49909e-05
19617 19.617 1.49959e-05 1.50011e-05
19618 19.618 1.5016e-05 1.50227e-05
19619 19.619 1.50149e-05 1.50081e-05
19620 19.62 1.49865e-05 1.49821e-05
19621 19.621 1.49948e-05 1.5007e-05
19622 19.622 1.50018e-05 1.49938e-05
19623 19.623 1.50043e-05 1.50081e-05
19624 19.624 1.50059e-05 1.4981e-05
19625 19.625 1.50338e-05 1.50335e-05
19626 19.626 1.50063e-05 1.5025e-05
19627 19.627 1.50205e-05 1.50246e-05
19628 19.628 1.50155e-05 1.50046e-05
19629 19.629 1.49959e-05 1.49737e-05
19630 19.63 1.50132e-05 1.50087e-05
19631 19.631 1.50106e-05 1.5017e-05
19632 19.632 1.49941e-05 1.50132e-05
19633 19.633 1.50128e-05 1.49937e-05
19634 19.634 1.50032e-05 1.49985e-05
19635 19.635 1.50094e-05 1.50045e-05
19636 19.636 1.49927e-05 1.4982e-05
19637 19.637 1.5006e-05 1.50027e-05
19638 19.638 1.49998e-05 1.49965e-05
19639 19.639 1.49925e-05 1.49873e-05
19640 19.64 1.49806e-05 1.49802e-05
19641 19.641 1.50072e-05 1.50061e-05
19642 19.642 1.49957e-05 1.49996e-05
19643 19.643 1.49962e-05 1.50039e-05
19644 19.644 1.50091e-05 1.50086e-05
19645 19.645 1.50125e-05 1.50163e-05
19646 19.646 1.49862e-05 1.4977e-05
19647 19.647 1.50094e-05 1.50103e-05
19648 19.648 1.50236e-05 1.50021e-05
19649 19.649 1.4987e-05 1.49895e-05
19650 19.65 1.50039e-05 1.50131e-05
19651 19.651 1.5002e-05 1.49906e-05
19652 19.652 1.50021e-05 1.49933e-05
19653 19.653 1.50187e-05 1.50033e-05
19654 19.654 1.49913e-05 1.49965e-05
19655 19.655 1.49936e-05 1.49882e-05
19656 19.656 1.49945e-05 1.49928e-05
19657 19.657 1.50107e-05 1.50022e-05
19658 19.658 1.49913e-05 1.49817e-05
19659 19.659 1.50105e-05 1.50031e-05
19660 19.66 1.50084e-05 1.50142e-05
19661 19.661 1.49988e-05 1.50065e-05
19662 19.662 1.50146e-05 1.50171e-05
19663 19.663 1.50104e-05 1.50058e-05
19664 19.664 1.50036e-05 1.49913e-05
19665 19.665 1.50096e-05 1.4991e-05
19666 19.666 1.49945e-05 1.50056e-05
19667 19.667 1.50081e-05 1.49838e-05
19668 19.668 1.49856e-05 1.49909e-05
19669 19.669 1.50016e-05 1.49984e-05
19670 19.67 1.49925e-05 1.4986e-05
19671 19.671 1.49947e-05 1.49954e-05
19672 19.672 1.50212e-05 1.50205e-05
19673 19.673 1.50236e-05 1.50137e-05
19674 19.674 1.50001e-05 1.50023e-05
19675 19.675 1.49957e-05 1.4993e-05
19676 19.676 1.50012e-05 1.49888e-05
19677 19.677 1.50123e-05 1.49957e-05
19678 19.678 1.49928e-05 1.49794e-05
19679 19.679 1.49992e-05 1.49863e-05
19680 19.68 1.50179e-05 1.50105e-05
19681 19.681 1.50024e-05 1.49809e-05
19682 19.682 1.50184e-05 1.50195e-05
19683 19.683 1.50118e-05 1.49998e-05
19684 19.684 1.49987e-05 1.4986e-05
19685 19.685 1.49951e-05 1.5001e-05
19686 19.686 1.50146e-05 1.50083e-05
19687 19.687 1.49877e-05 1.50003e-05
19688 19.688 1.5012e-05 1.5028e-05
19689 19.689 1.49907e-05 1.49801e-05
19690 19.69 1.50063e-05 1.50095e-05
19691 19.691 1.5013e-05 1.50151e-05
19692 19.692 1.50007e-05 1.49977e-05
19693 19.693 1.49984e-05 1.50053e-05
19694 19.694 1.50083e-05 1.50022e-05
19695 19.695 1.50106e-05 1.50086e-05
19696 19.696 1.5009e-05 1.50139e-05
19697 19.697 1.498e-05 1.49844e-05
19698 19.698 1.50105e-05 1.5004e-05
19699 19.699 1.50066e-05 1.49973e-05
19700 19.7 1.50109e-05 1.49919e-05
19701 19.701 1.49934e-05 1.49885e-05
19702 19.702 1.49929e-05 1.49842e-05
19703 19.703 1.50225e-05 1.50156e-05
19704 19.704 1.50054e-05 1.50005e-05
19705 19.705 1.5037e-05 1.50397e-05
19706 19.706 1.50098e-05 1.5019e-05
19707 19.707 1.5023e-05 1.50226e-05
19708 19.708 1.50092e-05 1.5014e-05
19709 19.709 1.50145e-05 1.50235e-05
19710 19.71 1.50133e-05 1.50171e-05
19711 19.711 1.49955e-05 1.50008e-05
19712 19.712 1.50145e-05 1.50149e-05
19713 19.713 1.50139e-05 1.50096e-05
19714 19.714 1.5009e-05 1.50372e-05
19715 19.715 1.49849e-05 1.49667e-05
19716 19.716 1.49989e-05 1.50124e-05
19717 19.717 1.50051e-05 1.50015e-05
19718 19.718 1.49934e-05 1.49942e-05
19719 19.719 1.49972e-05 1.49985e-05
19720 19.72 1.50064e-05 1.50163e-05
19721 19.721 1.49861e-05 1.49796e-05
19722 19.722 1.50124e-05 1.50043e-05
19723 19.723 1.50139e-05 1.50027e-05
19724 19.724 1.50157e-05 1.5014e-05
19725 19.725 1.50202e-05 1.50014e-05
19726 19.726 1.50171e-05 1.50169e-05
19727 19.727 1.50089e-05 1.49913e-05
19728 19.728 1.4984e-05 1.49664e-05
19729 19.729 1.50007e-05 1.49994e-05
19730 19.73 1.50005e-05 1.49904e-05
19731 19.731 1.50252e-05 1.50192e-05
19732 19.732 1.50102e-05 1.50027e-05
19733 19.733 1.50238e-05 1.50247e-05
19734 19.734 1.50141e-05 1.50087e-05
19735 19.735 1.50071e-05 1.5007e-05
19736 19.736 1.50132e-05 1.50065e-05
19737 19.737 1.50322e-05 1.50144e-05
19738 19.738 1.50093e-05 1.49801e-05
19739 19.739 1.49936e-05 1.49955e-05
19740 19.74 1.49938e-05 1.49924e-05
19741 19.741 1.50088e-05 1.5018e-05
19742 19.742 1.50059e-05 1.5016e-05
19743 19.743 1.50135e-05 1.50009e-05
19744 19.744 1.50046e-05 1.4992e-05
19745 19.745 1.50145e-05 1.50049e-05
19746 19.746 1.50021e-05 1.4989e-05
19747 19.747 1.50125e-05 1.49976e-05
19748 19.748 1.50253e-05 1.50153e-05
19749 19.749 1.50027e-05 1.50067e-05
19750 19.75 1.50092e-05 1.49974e-05
19751 19.751 1.49881e-05 1.49871e-05
19752 19.752 1.49946e-05 1.49967e-05
19753 19.753 1.50023e-05 1.5015e-05
19754 19.754 1.49982e-05 1.50032e-05
19755 19.755 1.49962e-05 1.49779e-05
19756 19.756 1.49976e-05 1.497e-05
19757 19.757 1.49917e-05 1.49911e-05
19758 19.758 1.50062e-05 1.50209e-05
19759 19.759 1.50171e-05 1.50226e-05
19760 19.76 1.50124e-05 1.50153e-05
19761 19.761 1.49923e-05 1.49915e-05
19762 19.762 1.50071e-05 1.50219e-05
19763 19.763 1.49763e-05 1.49838e-05
19764 19.764 1.49992e-05 1.49813e-05
19765 19.765 1.49975e-05 1.49912e-05
19766 19.766 1.49924e-05 1.49946e-05
19767 19.767 1.5011e-05 1.50251e-05
19768 19.768 1.50014e-05 1.49904e-05
19769 19.769 1.50106e-05 1.4998e-05
19770 19.77 1.50016e-05 1.50076e-05
19771 19.771 1.49848e-05 1.4972e-05
19772 19.772 1.49975e-05 1.49953e-05
19773 19.773 1.50143e-05 1.5009e-05
19774 19.774 1.50205e-05 1.50152e-05
19775 19.775 1.50057e-05 1.50003e-05
19776 19.776 1.49761e-05 1.49603e-05
19777 19.777 1.50004e-05 1.50042e-05
19778 19.778 1.49696e-05 1.49648e-05
19779 19.779 1.49924e-05 1.49893e-05
19780 19.78 1.50117e-05 1.50336e-05
19781 19.781 1.49969e-05 1.50038e-05
19782 19.782 1.50133e-05 1.50174e-05
19783 19.783 1.49763e-05 1.49846e-05
19784 19.784 1.50018e-05 1.50048e-05
19785 19.785 1.4999e-05 1.49922e-05
19786 19.786 1.50022e-05 1.5002e-05
19787 19.787 1.50119e-05 1.5013e-05
19788 19.788 1.5007e-05 1.50086e-05
19789 19.789 1.50017e-05 1.50096e-05
19790 19.79 1.5016e-05 1.50158e-05
19791 19.791 1.50018e-05 1.50013e-05
19792 19.792 1.5009e-05 1.50128e-05
19793 19.793 1.50128e-05 1.50176e-05
19794 19.794 1.49948e-05 1.50021e-05
19795 19.795 1.50087e-05 1.50284e-05
19796 19.796 1.50017e-05 1.50002e-05
19797 19.797 1.50066e-05 1.50001e-05
19798 19.798 1.49992e-05 1.50225e-05
19799 19.799 1.50021e-05 1.50096e-05
19800 19.8 1.502e-05 1.49983e-05
19801 19.801 1.50055e-05 1.50068e-05
19802 19.802 1.50128e-05 1.49888e-05
19803 19.803 1.49864e-05 1.49994e-05
19804 19.804 1.50048e-05 1.50221e-05
19805 19.805 1.5024e-05 1.50145e-05
19806 19.806 1.49866e-05 1.49831e-05
19807 19.807 1.50014e-05 1.50019e-05
19808 19.808 1.49875e-05 1.50001e-05
19809 19.809 1.50039e-05 1.50034e-05
19810 19.81 1.49868e-05 1.49913e-05
19811 19.811 1.50106e-05 1.50139e-05
19812 19.812 1.50159e-05 1.50191e-05
19813 19.813 1.50025e-05 1.50108e-05
19814 19.814 1.4988e-05 1.49969e-05
19815 19.815 1.49961e-05 1.49863e-05
19816 19.816 1.50159e-05 1.50256e-05
19817 19.817 1.50113e-05 1.5008e-05
19818 19.818 1.49969e-05 1.50269e-05
19819 19.819 1.50105e-05 1.50214e-05
19820 19.82 1.50044e-05 1.50084e-05
19821 19.821 1.50013e-05 1.49945e-05
19822 19.822 1.50145e-05 1.5011e-05
19823 19.823 1.50244e-05 1.50233e-05
19824 19.824 1.50376e-05 1.50249e-05
19825 19.825 1.50164e-05 1.50073e-05
19826 19.826 1.50132e-05 1.50068e-05
19827 19.827 1.4989e-05 1.49991e-05
19828 19.828 1.5017e-05 1.50229e-05
19829 19.829 1.49999e-05 1.49898e-05
19830 19.83 1.50027e-05 1.50214e-05
19831 19.831 1.49929e-05 1.49989e-05
19832 19.832 1.50074e-05 1.50286e-05
19833 19.833 1.50083e-05 1.50021e-05
19834 19.834 1.49881e-05 1.49827e-05
19835 19.835 1.50099e-05 1.50076e-05
19836 19.836 1.50043e-05 1.50037e-05
19837 19.837 1.49973e-05 1.50102e-05
19838 19.838 1.50023e-05 1.49832e-05
19839 19.839 1.49943e-05 1.49853e-05
19840 19.84 1.49909e-05 1.49948e-05
19841 19.841 1.49923e-05 1.50142e-05
19842 19.842 1.50047e-05 1.50023e-05
19843 19.843 1.50159e-05 1.50065e-05
19844 19.844 1.49917e-05 1.49751e-05
19845 19.845 1.50011e-05 1.50097e-05
19846 19.846 1.49982e-05 1.49916e-05
19847 19.847 1.50254e-05 1.50255e-05
19848 19.848 1.49882e-05 1.49814e-05
19849 19.849 1.50226e-05 1.50277e-05
19850 19.85 1.50127e-05 1.50291e-05
19851 19.851 1.50089e-05 1.50223e-05
19852 19.852 1.5009e-05 1.50052e-05
19853 19.853 1.50005e-05 1.50067e-05
19854 19.854 1.49917e-05 1.49916e-05
19855 19.855 1.50046e-05 1.5003e-05
19856 19.856 1.4998e-05 1.4982e-05
19857 19.857 1.49897e-05 1.49909e-05
19858 19.858 1.49978e-05 1.50003e-05
19859 19.859 1.49926e-05 1.49858e-05
19860 19.86 1.50027e-05 1.50264e-05
19861 19.861 1.50074e-05 1.50223e-05
19862 19.862 1.49989e-05 1.49926e-05
19863 19.863 1.50239e-05 1.50381e-05
19864 19.864 1.49931e-05 1.49907e-05
19865 19.865 1.50042e-05 1.50107e-05
19866 19.866 1.49947e-05 1.4995e-05
19867 19.867 1.499e-05 1.50057e-05
19868 19.868 1.50099e-05 1.50078e-05
19869 19.869 1.50134e-05 1.50206e-05
19870 19.87 1.49816e-05 1.49925e-05
19871 19.871 1.49888e-05 1.49661e-05
19872 19.872 1.50071e-05 1.49939e-05
19873 19.873 1.49922e-05 1.49847e-05
19874 19.874 1.50092e-05 1.50057e-05
19875 19.875 1.49936e-05 1.50044e-05
19876 19.876 1.49947e-05 1.49846e-05
19877 19.877 1.49883e-05 1.49738e-05
19878 19.878 1.50121e-05 1.50197e-05
19879 19.879 1.50054e-05 1.50144e-05
19880 19.88 1.50111e-05 1.50036e-05
19881 19.881 1.50013e-05 1.50019e-05
19882 19.882 1.49838e-05 1.49732e-05
19883 19.883 1.50083e-05 1.49999e-05
19884 19.884 1.499e-05 1.4995e-05
19885 19.885 1.49966e-05 1.4999e-05
19886 19.886 1.49891e-05 1.49829e-05
19887 19.887 1.50021e-05 1.49997e-05
19888 19.888 1.50185e-05 1.5003e-05
19889 19.889 1.50055e-05 1.50078e-05
19890 19.89 1.50018e-05 1.50074e-05
19891 19.891 1.5006e-05 1.50131e-05
19892 19.892 1.50053e-05 1.50142e-05
19893 19.893 1.50196e-05 1.50101e-05
19894 19.894 1.49877e-05 1.49995e-05
19895 19.895 1.49998e-05 1.4998e-05
19896 19.896 1.50125e-05 1.50129e-05
19897 19.897 1.50056e-05 1.49867e-05
19898 19.898 1.50146e-05 1.50062e-05
19899 19.899 1.50094e-05 1.50059e-05
19900 19.9 1.49849e-05 1.49887e-05
19901 19.901 1.49908e-05 1.49965e-05
19902 19.902 1.49952e-05 1.49955e-05
19903 19.903 1.50109e-05 1.50153e-05
19904 19.904 1.50136e-05 1.5026e-05
19905 19.905 1.49865e-05 1.49715e-05
19906 19.906 1.50081e-05 1.50097e-05
19907 19.907 1.50075e-05 1.50092e-05
19908 19.908 1.49915e-05 1.49909e-05
19909 19.909 1.50067e-05 1.49894e-05
19910 19.91 1.49858e-05 1.49816e-05
19911 19.911 1.50089e-05 1.50107e-05
19912 19.912 1.49991e-05 1.50043e-05
19913 19.913 1.49826e-05 1.49842e-05
19914 19.914 1.5022e-05 1.50387e-05
19915 19.915 1.5003e-05 1.49961e-05
19916 19.916 1.49999e-05 1.50173e-05
19917 19.917 1.4987e-05 1.49747e-05
19918 19.918 1.49933e-05 1.49968e-05
19919 19.919 1.50062e-05 1.50129e-05
19920 19.92 1.49992e-05 1.50125e-05
19921 19.921 1.49851e-05 1.49635e-05
19922 19.922 1.49876e-05 1.4967e-05
19923 19.923 1.49985e-05 1.49948e-05
19924 19.924 1.50106e-05 1.50148e-05
19925 19.925 1.50135e-05 1.50073e-05
19926 19.926 1.49958e-05 1.4999e-05
19927 19.927 1.49945e-05 1.49791e-05
19928 19.928 1.49988e-05 1.5007e-05
19929 19.929 1.50015e-05 1.50061e-05
19930 19.93 1.50255e-05 1.50342e-05
19931 19.931 1.50029e-05 1.50195e-05
19932 19.932 1.49853e-05 1.49846e-05
19933 19.933 1.50181e-05 1.50187e-05
19934 19.934 1.49896e-05 1.4986e-05
19935 19.935 1.49856e-05 1.49528e-05
19936 19.936 1.50036e-05 1.49999e-05
19937 19.937 1.49757e-05 1.49864e-05
19938 19.938 1.49907e-05 1.49752e-05
19939 19.939 1.50269e-05 1.50259e-05
19940 19.94 1.49831e-05 1.49862e-05
19941 19.941 1.50098e-05 1.50202e-05
19942 19.942 1.50259e-05 1.50226e-05
19943 19.943 1.50084e-05 1.50082e-05
19944 19.944 1.5001e-05 1.50039e-05
19945 19.945 1.49964e-05 1.50121e-05
19946 19.946 1.50041e-05 1.5016e-05
19947 19.947 1.50006e-05 1.49972e-05
19948 19.948 1.50104e-05 1.49998e-05
19949 19.949 1.4978e-05 1.49912e-05
19950 19.95 1.50026e-05 1.50049e-05
19951 19.951 1.50068e-05 1.50059e-05
19952 19.952 1.50065e-05 1.50141e-05
19953 19.953 1.50045e-05 1.50188e-05
19954 19.954 1.50104e-05 1.50259e-05
19955 19.955 1.49828e-05 1.49913e-05
19956 19.956 1.49913e-05 1.49875e-05
19957 19.957 1.50032e-05 1.50177e-05
19958 19.958 1.50237e-05 1.50214e-05
19959 19.959 1.50085e-05 1.50174e-05
19960 19.96 1.49988e-05 1.5008e-05
19961 19.961 1.49787e-05 1.4992e-05
19962 19.962 1.50007e-05 1.50058e-05
19963 19.963 1.49959e-05 1.49893e-05
19964 19.964 1.49938e-05 1.49903e-05
19965 19.965 1.50087e-05 1.50231e-05
19966 19.966 1.50065e-05 1.50028e-05
19967 19.967 1.50037e-05 1.49926e-05
19968 19.968 1.49825e-05 1.49754e-05
19969 19.969 1.49778e-05 1.49901e-05
19970 19.97 1.50086e-05 1.49916e-05
19971 19.971 1.50174e-05 1.50276e-05
19972 19.972 1.50067e-05 1.5011e-05
19973 19.973 1.50037e-05 1.49811e-05
19974 19.974 1.50076e-05 1.50188e-05
19975 19.975 1.50012e-05 1.50026e-05
19976 19.976 1.49807e-05 1.49699e-05
19977 19.977 1.50152e-05 1.5021e-05
19978 19.978 1.50254e-05 1.50217e-05
19979 19.979 1.50093e-05 1.50095e-05
19980 19.98 1.50085e-05 1.49977e-05
19981 19.981 1.50139e-05 1.5e-05
19982 19.982 1.49979e-05 1.49738e-05
19983 19.983 1.50349e-05 1.50328e-05
19984 19.984 1.50006e-05 1.50053e-05
19985 19.985 1.49908e-05 1.4977e-05
19986 19.986 1.49992e-05 1.50159e-05
19987 19.987 1.50022e-05 1.50243e-05
19988 19.988 1.50125e-05 1.49992e-05
19989 19.989 1.50165e-05 1.50199e-05
19990 19.99 1.50048e-05 1.49963e-05
19991 19.991 1.50107e-05 1.50063e-05
19992 19.992 1.49949e-05 1.49791e-05
19993 19.993 1.50043e-05 1.49995e-05
19994 19.994 1.5005e-05 1.4992e-05
19995 19.995 1.50187e-05 1.5015e-05
19996 19.996 1.50203e-05 1.50218e-05
19997 19.997 1.50132e-05 1.50059e-05
19998 19.998 1.50208e-05 1.49949e-05
19999 19.999 1.50333e-05 1.5032e-05
20000 20 1.50148e-05 1.502e-05
